aar,variant,trades,TP,BE,SL,R,maxDD
2023,base,53,9,24,20,27.8,-10.08
2023,base_px,48,9,17,22,28.07,-17.31
2023,needbe,51,8,24,19,23.65,-9.08
2023,s_px20,52,9,21,22,27.87,-13.01
2023,s_px25_tp60,48,9,17,22,17.16,-17.31
2023,s_px30,40,8,12,20,19.04,-17.48
2023,s_sl25,53,9,24,20,27.8,-10.08
2023,s_tp25_60,53,10,23,20,27.05,-10.08
2023,s_tp50,53,11,22,20,29.12,-10.08
2023,s_tp60,53,9,24,20,23.67,-10.08
2023,s_vol,40,9,11,20,15.99,-17.91
2023,s_vol_tp60,40,10,10,20,15.99,-17.91
2023,v_px20,43,3,14,26,-17.2,-23.52
2023,v_px25_tp60,40,4,9,27,-21.1,-27.22
2023,v_px30,33,3,8,22,-13.6,-21.1
2023,v_sl25,44,4,16,24,-5.2,-11.66
2023,v_tp25_60,45,4,17,24,-7.58,-11.76
2023,v_tp50,45,4,17,24,-10.36,-14.26
2023,v_tp60,45,4,17,24,-7.58,-11.76
2023,v_vol,33,3,7,23,-20.17,-24.07
2023,v_vol_tp60,33,4,6,23,-17.17,-21.07
2023,vrg6,45,4,17,24,-5.2,-11.66
2023,vrg6_px,40,3,10,27,-23.69,-30.1
2024,base,91,2,39,50,-68.15,-68.15
2024,base_px,83,3,36,44,-61.24,-61.24
2024,needbe,90,2,39,49,-66.5,-66.5
2024,s_px20,90,3,38,49,-64.98,-64.98
2024,s_px25_tp60,83,6,35,42,-39.52,-45.68
2024,s_px30,75,9,29,37,-22.8,-34.07
2024,s_sl25,85,1,38,46,-61.42,-61.42
2024,s_tp25_60,91,5,36,50,-59.3,-59.47
2024,s_tp50,91,4,38,49,-56.5,-56.5
2024,s_tp60,91,2,39,50,-68.15,-68.15
2024,s_vol,75,8,28,39,-31.36,-48.61
2024,s_vol_tp60,75,8,28,39,-34.36,-48.61
2024,v_px20,88,10,28,49,-18.13,-34.61
2024,v_px25_tp60,80,11,24,44,-11.43,-25.23
2024,v_px30,75,11,23,41,-6.49,-16.15
2024,v_sl25,82,9,26,45,-11.27,-22.73
2024,v_tp25_60,88,10,28,49,-27.27,-37.72
2024,v_tp50,88,10,27,49,-23.62,-32.0
2024,v_tp60,88,9,28,49,-24.52,-35.0
2024,v_vol,73,10,23,40,-6.25,-20.04
2024,v_vol_tp60,73,11,23,39,-4.07,-23.07
2024,vrg6,88,9,28,49,-21.89,-33.35
2024,vrg6_px,80,9,26,44,-19.22,-32.61
2025,base,92,22,24,46,62.65,-9.49
2025,base_px,85,20,22,43,57.91,-11.15
2025,needbe,87,20,24,43,60.6,-9.49
2025,s_px20,92,18,29,45,45.81,-8.1
2025,s_px25_tp60,85,21,21,43,48.19,-12.65
2025,s_px30,80,19,18,43,46.85,-18.49
2025,s_sl25,85,19,21,45,48.93,-9.49
2025,s_tp25_60,92,23,23,46,32.24,-9.49
2025,s_tp50,92,24,23,45,47.63,-9.49
2025,s_tp60,92,22,24,46,48.75,-9.49
2025,s_vol,85,20,20,45,45.89,-11.25
2025,s_vol_tp60,85,20,20,45,32.45,-12.64
2025,v_px20,120,15,45,58,5.94,-17.92
2025,v_px25_tp60,114,17,35,60,-9.36,-21.64
2025,v_px30,108,17,31,58,0.37,-22.37
2025,v_sl25,116,15,39,60,-2.12,-18.33
2025,v_tp25_60,120,21,37,60,10.36,-18.33
2025,v_tp50,120,21,39,58,12.7,-15.76
2025,v_tp60,120,18,40,60,7.87,-18.33
2025,v_vol,115,14,37,63,-24.06,-28.7
2025,v_vol_tp60,115,17,35,62,-11.63,-27.11
2025,vrg6,120,17,41,60,12.88,-18.33
2025,vrg6_px,114,15,36,61,-14.59,-22.73
2026,base,46,13,11,22,47.37,-6.72
2026,base_px,52,14,11,26,47.93,-14.32
2026,needbe,41,12,11,18,46.75,-6.62
2026,s_px20,58,11,17,29,27.77,-15.5
2026,s_px25_tp60,52,15,11,26,38.12,-14.32
2026,s_px30,41,11,9,21,36.55,-8.97
2026,s_sl25,36,10,7,19,39.2,-8.44
2026,s_tp25_60,46,14,10,22,30.71,-6.72
2026,s_tp50,46,14,10,22,30.02,-6.72
2026,s_tp60,46,13,11,22,34.07,-6.72
2026,s_vol,50,11,14,24,33.13,-14.65
2026,s_vol_tp60,50,12,14,24,28.68,-11.01
2026,v_px20,74,13,18,43,7.14,-20.35
2026,v_px25_tp60,63,15,13,35,22.79,-17.39
2026,v_px30,51,12,10,29,31.95,-16.86
2026,v_sl25,44,10,7,27,25.6,-8.32
2026,v_tp25_60,60,16,11,33,27.6,-16.34
2026,v_tp50,60,16,11,33,18.0,-16.34
2026,v_tp60,60,15,12,33,25.0,-16.34
2026,v_vol,64,14,14,36,24.96,-11.72
2026,v_vol_tp60,64,14,14,36,14.19,-11.72
2026,vrg6,60,14,12,34,32.9,-16.34
2026,vrg6_px,63,14,13,36,29.83,-17.39
