day,sym,dir,sweep_t,sweep,s2,T2,s3,T3,s4,entry_t,entry,sl,tp,tp_name,result,exit,exit_t,risk,R
2024-03-01,ES,SHORT,16:00,ES:London + NQ:London,5m IFVG 16:55 (5124.5),2024-03-01 17:15:00+01:00,1m BOS 17:16 (5127.5),2024-03-01 17:21:00+01:00,1m IFVG 17:19 (5127.0),17:26,5125.25,5130.25,5099.0,NY PRE low,SL,5130.25,18:19,5.0,-1.0
2024-03-04,ES,LONG,15:30,NQ:London + NQ:NY PRE,5m BOS 14:35 (5138.75),2024-03-04 15:45:00+01:00,1m BOS 15:43 (5138.5),2024-03-04 15:51:00+01:00,1m IFVG 16:13 (5138.5),16:18,5139.25,5136.0,5145.0,London high,TP,5145.0,18:21,3.25,1.7692307692307692
2024-03-04,NQ,LONG,15:30,NQ:London + NQ:NY PRE,5m BOS 16:10 (18312.0),2024-03-04 16:40:00+01:00,1m BOS 16:49 (18322.25),2024-03-04 16:53:00+01:00,1m IFVG 16:52 (18319.25),16:57,18320.0,18280.5,18351.0,NY PRE high,SL,18280.5,19:24,39.5,-1.0
2024-03-06,ES,SHORT,15:30,ES:NY PRE + NQ:NY PRE,5m BOS 15:00 (5114.75),2024-03-06 15:40:00+01:00,1m IFVG 15:36 (5113.75),2024-03-06 15:41:00+01:00,1m BOS 15:47 (5112.0),15:51,5111.75,5122.25,5106.0,NY PRE low,TP,5106.0,16:04,10.5,0.5476190476190477
2024-03-06,ES,LONG,16:07,NQ:London,5m BOS 16:20 (5111.5),2024-03-06 16:35:00+01:00,1m IFVG 16:33 (5110.5),2024-03-06 16:37:00+01:00,1m BOS 16:43 (5112.0),16:47,5112.75,5103.75,,,INGEN TP,,,,
2024-03-06,NQ,SHORT,14:02,NQ:London,5m IFVG 14:10 (18081.25),2024-03-06 14:30:00+01:00,1m IFVG 14:31 (18073.75),2024-03-06 14:36:00+01:00,1m BOS 14:38 (18069.75),14:46,18067.0,18095.0,17969.5,London low,SL,18095.0,14:56,28.0,-1.0
2024-03-06,NQ,SHORT,15:30,ES:NY PRE + NQ:NY PRE,5m BOS 15:10 (18083.25),2024-03-06 15:50:00+01:00,1m IFVG 16:05 (17986.0),2024-03-06 16:09:00+01:00,1m IFVG 16:15 (18020.5),16:20,18013.25,18114.75,17943.25,Asia low,SL,18114.75,17:51,101.5,-1.0
2024-03-06,NQ,LONG,16:07,NQ:London,5m BOS 16:20 (18034.75),2024-03-06 16:35:00+01:00,1m IFVG 16:32 (18025.5),2024-03-06 16:37:00+01:00,1m BOS 16:43 (18035.0),16:46,18035.5,17994.25,,,INGEN TP,,,,
2024-03-07,ES,SHORT,15:30,ES:NY PRE + NQ:NY PRE,5m IFVG 16:35 (5154.5),2024-03-07 16:55:00+01:00,1m IFVG 17:09 (5154.25),2024-03-07 17:14:00+01:00,1m IFVG 17:03 (5153.0),17:15,5152.75,5160.25,5120.75,NY PRE low,SL,5160.25,18:18,7.5,-1.0
2024-03-07,NQ,SHORT,15:30,ES:NY PRE + NQ:NY PRE,5m BOS 15:25 (18165.25),2024-03-07 15:45:00+01:00,1m IFVG 15:44 (18162.0),2024-03-07 15:51:00+01:00,1m BOS 15:55 (18190.25),15:58,18184.5,18225.75,18105.25,NY PRE low,SL,18225.75,16:15,41.25,-1.0
2024-03-08,ES,LONG,14:30,ES:London + NQ:London,5m BOS 11:40 (5167.75),2024-03-08 14:40:00+01:00,1m IFVG 14:50 (5173.75),2024-03-08 14:58:00+01:00,1m BOS 14:58 (5176.5),15:02,5177.25,5141.5,,,INGEN TP,,,,
2024-03-08,ES,SHORT,14:31,ES:London + NQ:London,5m BOS 14:55 (5171.25),2024-03-08 15:20:00+01:00,1m BOS 15:23 (5169.5),2024-03-08 15:27:00+01:00,1m BOS 15:24 (5166.75),15:29,5164.75,5179.0,,,INGEN TP,,,,
2024-03-08,ES,SHORT,15:55,NQ:NY PRE,5m BOS 16:20 (5185.75),2024-03-08 16:40:00+01:00,1m BOS 16:38 (5185.5),2024-03-08 16:42:00+01:00,1m IFVG 16:40 (5184.75),16:46,5181.25,5192.0,5141.5,NY PRE low,TP,5141.5,18:53,10.75,3.697674418604651
2024-03-08,NQ,LONG,14:30,ES:London + NQ:London,5m BOS 11:40 (18327.5),2024-03-08 14:40:00+01:00,1m IFVG 14:44 (18354.25),2024-03-08 14:50:00+01:00,1m IFVG 14:47 (18359.25),14:53,18363.25,18211.0,,,INGEN TP,,,,
2024-03-08,NQ,SHORT,14:31,ES:London + NQ:London,5m BOS 14:50 (18338.25),2024-03-08 15:15:00+01:00,1m IFVG 15:14 (18335.0),2024-03-08 15:27:00+01:00,1m BOS 15:24 (18320.5),15:29,18318.75,18375.25,,,INGEN TP,,,,
2024-03-08,NQ,SHORT,15:55,NQ:NY PRE,5m BOS 16:20 (18399.25),2024-03-08 16:40:00+01:00,1m IFVG 16:44 (18380.5),2024-03-08 16:56:00+01:00,1m BOS 16:56 (18373.5),17:01,18364.5,18436.5,18211.0,NY PRE low,TP,18211.0,17:28,72.0,2.1319444444444446
2024-03-08,NQ,LONG,17:28,NQ:NY PRE,5m IFVG 17:20 (18224.25),2024-03-08 17:40:00+01:00,1m BOS 17:43 (18205.0),2024-03-08 17:46:00+01:00,1m IFVG 17:46 (18186.0),17:51,18198.25,18149.25,,,INGEN TP,,,,
2024-03-11,ES,LONG,13:10,ES:London + NQ:London,5m BOS 13:20 (5171.75),2024-03-11 13:35:00+01:00,1m BOS 13:33 (5170.0),2024-03-11 13:38:00+01:00,1m BOS 13:49 (5168.75),13:52,5170.5,5166.0,5191.5,London high,SL,5166.0,15:01,4.5,-1.0
2024-03-11,NQ,LONG,13:10,ES:London + NQ:London,5m BOS 13:30 (18206.75),2024-03-11 14:10:00+01:00,1m BOS 14:20 (18229.5),2024-03-11 14:25:00+01:00,1m BOS 14:28 (18225.75),14:31,18233.25,18171.0,18238.5,NY PRE high,SL,18171.0,14:32,62.25,-1.0
2024-03-11,NQ,SHORT,14:40,NQ:NY PRE,5m BOS 14:30 (18155.0),2024-03-11 15:00:00+01:00,1m BOS 15:06 (18167.0),2024-03-11 15:09:00+01:00,1m IFVG 15:07 (18161.25),15:12,18148.5,18248.5,,,INGEN TP,,,,
2024-03-11,NQ,LONG,15:01,ES:NY PRE,5m BOS 15:05 (18178.25),2024-03-11 15:20:00+01:00,1m IFVG 15:17 (18175.75),2024-03-11 15:21:00+01:00,1m IFVG 15:20 (18168.75),15:30,18175.0,18140.5,18304.0,London high,EOD,18216.25,21:00,34.5,1.1956521739130435
2024-03-12,ES,LONG,13:30,ES:London + NQ:London,5m BOS 09:05 (5208.75),2024-03-12 13:40:00+01:00,1m BOS 13:43 (5213.0),2024-03-12 13:53:00+01:00,1m IFVG 14:10 (5201.0),14:15,5202.25,5176.25,,,INGEN TP,,,,
2024-03-12,ES,SHORT,13:36,NQ:London,5m IFVG 13:30 (5207.75),2024-03-12 14:00:00+01:00,1m IFVG 14:10 (5201.0),2024-03-12 14:15:00+01:00,1m BOS 14:16 (5198.0),14:20,5197.5,5221.0,,,INGEN TP,,,,
2024-03-12,ES,LONG,14:44,NQ:NY PRE,5m IFVG 14:25 (5202.0),2024-03-12 15:00:00+01:00,1m BOS 15:01 (5204.5),2024-03-12 15:04:00+01:00,1m BOS 15:00 (5208.0),15:07,5208.5,5180.0,5221.0,NY PRE high,TP,5221.0,15:26,28.5,0.43859649122807015
2024-03-12,NQ,LONG,13:30,ES:London + NQ:London,5m BOS 06:55 (18341.5),2024-03-12 13:40:00+01:00,1m BOS 13:50 (18351.5),2024-03-12 13:53:00+01:00,1m IFVG 13:54 (18326.5),13:58,18335.5,18204.0,,,INGEN TP,,,,
2024-03-12,NQ,SHORT,13:36,NQ:London,5m IFVG 13:25 (18302.5),2024-03-12 14:10:00+01:00,1m IFVG 14:18 (18289.5),2024-03-12 14:23:00+01:00,1m IFVG 14:28 (18309.5),14:34,18302.75,18381.0,18204.0,NY PRE low,TP,18204.0,14:44,78.25,1.2619808306709266
2024-03-12,NQ,LONG,14:44,NQ:NY PRE,5m IFVG 14:35 (18222.0),2024-03-12 14:55:00+01:00,1m BOS 15:01 (18284.5),2024-03-12 15:04:00+01:00,1m BOS 15:00 (18304.75),15:07,18322.5,18174.0,18381.0,NY PRE high,TP,18381.0,15:30,148.5,0.3939393939393939
2024-03-12,NQ,SHORT,15:30,NQ:NY PRE,5m IFVG 15:40 (18415.0),2024-03-12 16:05:00+01:00,1m IFVG 15:54 (18425.25),2024-03-12 16:09:00+01:00,1m BOS 16:18 (18431.5),16:22,18429.5,18447.0,,,INGEN TP,,,,
2024-03-13,ES,LONG,13:30,ES:London,5m IFVG 13:20 (5238.75),2024-03-13 13:50:00+01:00,1m BOS 13:48 (5238.5),2024-03-13 13:51:00+01:00,1m BOS 13:54 (5239.25),13:59,5239.75,5235.75,5247.5,London high,SL,5235.75,14:40,4.0,-1.0
2024-03-13,NQ,LONG,14:40,ES:Asia + ES:NY PRE,5m IFVG 14:50 (18342.75),2024-03-13 15:20:00+01:00,1m IFVG 15:32 (18353.0),2024-03-13 15:36:00+01:00,1m BOS 15:38 (18358.25),15:43,18363.75,18302.75,18467.25,NY PRE high,SL,18302.75,16:41,61.0,-1.0
2024-03-14,ES,LONG,14:33,ES:Asia,5m IFVG 14:45 (5218.75),2024-03-14 15:15:00+01:00,1m IFVG 15:11 (5218.75),2024-03-14 15:19:00+01:00,1m BOS 15:25 (5219.0),15:30,5220.0,5203.0,5252.25,NY PRE high,SL,5203.0,18:18,17.0,-1.0
2024-03-14,NQ,LONG,14:33,ES:Asia,5m IFVG 14:45 (18272.25),2024-03-14 15:15:00+01:00,1m IFVG 15:11 (18295.5),2024-03-14 15:18:00+01:00,1m BOS 15:21 (18299.25),15:26,18304.0,18203.25,18414.0,NY PRE high,SL,18203.25,20:09,100.75,-1.0
2024-03-15,ES,LONG,14:31,NQ:NY PRE,5m IFVG 14:55 (5181.0),2024-03-15 15:15:00+01:00,1m IFVG 15:14 (5187.25),2024-03-15 15:19:00+01:00,1m BOS 15:32 (5191.0),15:37,5192.75,5172.75,5225.5,NY PRE high,SL,5172.75,17:49,20.0,-1.0
2024-03-15,NQ,LONG,14:31,NQ:NY PRE,5m IFVG 14:55 (18084.75),2024-03-15 15:15:00+01:00,1m BOS 15:17 (18092.5),2024-03-15 15:20:00+01:00,1m BOS 15:20 (18111.75),15:26,18112.75,18029.0,18283.5,NY PRE high,SL,18029.0,17:17,83.75,-1.0
2024-03-18,NQ,SHORT,14:30,ES:NY PRE + NQ:NY PRE,5m IFVG 15:15 (18352.0),2024-03-18 15:55:00+01:00,1m BOS 15:56 (18356.0),2024-03-18 16:00:00+01:00,1m IFVG 15:58 (18352.0),16:02,18351.75,18380.0,18262.5,NY PRE low,TP,18262.5,17:51,28.25,3.15929203539823
2024-03-19,ES,LONG,13:09,ES:London + NQ:London,5m BOS 13:15 (5192.5),2024-03-19 13:35:00+01:00,1m BOS 13:38 (5192.75),2024-03-19 13:42:00+01:00,1m BOS 13:43 (5193.75),13:46,5194.75,5186.0,5219.25,London high,TP,5219.25,17:17,8.75,2.8
2024-03-19,NQ,LONG,13:09,ES:London + NQ:London,5m IFVG 13:15 (18100.0),2024-03-19 13:35:00+01:00,1m BOS 13:41 (18104.0),2024-03-19 13:45:00+01:00,1m BOS 13:43 (18112.25),13:46,18114.0,18077.75,18252.75,London high,SL,18077.75,14:40,36.25,-1.0
2024-03-19,NQ,SHORT,14:30,NQ:NY PRE,5m BOS 14:05 (18118.5),2024-03-19 14:40:00+01:00,1m BOS 14:45 (18076.0),2024-03-19 14:49:00+01:00,1m IFVG 15:02 (18104.5),15:12,18103.25,18152.5,,,INGEN TP,,,,
2024-03-19,NQ,SHORT,15:40,ES:NY PRE,5m IFVG 15:35 (18120.25),2024-03-19 16:00:00+01:00,1m BOS 16:02 (18121.25),2024-03-19 16:05:00+01:00,1m IFVG 16:04 (18130.0),16:09,18127.75,18146.75,,,INGEN TP,,,,
2024-03-20,ES,SHORT,14:30,NQ:London + NQ:NY PRE,5m BOS 14:10 (5237.0),2024-03-20 14:40:00+01:00,1m IFVG 14:34 (5238.0),2024-03-20 14:42:00+01:00,1m BOS 14:57 (5237.5),15:02,5237.25,5239.75,5235.0,NY PRE low,SL,5239.75,15:03,2.5,-1.0
2024-03-20,ES,LONG,14:37,NQ:NY PRE,5m IFVG 14:25 (5239.0),2024-03-20 15:05:00+01:00,1m IFVG 15:02 (5238.75),2024-03-20 15:12:00+01:00,1m IFVG 15:10 (5239.5),15:15,5239.75,5236.5,5245.25,NY PRE high,TP,5245.25,15:27,3.25,1.6923076923076923
2024-03-20,ES,SHORT,15:27,ES:London,5m IFVG 15:15 (5241.5),2024-03-20 15:40:00+01:00,1m BOS 15:43 (5241.25),2024-03-20 15:47:00+01:00,1m IFVG 15:45 (5240.25),15:50,5239.75,5247.75,5235.0,NY PRE low,TP,5235.0,18:39,8.0,0.59375
2024-03-20,NQ,SHORT,14:30,NQ:London + NQ:NY PRE,5m BOS 14:10 (18291.0),2024-03-20 14:40:00+01:00,1m BOS 14:50 (18262.5),2024-03-20 14:53:00+01:00,1m BOS 15:09 (18258.75),15:12,18255.75,18334.5,18234.0,London low,SL,18334.5,19:01,78.75,-1.0
2024-03-20,NQ,LONG,14:37,NQ:NY PRE,5m BOS 14:55 (18272.5),2024-03-20 15:25:00+01:00,1m IFVG 15:26 (18291.75),2024-03-20 15:34:00+01:00,1m IFVG 15:47 (18262.5),15:52,18262.75,18249.0,,,INGEN TP,,,,
2024-03-21,ES,LONG,14:49,NQ:NY PRE,5m IFVG 14:40 (5315.25),2024-03-21 15:00:00+01:00,1m BOS 15:03 (5314.0),2024-03-21 15:06:00+01:00,1m BOS 15:02 (5316.25),15:09,5317.0,5308.5,,,INGEN TP,,,,
2024-03-21,ES,SHORT,14:40,ES:NY PRE + NQ:NY PRE,5m BOS 13:35 (5310.25),2024-03-21 14:50:00+01:00,1m IFVG 14:46 (5315.5),2024-03-21 15:00:00+01:00,1m IFVG 15:19 (5318.25),15:25,5318.0,5321.5,5308.25,NY PRE low,SL,5321.5,17:08,3.5,-1.0
2024-03-21,NQ,SHORT,13:27,NQ:London,5m IFVG 13:10 (18654.0),2024-03-21 13:40:00+01:00,1m IFVG 13:34 (18656.5),2024-03-21 13:41:00+01:00,1m BOS 13:42 (18651.75),13:45,18651.0,18674.75,18589.25,London low,SL,18674.75,14:25,23.75,-1.0
2024-03-21,NQ,SHORT,14:40,ES:NY PRE + NQ:NY PRE,5m BOS 13:45 (18648.25),2024-03-21 14:50:00+01:00,1m BOS 15:04 (18654.0),2024-03-21 15:09:00+01:00,1m BOS 15:10 (18649.0),15:14,18648.0,18709.0,18589.25,London low,TP,18589.25,19:09,61.0,0.9631147540983607
2024-03-21,NQ,LONG,14:49,NQ:NY PRE,5m IFVG 14:40 (18661.5),2024-03-21 15:10:00+01:00,1m BOS 15:10 (18649.0),2024-03-21 15:14:00+01:00,1m IFVG 15:12 (18652.0),15:16,18656.25,18631.0,,,INGEN TP,,,,
2024-03-22,ES,LONG,13:01,ES:London + NQ:London,5m BOS 13:20 (5297.5),2024-03-22 13:45:00+01:00,1m IFVG 14:04 (5300.0),2024-03-22 14:08:00+01:00,1m IFVG 14:08 (5299.5),14:14,5300.0,5293.0,5311.75,London high,SL,5293.0,15:41,7.0,-1.0
2024-03-22,ES,SHORT,15:02,NQ:NY PRE,5m BOS 14:45 (5294.0),2024-03-22 15:45:00+01:00,1m BOS 16:00 (5291.75),2024-03-22 16:03:00+01:00,1m BOS 16:05 (5293.5),16:10,5292.75,5303.25,,,INGEN TP,,,,
2024-03-22,NQ,LONG,13:01,ES:London + NQ:London,5m BOS 13:20 (18517.25),2024-03-22 13:45:00+01:00,1m IFVG 14:04 (18538.5),2024-03-22 14:10:00+01:00,1m BOS 14:26 (18535.5),14:29,18538.75,18492.0,18607.0,London high,TP,18607.0,18:19,46.75,1.4598930481283423
2024-03-25,ES,LONG,14:30,NQ:London + NQ:NY PRE,5m BOS 11:40 (5281.25),2024-03-25 14:55:00+01:00,1m IFVG 14:50 (5280.0),2024-03-25 14:57:00+01:00,1m BOS 15:03 (5281.25),15:08,5282.0,5274.25,5293.0,London high,EOD,5277.0,21:00,7.75,-0.6451612903225806
2024-03-25,NQ,LONG,14:30,NQ:London + NQ:NY PRE,5m BOS 14:30 (18480.75),2024-03-25 14:55:00+01:00,1m IFVG 14:49 (18468.5),2024-03-25 15:05:00+01:00,1m BOS 15:03 (18480.5),15:08,18480.75,18414.75,18487.75,NY PRE high,TP,18487.75,15:08,66.0,0.10606060606060606
2024-03-26,ES,LONG,14:30,NQ:NY PRE,5m BOS 14:45 (5290.75),2024-03-26 15:05:00+01:00,1m BOS 15:06 (5290.5),2024-03-26 15:11:00+01:00,1m IFVG 15:09 (5291.0),15:13,5291.25,5286.75,5299.75,NY PRE high,SL,5286.75,15:30,4.5,-1.0
2024-03-26,ES,LONG,15:31,ES:NY PRE,5m BOS 15:40 (5290.25),2024-03-26 16:00:00+01:00,1m BOS 16:24 (5290.75),2024-03-26 16:30:00+01:00,1m IFVG 16:37 (5290.25),16:42,5290.75,5288.75,5299.75,NY PRE high,SL,5288.75,17:17,2.0,-1.0
2024-03-26,NQ,LONG,14:30,NQ:NY PRE,5m BOS 14:45 (18592.25),2024-03-26 15:05:00+01:00,1m BOS 15:07 (18594.0),2024-03-26 15:11:00+01:00,1m IFVG 15:09 (18592.25),15:14,18593.25,18567.5,18616.75,NY PRE high,SL,18567.5,15:29,25.75,-1.0
2024-03-26,NQ,LONG,15:31,ES:NY PRE,5m BOS 15:35 (18563.25),2024-03-26 16:10:00+01:00,1m BOS 16:27 (18572.0),2024-03-26 16:30:00+01:00,1m BOS 16:33 (18572.5),16:37,18573.25,18558.25,18616.75,NY PRE high,SL,18558.25,16:45,15.0,-1.0
2024-03-27,ES,SHORT,14:30,NQ:NY PRE,5m BOS 14:10 (5289.0),2024-03-27 14:55:00+01:00,1m BOS 15:05 (5278.25),2024-03-27 15:09:00+01:00,1m BOS 15:06 (5275.5),15:12,5275.25,5294.5,,,INGEN TP,,,,
2024-03-27,NQ,SHORT,14:30,NQ:NY PRE,5m BOS 13:25 (18511.25),2024-03-27 14:40:00+01:00,1m BOS 14:42 (18507.0),2024-03-27 14:47:00+01:00,1m BOS 14:49 (18500.0),14:53,18490.5,18555.0,18470.5,London low,TP,18470.5,14:54,64.5,0.31007751937984496
2024-03-27,NQ,LONG,15:03,ES:Asia,5m BOS 15:15 (18436.25),2024-03-27 15:40:00+01:00,1m IFVG 15:36 (18432.0),2024-03-27 15:43:00+01:00,1m BOS 15:51 (18419.75),15:55,18420.25,18402.75,,,INGEN TP,,,,
2024-03-28,ES,LONG,14:31,NQ:London + NQ:NY PRE,5m BOS 14:15 (5311.25),2024-03-28 14:50:00+01:00,1m BOS 14:54 (5311.0),2024-03-28 14:58:00+01:00,1m IFVG 15:11 (5309.5),15:16,5310.0,5307.25,,,INGEN TP,,,,
2024-03-28,ES,SHORT,14:50,NQ:NY PRE,5m BOS 14:55 (5308.75),2024-03-28 15:25:00+01:00,1m BOS 15:21 (5309.75),2024-03-28 15:26:00+01:00,1m IFVG 15:42 (5311.5),15:48,5310.75,5313.0,5303.25,NY PRE low,SL,5313.0,15:51,2.25,-1.0
2024-03-28,NQ,SHORT,13:30,NQ:London,5m BOS 13:15 (18492.25),2024-03-28 13:45:00+01:00,1m BOS 13:45 (18487.25),2024-03-28 13:52:00+01:00,1m IFVG 13:50 (18488.25),13:55,18487.75,18527.75,18459.25,London low,TP,18459.25,14:32,40.0,0.7125
2024-03-28,NQ,LONG,14:31,NQ:London + NQ:NY PRE,5m BOS 14:05 (18508.0),2024-03-28 14:50:00+01:00,1m BOS 14:53 (18523.5),2024-03-28 14:58:00+01:00,1m IFVG 14:56 (18524.25),15:01,18524.5,18457.25,,,INGEN TP,,,,
2024-03-28,NQ,SHORT,14:50,NQ:NY PRE,5m BOS 14:55 (18510.5),2024-03-28 15:10:00+01:00,1m IFVG 15:11 (18492.25),2024-03-28 15:16:00+01:00,1m BOS 15:38 (18500.5),15:41,18500.25,18538.75,,,INGEN TP,,,,
