model,regel,n,R,maxDD,blows,2023,2024,2025,2026
SMT,Ingen grænse,282,69.7,-72.3,8,27.8,-68.1,62.7,47.4
SMT,Max 2/dag pr. model,281,70.9,-72.3,8,27.8,-68.1,63.9,47.4
SMT,Max 2/dag + pause 5 dage efter 3 tab i træk,197,43.9,-57.0,6,21.7,-40.7,15.7,47.2
SMT,Max 2/dag + pause 10 dage efter 3 tab i træk,152,40.8,-49.6,5,31.5,-35.6,21.3,23.6
SMT,Max 2/dag + pause 5 dage efter 4 tab i træk,230,63.3,-50.9,4,27.9,-46.7,55.1,27.0
SMT,Max 2/dag + pause 10 dage efter 4 tab i træk,194,69.9,-34.6,3,30.4,-31.9,51.8,19.5
SMT,Max 2/dag + pause 10 dage efter blow,247,73.5,-49.5,5,14.7,-45.6,57.0,47.4
SMT,Max 2/dag + pause 20 dage efter blow,222,87.2,-32.2,4,12.8,-32.2,59.2,47.4
SMT,Max 2/dag + kun når kurven er over snit af 10 trades,150,48.2,-18.7,4,15.4,-7.0,20.4,19.4
SMT,Max 2/dag + kun når kurven er over snit af 20 trades,190,101.4,-10.2,2,15.1,-6.5,50.5,42.3
Vergence,Ingen grænse,312,11.2,-50.2,11,-5.2,-21.9,5.4,32.9
Vergence,Max 2/dag pr. model,305,5.7,-50.2,12,-5.2,-21.9,6.4,26.4
Vergence,Max 2/dag + pause 5 dage efter 3 tab i træk,201,49.8,-23.3,7,2.4,-8.1,5.5,50.0
Vergence,Max 2/dag + pause 10 dage efter 3 tab i træk,157,28.4,-18.9,6,-11.1,4.3,17.5,17.6
Vergence,Max 2/dag + pause 5 dage efter 4 tab i træk,223,33.6,-23.0,6,-7.3,-6.0,16.6,30.4
Vergence,Max 2/dag + pause 10 dage efter 4 tab i træk,173,11.4,-25.4,5,-7.2,-9.3,16.9,11.0
Vergence,Max 2/dag + pause 10 dage efter blow,222,0.8,-41.4,11,-4.2,-21.7,16.5,10.2
Vergence,Max 2/dag + pause 20 dage efter blow,191,2.1,-32.9,8,-4.2,-11.3,10.3,7.3
Vergence,Max 2/dag + kun når kurven er over snit af 10 trades,140,12.8,-21.0,5,-10.4,3.8,16.1,3.3
Vergence,Max 2/dag + kun når kurven er over snit af 20 trades,147,-10.4,-25.0,7,-5.7,-7.6,8.0,-5.1
Begge,Ingen grænse,594,80.9,-72.3,19,22.6,-90.0,68.0,80.3
Begge,Max 2/dag pr. model,586,76.6,-111.0,22,22.6,-90.0,70.3,73.8
Begge,Max 2/dag samlet,557,58.3,-125.3,24,23.6,-104.3,58.7,80.3
Begge,Max 2/dag + pause 5 dage efter 3 tab i træk,297,32.4,-49.6,11,14.7,-34.3,31.3,20.7
Begge,Max 2/dag + pause 10 dage efter 3 tab i træk,189,-39.9,-63.4,10,-4.7,-31.9,16.1,-19.3
Begge,Max 2/dag + pause 5 dage efter 4 tab i træk,366,97.3,-62.6,10,23.9,-51.3,44.6,80.1
Begge,Max 2/dag + pause 10 dage efter 4 tab i træk,256,29.9,-44.8,10,4.2,-26.8,14.1,38.4
Begge,Max 2/dag + pause 10 dage efter blow,378,64.3,-65.2,15,22.5,-47.9,32.0,57.6
Begge,Max 2/dag + pause 20 dage efter blow,281,31.9,-58.2,11,-3.2,-34.0,41.2,27.9
Begge,Max 2/dag + kun når kurven er over snit af 10 trades,285,88.8,-31.3,8,18.6,-20.2,39.5,51.0
Begge,Max 2/dag + kun når kurven er over snit af 20 trades,310,77.6,-33.5,10,-1.3,-13.2,41.9,50.2
