model;dato;tid_dansk;retning;niveau;hvem_tog_niveauet;entry;sl;tp;be;be_niveau;resultat;R;5MNQ_usd;rigtig_trade (kurvefilter);kurve;snit30
Vergence;2022-09-14;15:30:00;SHORT;15m high 15:15;Begge;12169.25;12179.25;12094.25;12162.0;5m low;BE;0.0;0.0;ja;0.0;
Vergence;2022-09-14;15:31:45;SHORT;NY PRE high;Begge;12150.25;12179.75;12084.0;12143.0;15m low;SL;-2.95;-295.0;ja;-2.95;
SMT;2022-09-19;15:30:00;LONG;15m low;ES;11821.5;11811.5;11867.0;11834.5;EQ foer open;TP;4.55;455.0;ja;4.55;
Vergence;2022-09-20;15:31:30;LONG;NY PRE low;NQ;11923.0;11911.5;11958.5;11936.25;15m high;SL;-1.15;-115.0;ja;-4.1;
Vergence;2022-09-23;15:44:00;LONG;NY PRE low;ES;11405.5;11382.25;11480.5;11424.25;EQ;SL;-2.33;-233.0;ja;-6.43;
SMT;2022-09-29;15:30:00;LONG;15m low;NQ;11391.0;11381.0;11435.0;11398.75;EQ foer open;SL;-1.0;-100.0;ja;3.55;
Vergence;2022-10-03;15:30:00;LONG;15m low 15:15;Begge;11111.25;11101.25;11186.25;11114.75;5m high;BE;0.0;0.0;ja;-6.43;
Vergence;2022-10-04;15:33:15;SHORT;London high;Begge;11552.0;11562.5;11482.25;11541.875;EQ;SL;-1.05;-105.0;ja;-7.48;
SMT;2022-10-05;15:33:30;SHORT;NY PRE high;ES;11525.75;11539.0;11477.0;11508.625;EQ;TP;4.88;488.0;ja;8.43;
SMT;2022-10-06;15:30:15;SHORT;15m high;NQ;11593.25;11614.0;11551.75;11574.75;15m low;SL;-2.08;-208.0;ja;6.35;
Vergence;2022-10-10;15:30:45;LONG;15m low 15:15;Begge;11115.75;11102.5;11190.75;11119.5;EQ foer open;BE;0.0;0.0;ja;-7.48;
Vergence;2022-10-11;15:30:15;LONG;NY PRE low;Begge;10924.5;10914.0;10990.75;10927.75;5m high;SL;-1.05;-105.0;ja;-8.53;
SMT;2022-10-12;15:30:00;SHORT;15m high;ES;10861.75;10874.5;10786.75;10854.75;5m low;BE;0.0;0.0;ja;6.35;
SMT;2022-10-13;15:30:15;SHORT;15m high;ES;10508.25;10533.0;10433.25;10497.0;Asia low;SL;-2.48;-248.0;ja;3.87;
SMT;2022-10-14;15:30:15;LONG;15m low;ES;11186.5;11172.0;11253.5;11193.25;EQ foer open;SL;-1.45;-145.0;ja;2.42;
Vergence;2022-10-18;15:32:30;SHORT;NY PRE high;ES;11420.25;11430.25;11345.25;;-;SL;-1.0;-100.0;ja;-9.53;
Vergence;2022-10-18;15:46:30;LONG;NY PRE low;NQ;11347.25;11335.5;11383.625;11359.5625;0.25;BE;0.0;0.0;ja;-9.53;
SMT;2022-10-19;15:30:00;SHORT;15m high;NQ;11126.75;11138.75;11051.75;11116.5;15m low;SL;-1.2;-120.0;ja;1.22;
Vergence;2022-10-24;15:30:30;LONG;15m low 15:15 / NY PRE low;Begge;11356.25;11343.0;11426.5;11376.25;5m high;SL;-1.32;-132.0;ja;-10.85;
SMT;2022-10-27;15:30:30;SHORT;15m high;NQ;11435.5;11448.0;11360.5;11400.5;15m low;SL;-1.25;-125.0;ja;-0.03;
SMT;2022-10-31;15:30:00;LONG;NY PRE low;NQ;11507.0;11483.0;11563.5;11514.0;15m high;BE;0.0;0.0;ja;-0.03;
SMT;2022-11-01;15:30:15;SHORT;NY PRE high;NQ;11611.25;11621.25;11536.25;11601.125;EQ foer open;BE;0.0;0.0;ja;-0.03;
Vergence;2022-11-01;15:30:15;SHORT;15m high 14:45 / 15m high 15:00 / 15m high 15:15 / NY PRE high;Begge;11611.25;11621.25;11536.25;11601.125;EQ foer open;BE;0.0;0.0;ja;-10.85;
Vergence;2022-11-01;15:32:15;LONG;NY PRE low;NQ;11592.0;11576.25;11667.0;11614.5;Asia high;SL;-1.58;-158.0;ja;-12.43;
SMT;2022-11-14;15:30:15;LONG;NY PRE low;NQ;11764.5;11752.5;11804.75;11770.0;5m high;BE;0.0;0.0;ja;-0.03;
Vergence;2022-11-15;15:30:15;SHORT;15m high 15:15;Begge;12040.75;12062.25;11965.75;12014.0;15m low;SL;-2.15;-215.0;ja;-14.58;
Vergence;2022-11-16;15:30:30;LONG;NY PRE low;Begge;11819.5;11799.0;11894.5;11832.0;5m high;SL;-2.05;-205.0;ja;-16.63;
Vergence;2022-11-18;15:32:00;LONG;NY PRE low;ES;11787.0;11768.75;11843.0;11805.625;EQ;SL;-1.82;-182.0;ja;-18.45;
Vergence;2022-11-21;15:31:45;SHORT;Asia high;NQ;11687.75;11697.75;11614.25;11680.5;0.75;BE;0.0;0.0;ja;-18.45;
SMT;2022-11-22;15:30:15;SHORT;15m high;ES;11612.5;11626.0;11537.5;11607.25;NY PRE low;SL;-1.35;-135.0;ja;-1.38;
SMT;2022-11-23;15:30:15;LONG;15m low;NQ;11751.75;11741.75;11793.5;11758.25;5m high;BE;0.0;0.0;ja;-1.38;
SMT;2022-12-07;15:30:15;LONG;15m low;ES;11524.25;11495.25;11586.5;11528.5;NY PRE high;BE;0.0;0.0;ja;-1.38;
Vergence;2022-12-07;15:30:15;LONG;15m low 15:00 / 15m low 15:15;Begge;11524.25;11495.25;11586.5;11528.5;NY PRE high;BE;0.0;0.0;ja;-18.45;
Vergence;2022-12-07;15:32:15;SHORT;NY PRE high;ES;11518.5;11534.5;11443.5;11492.0;15m low;SL;-1.6;-160.0;ja;-20.05;
Vergence;2022-12-12;15:30:00;LONG;NY PRE low;Begge;11694.0;11684.0;11730.5;11699.0;EQ foer open;BE;0.0;0.0;ja;-20.05;
Vergence;2022-12-14;15:30:15;SHORT;15m high 15:15 / NY PRE high;Begge;11943.25;11954.0;11868.25;11921.75;NY PRE low;SL;-1.08;-108.0;ja;-21.13;
Vergence;2022-12-15;15:30:45;SHORT;15m high 15:00 / 15m high 15:15;Begge;11695.25;11707.75;11642.5;11673.0;5m low;SL;-1.25;-125.0;ja;-22.38;
Vergence;2022-12-16;15:30:00;SHORT;NY PRE high;Begge;11418.5;11432.5;11363.5;11398.75;EQ foer open;SL;-1.4;-140.0;ja;-23.78;
Vergence;2022-12-20;15:31:15;LONG;NY PRE low;Begge;11124.75;11106.5;11160.75;11157.0;15m high;SL;-1.82;-182.0;ja;-25.6;
Vergence;2022-12-20;15:57:45;SHORT;NY PRE high;Begge;11159.5;11169.5;11084.5;11149.5625;0.75;SL;-1.0;-100.0;ja;-26.6;
SMT;2022-12-23;15:30:00;LONG;15m low;NQ;11005.25;10988.25;11080.25;11022.25;5m high;BE;0.0;0.0;ja;-1.38;
Vergence;2022-12-27;15:30:15;LONG;15m low 15:15 / NY PRE low;Begge;11048.0;11033.25;11104.75;11073.5;5m high;SL;-1.48;-148.0;ja;-28.08;
SMT;2022-12-28;15:30:15;LONG;NY PRE low;NQ;10911.0;10891.25;10950.75;10916.75;5m high;SL;-1.98;-198.0;ja;-3.36;
Vergence;2022-12-28;15:34:15;SHORT;NY PRE high;ES;10969.0;10979.0;10918.875;10947.4375;0.75;SL;-1.0;-100.0;ja;-29.08;
Vergence;2022-12-29;15:30:30;LONG;15m low 15:15;Begge;10887.25;10871.75;10962.25;10895.0;5m high;SL;-1.55;-155.0;ja;-30.63;
Vergence;2022-12-30;15:30:00;LONG;15m low 15:15 / NY PRE low;Begge;10916.5;10897.5;10991.5;10919.75;5m high;BE;0.0;0.0;ja;-30.63;
Vergence;2023-01-03;15:39:30;SHORT;NY PRE high;ES;11148.25;11158.25;11073.25;;-;SL;-1.0;-100.0;ja;-31.63;-16.43
SMT;2023-01-04;15:30:00;SHORT;15m high;NQ;11033.0;11043.0;10986.75;11027.375;EQ foer open;TP;4.62;462.0;ja;1.26;
SMT;2023-01-05;15:30:00;SHORT;15m high;ES;10913.5;10924.75;10838.5;10907.625;EQ foer open;BE;0.0;0.0;ja;1.26;
Vergence;2023-01-05;15:32:15;LONG;NY PRE low;ES;10899.25;10877.5;10974.25;10926.25;15m high;SL;-2.17;-217.0;nej;-33.8;-17.55
Vergence;2023-01-06;15:30:45;LONG;15m low 15:15;Begge;10874.25;10862.25;10949.25;10906.5;EQ foer open;SL;-1.2;-120.0;nej;-35.0;-18.62
SMT;2023-01-10;15:30:00;LONG;15m low;NQ;11144.25;11134.25;11205.75;11162.25;5m high;BE;0.0;0.0;ja;1.26;
Vergence;2023-01-23;15:30:15;SHORT;15m high 15:15;Begge;11699.0;11714.0;11652.0;11691.75;5m low;BE;0.0;0.0;nej;-35.0;-19.65
Vergence;2023-01-25;15:30:15;LONG;15m low 15:15 / NY PRE low;Begge;11703.75;11693.75;11764.0;11713.25;5m high;SL;-1.0;-100.0;nej;-36.0;-20.64
SMT;2023-01-30;15:36:00;LONG;NY PRE low;NQ;12070.75;12059.5;12145.75;12078.375;EQ;BE;0.0;0.0;ja;1.26;
SMT;2023-01-31;15:30:15;LONG;15m low;NQ;11980.0;11969.0;12017.25;11994.25;5m high;TP;3.72;372.0;ja;4.98;
SMT;2023-02-01;15:30:30;LONG;15m low;NQ;12141.75;12131.25;12216.75;12152.0;15m high;BE;0.0;0.0;ja;4.98;
Vergence;2023-02-01;15:30:30;LONG;15m low 15:00 / 15m low 15:15;Begge;12141.75;12131.25;12216.75;12152.0;15m high;BE;0.0;0.0;nej;-36.0;-21.62
Vergence;2023-02-01;15:34:45;LONG;NY PRE low;ES;12112.0;12102.0;12159.0;12117.3125;0.25;SL;-1.0;-100.0;nej;-37.0;-22.61
SMT;2023-02-07;15:30:30;SHORT;15m high;NQ;12511.25;12521.25;12475.5;12499.0;NY PRE low;BE;0.0;0.0;ja;4.98;
Vergence;2023-02-07;15:31:30;LONG;NY PRE low;NQ;12513.5;12494.5;12562.25;12521.0;15m high;BE;0.0;0.0;nej;-37.0;-23.59
Vergence;2023-02-09;15:30:00;SHORT;NY PRE high;Begge;12716.75;12728.5;12662.0;12708.75;5m low;TP;5.48;548.0;nej;-31.52;-24.36
SMT;2023-02-15;15:42:30;SHORT;NY PRE high;NQ;12606.25;12617.0;12534.25;12603.8125;0.75;BE;0.0;0.0;ja;4.98;
SMT;2023-02-15;15:54:15;LONG;NY PRE low;ES;12548.25;12538.25;12587.5;12565.5;0.25;BE;0.0;0.0;ja;4.98;
Vergence;2023-02-17;15:35:15;SHORT;NY PRE high;Begge;12408.5;12423.75;12360.25;12372.25;15m low;TP;4.82;482.0;nej;-26.7;-24.93
SMT;2023-02-21;15:30:00;LONG;NY PRE low;NQ;12234.0;12224.0;12309.0;12241.0;5m high;SL;-1.0;-100.0;ja;3.98;
Vergence;2023-02-22;15:30:15;LONG;NY PRE low;Begge;12129.5;12115.5;12204.5;12133.0;15m high;BE;0.0;0.0;nej;-26.7;-25.5
SMT;2023-02-23;15:30:00;SHORT;NY PRE high;ES;12249.5;12259.75;12185.25;12245.75;5m low;BE;0.0;0.0;ja;3.98;
SMT;2023-02-27;15:30:45;SHORT;15m high;NQ;12138.0;12148.0;12063.0;12123.0;5m low;BE;0.0;0.0;ja;3.98;
SMT;2023-03-01;15:30:15;LONG;15m low;NQ;12052.0;12042.0;12117.25;12065.75;5m high;SL;-1.0;-100.0;ja;2.98;2.42
Vergence;2023-03-06;15:34:15;SHORT;NY PRE high;ES;12385.75;12396.5;12323.5;12377.125;EQ;BE;0.0;0.0;nej;-26.7;-26.03
Vergence;2023-03-08;15:32:15;SHORT;NY PRE high;ES;12202.0;12216.0;12145.25;12198.875;EQ foer open;TP;5.68;568.0;nej;-21.02;-26.37
Vergence;2023-03-09;15:35:00;SHORT;NY PRE high;ES;12268.25;12278.25;12193.25;12254.375;EQ;SL;-1.0;-100.0;ja;-22.02;-26.69
Vergence;2023-03-15;15:34:15;SHORT;NY PRE high;ES;12244.25;12255.25;12169.25;12233.875;EQ;SL;-1.1;-110.0;ja;-23.12;-26.97
Vergence;2023-03-16;15:32:30;LONG;NY PRE low;ES;12332.5;12321.25;12407.5;12342.125;EQ;BE;0.0;0.0;ja;-23.12;-27.19
Vergence;2023-03-17;15:40:15;SHORT;NY PRE high;ES;12752.0;12764.0;12677.0;12745.9375;0.75;BE;0.0;0.0;ja;-23.12;-27.35
SMT;2023-03-20;15:30:15;LONG;15m low;NQ;12623.25;12613.25;12688.5;12638.0;5m high;SL;-1.0;-100.0;ja;1.98;2.33
SMT;2023-03-24;15:42:15;LONG;NY PRE low;NQ;12760.0;12746.5;12835.0;12771.75;EQ;SL;-1.35;-135.0;nej;0.63;2.24
SMT;2023-03-27;15:30:45;LONG;NY PRE low;NQ;12915.25;12905.25;12951.5;12937.0;15m high;SL;-1.0;-100.0;nej;-0.37;1.94
Vergence;2023-03-27;15:30:45;LONG;15m low 15:15 / NY PRE low;Begge;12915.25;12905.25;12951.5;12937.0;15m high;SL;-1.0;-100.0;ja;-24.12;-27.53
Vergence;2023-03-27;15:50:45;SHORT;London high;Begge;12956.5;12966.5;12881.5;12946.1875;0.75;TP;7.5;750.0;ja;-16.62;-27.47
SMT;2023-03-29;15:30:00;SHORT;NY PRE high;NQ;12885.0;12895.0;12832.75;12881.75;5m low;SL;-1.0;-100.0;nej;-1.37;1.69
SMT;2023-03-31;15:30:15;LONG;15m low;NQ;13093.75;13080.25;13138.75;13096.375;EQ foer open;TP;4.5;450.0;nej;3.13;1.58
Vergence;2023-03-31;15:30:15;LONG;15m low 14:45 / 15m low 15:15;Begge;13093.75;13080.25;13138.75;13096.375;EQ foer open;TP;4.5;450.0;ja;-12.12;-27.21
Vergence;2023-04-20;15:30:00;LONG;15m low 15:15;Begge;13055.25;13045.25;13130.25;13066.0;15m high;TP;7.5;750.0;ja;-4.62;-26.69
SMT;2023-04-26;15:30:30;SHORT;15m high;NQ;12941.75;12957.0;12891.5;12930.25;5m low;BE;0.0;0.0;ja;3.13;1.55
SMT;2023-05-01;15:30:45;SHORT;NY PRE high;NQ;13304.5;13314.5;13229.5;13293.25;15m low;BE;0.0;0.0;ja;3.13;1.58
Vergence;2023-05-01;15:30:45;SHORT;15m high 15:00 / 15m high 15:15 / NY PRE high;Begge;13304.5;13314.5;13229.5;13293.25;15m low;BE;0.0;0.0;ja;-4.62;-26.14
Vergence;2023-05-01;15:34:45;SHORT;NY PRE high;ES;13301.5;13311.5;13226.5;13285.25;Asia low;SL;-1.0;-100.0;ja;-5.62;-25.59
SMT;2023-05-02;15:30:00;SHORT;15m high;ES;13300.0;13310.0;13225.0;13294.25;5m low;BE;0.0;0.0;ja;3.13;1.64
SMT;2023-05-03;15:30:15;LONG;NY PRE low;NQ;13199.0;13189.0;13274.0;13211.0;5m high;SL;-1.0;-100.0;ja;2.13;1.71
SMT;2023-05-05;15:30:30;SHORT;15m high;NQ;13135.5;13145.5;13085.25;13128.75;5m low;BE;0.0;0.0;ja;2.13;1.79
Vergence;2023-05-11;15:30:15;SHORT;15m high 15:15;Begge;13426.5;13436.5;13351.5;13412.5;15m low;BE;0.0;0.0;ja;-5.62;-24.98
Vergence;2023-05-23;15:51:30;SHORT;NY PRE high;Begge;13863.75;13873.75;13825.0;13857.875;EQ;BE;0.0;0.0;ja;-5.62;-24.31
SMT;2023-05-24;15:30:45;LONG;NY PRE low;NQ;13635.25;13625.25;13683.0;13644.0;15m high;SL;-1.0;-100.0;ja;1.13;1.82
SMT;2023-05-26;15:30:00;LONG;15m low;NQ;14026.0;14014.75;14101.0;14034.0;5m high;BE;0.0;0.0;nej;1.13;1.86
SMT;2023-05-30;15:30:15;LONG;NY PRE low;NQ;14515.25;14504.75;14570.0;14519.75;EQ foer open;BE;0.0;0.0;nej;1.13;1.95
SMT;2023-06-01;15:30:45;LONG;15m low;ES;14304.0;14291.75;14379.0;14318.25;5m high;SL;-1.23;-123.0;nej;-0.1;1.99
SMT;2023-06-08;15:30:00;LONG;15m low;NQ;14338.25;14328.25;14413.25;14352.5;5m high;BE;0.0;0.0;nej;-0.1;2.03
Vergence;2023-06-14;15:33:00;LONG;London low;ES;15077.0;15067.0;15146.0;15106.25;15m high;SL;-1.0;-100.0;ja;-6.62;-23.65
Vergence;2023-06-15;15:31:15;SHORT;NY PRE high;ES;15134.75;15157.5;15066.0;15125.75;15m low;BE;0.0;0.0;ja;-6.62;-22.93
SMT;2023-06-16;15:30:00;SHORT;NY PRE high;NQ;15446.0;15475.5;15400.0;15439.75;5m low;TP;4.6;460.0;nej;4.5;2.23
SMT;2023-06-20;15:30:30;LONG;London low;ES;15216.0;15204.5;15255.0;15232.75;5m high;TP;3.9;390.0;ja;8.4;2.62
Vergence;2023-06-20;15:30:30;LONG;London low / NY PRE low;Begge;15216.0;15204.5;15255.0;15232.75;5m high;TP;3.9;390.0;ja;-2.72;-22.05
SMT;2023-06-21;15:30:00;SHORT;15m high;NQ;15197.75;15209.75;15122.75;15185.75;5m low;BE;0.0;0.0;ja;8.4;2.86
SMT;2023-06-22;15:30:15;LONG;NY PRE low;NQ;14978.75;14964.0;15023.75;14986.5;5m high;TP;4.5;450.0;ja;12.9;3.25
SMT;2023-06-23;15:30:45;SHORT;15m high;NQ;15047.5;15059.5;14972.5;15035.0;15m low;SL;-1.2;-120.0;ja;11.7;3.59
SMT;2023-06-26;15:30:15;LONG;15m low;NQ;15037.75;15025.0;15087.75;15044.75;EQ foer open;BE;0.0;0.0;ja;11.7;3.94
Vergence;2023-06-26;15:44:15;SHORT;London high;NQ;15085.5;15095.5;15010.5;15074.0625;0.75;SL;-1.0;-100.0;ja;-3.72;-21.16
SMT;2023-06-28;15:30:45;SHORT;15m high;NQ;15047.5;15057.5;14972.5;15027.0;NY PRE low;BE;0.0;0.0;ja;11.7;4.17
Vergence;2023-07-07;15:30:15;LONG;15m low 15:15;Begge;15221.75;15209.25;15296.75;15229.25;EQ foer open;SL;-1.25;-125.0;ja;-4.97;-20.3
SMT;2023-07-11;15:30:00;LONG;NY PRE low;NQ;15211.25;15195.5;15286.25;15219.25;15m high;SL;-1.58;-158.0;ja;10.12;4.34
Vergence;2023-07-12;15:33:30;SHORT;NY PRE high;ES;15433.25;15443.25;15358.25;15408.5;15m low;SL;-1.0;-100.0;ja;-5.97;-19.45
SMT;2023-07-18;15:30:15;LONG;15m low;NQ;15803.75;15793.75;15843.75;15817.75;5m high;SL;-1.0;-100.0;ja;9.12;4.48
SMT;2023-07-21;15:30:15;LONG;15m low;NQ;15682.25;15672.25;15717.5;15709.25;15m high;SL;-1.0;-100.0;ja;8.12;4.58
SMT;2023-07-25;15:30:45;SHORT;15m high;NQ;15595.25;15608.0;15558.25;15582.5;5m low;SL;-1.27;-127.0;ja;6.85;4.64
SMT;2023-07-28;15:30:15;SHORT;NY PRE high;ES;15727.75;15738.25;15652.75;15722.25;15m low;SL;-1.05;-105.0;ja;5.8;4.7
Vergence;2023-07-31;15:45:30;SHORT;NY PRE high;ES;15894.25;15904.25;15819.25;15891.0625;0.75;SL;-1.0;-100.0;ja;-6.97;-18.55
Vergence;2023-08-07;15:31:00;SHORT;London high;NQ;15451.75;15473.25;15394.0;15435.25;EQ foer open;TP;5.78;578.0;ja;-1.19;-17.43
SMT;2023-08-09;15:30:00;LONG;NY PRE low;NQ;15364.25;15354.25;15407.75;15370.75;5m high;SL;-1.0;-100.0;ja;4.8;4.73
SMT;2023-08-16;15:30:45;SHORT;15m high;ES;15081.0;15091.0;15006.0;15067.75;15m low;BE;0.0;0.0;ja;4.8;4.76
SMT;2023-08-18;15:30:00;LONG;NY PRE low;ES;14648.5;14623.5;14723.5;14652.75;5m high;BE;0.0;0.0;ja;4.8;4.82
SMT;2023-08-18;15:33:15;SHORT;NY PRE high;ES;14666.0;14676.0;14620.0;14661.8125;0.75;BE;0.0;0.0;nej;4.8;4.91
SMT;2023-08-21;15:30:30;SHORT;15m high;NQ;14811.0;14822.75;14736.0;14801.25;5m low;SL;-1.18;-118.0;nej;3.62;5.01
Vergence;2023-08-28;15:34:15;SHORT;NY PRE high;NQ;15105.75;15115.75;15030.75;15102.1875;0.75;SL;-1.0;-100.0;ja;-2.19;-16.33
Vergence;2023-08-29;15:30:45;SHORT;15m high 15:15 / NY PRE high;Begge;15078.25;15090.0;15003.25;15066.5;5m low;BE;0.0;0.0;ja;-2.19;-15.2
SMT;2023-09-05;15:30:30;SHORT;15m high;NQ;15475.25;15497.75;15436.75;15472.5;EQ foer open;BE;0.0;0.0;nej;3.62;5.14
Vergence;2023-09-05;15:30:30;SHORT;15m high 15:00 / 15m high 15:15;Begge;15475.25;15497.75;15436.75;15472.5;EQ foer open;BE;0.0;0.0;ja;-2.19;-14.08
SMT;2023-09-05;15:42:45;LONG;NY PRE low;ES;15480.0;15470.0;15530.0;15489.625;EQ;BE;0.0;0.0;nej;3.62;5.31
SMT;2023-09-06;15:30:00;SHORT;NY PRE high;NQ;15492.5;15504.25;15438.75;15487.0;15m low;BE;0.0;0.0;nej;3.62;5.33
SMT;2023-09-08;15:30:15;LONG;15m low;ES;15281.25;15270.0;15343.75;15286.0;15m high;TP;6.25;625.0;nej;9.87;5.55
Vergence;2023-09-11;15:31:15;SHORT;NY PRE high;NQ;15625.0;15636.25;15550.75;15615.0;15m low;BE;0.0;0.0;ja;-2.19;-12.92
Vergence;2023-09-12;15:42:30;SHORT;NY PRE high;Begge;15636.5;15646.5;15591.25;15627.125;EQ;BE;0.0;0.0;ja;-2.19;-11.76
SMT;2023-09-18;15:30:30;LONG;15m low;NQ;15360.0;15343.0;15428.75;15366.75;15m high;TP;6.88;688.0;ja;16.75;6.01
Vergence;2023-09-18;15:30:30;LONG;15m low 15:15;Begge;15360.0;15343.0;15428.75;15366.75;15m high;TP;6.88;688.0;ja;4.69;-10.55
Vergence;2023-09-19;15:31:15;LONG;NY PRE low;ES;15330.5;15320.5;15405.5;15339.875;EQ;BE;0.0;0.0;ja;4.69;-9.5
Vergence;2023-09-21;15:30:00;SHORT;15m high 15:15 / NY PRE high;Begge;14983.75;14993.75;14942.25;14969.0;5m low;SL;-1.0;-100.0;ja;3.69;-8.49
Vergence;2023-09-21;15:53:30;LONG;NY PRE low;Begge;14944.5;14934.5;15019.5;14951.3125;0.25;SL;-1.0;-100.0;ja;2.69;-7.51
Vergence;2023-09-25;15:30:15;SHORT;15m high 15:15;Begge;14819.25;14833.5;14782.25;14812.0;5m low;SL;-1.42;-142.0;ja;1.27;-6.77
SMT;2023-09-26;15:30:15;LONG;NY PRE low;NQ;14830.25;14818.5;14893.0;14835.25;5m high;BE;0.0;0.0;ja;16.75;6.46
Vergence;2023-09-26;15:31:45;LONG;NY PRE low;ES;14811.0;14801.0;14886.0;14841.0;15m high;BE;0.0;0.0;ja;1.27;-5.99
Vergence;2023-09-27;15:30:00;LONG;15m low 15:15;Begge;14760.5;14749.25;14796.0;14768.5;5m high;BE;0.0;0.0;ja;1.27;-5.18
Vergence;2023-09-29;15:30:15;SHORT;15m high 15:15 / NY PRE high;Begge;15000.25;15016.25;14925.25;14993.25;5m low;BE;0.0;0.0;ja;1.27;-4.37
SMT;2023-10-02;15:30:15;SHORT;15m high;ES;14859.0;14874.5;14784.0;14853.875;EQ foer open;BE;0.0;0.0;ja;16.75;6.95
Vergence;2023-10-03;15:30:45;SHORT;15m high 14:15 / 15m high 14:30 / 15m high 15:00 / 15m high 15:15 / NY PRE high;Begge;14894.5;14905.75;14847.25;14887.125;EQ foer open;BE;0.0;0.0;ja;1.27;-3.55
SMT;2023-10-05;15:42:45;LONG;NY PRE low;NQ;14861.0;14851.0;14936.0;14873.0625;0.25;BE;0.0;0.0;ja;16.75;7.44
SMT;2023-10-09;15:30:15;LONG;15m low;NQ;15013.75;14999.75;15088.75;15029.0;5m high;SL;-1.4;-140.0;ja;15.35;7.91
SMT;2023-10-18;15:30:00;LONG;15m low;ES;15140.25;15125.5;15215.25;15147.0;15m high;BE;0.0;0.0;ja;15.35;8.38
SMT;2023-10-23;15:30:30;SHORT;NY PRE high;NQ;14619.25;14629.25;14576.5;14591.25;15m low;SL;-1.0;-100.0;ja;14.35;8.82
Vergence;2023-10-23;15:30:30;SHORT;15m high 14:30 / 15m high 15:00 / 15m high 15:15 / NY PRE high;Begge;14619.25;14629.25;14576.5;14591.25;15m low;SL;-1.0;-100.0;ja;0.27;-2.74
SMT;2023-10-24;15:33:15;LONG;NY PRE low;NQ;14776.0;14763.0;14825.0;14786.375;EQ;TP;4.9;490.0;ja;19.25;9.47
SMT;2023-10-30;15:30:15;SHORT;London high;ES;14359.75;14376.0;14284.75;14353.0;5m low;BE;0.0;0.0;ja;19.25;10.11
Vergence;2023-10-30;15:30:15;SHORT;15m high 15:15 / London high / NY PRE high;Begge;14359.75;14376.0;14284.75;14353.0;5m low;BE;0.0;0.0;ja;0.27;-2.18
Vergence;2023-10-31;15:30:30;SHORT;15m high 15:15;Begge;14403.75;14428.75;14328.75;14393.5;5m low;TP;7.5;750.0;ja;7.77;-1.51
SMT;2023-11-01;15:30:15;SHORT;NY PRE high;NQ;14530.25;14540.25;14455.25;14516.75;5m low;BE;0.0;0.0;ja;19.25;10.61
SMT;2023-11-03;15:30:15;SHORT;15m high;NQ;15050.0;15063.25;14975.0;15040.75;5m low;SL;-1.32;-132.0;ja;17.93;10.92
Vergence;2023-11-08;15:31:15;SHORT;NY PRE high;ES;15380.75;15393.75;15336.25;15372.0;15m low;SL;-1.3;-130.0;ja;6.47;-1.14
SMT;2023-11-14;15:30:45;SHORT;NY PRE high;ES;15816.25;15834.0;15741.25;15802.25;15m low;BE;0.0;0.0;ja;17.93;11.24
Vergence;2023-11-14;15:30:45;SHORT;15m high 15:15 / NY PRE high;Begge;15816.25;15834.0;15741.25;15802.25;15m low;BE;0.0;0.0;ja;6.47;-0.77
Vergence;2023-11-20;15:36:30;SHORT;London high;ES;15973.0;15983.0;15936.625;15957.5625;0.75;BE;0.0;0.0;ja;6.47;-0.37
Vergence;2023-11-22;15:56:30;LONG;NY PRE low;Begge;16044.5;16034.5;16104.25;16069.625;0.25;BE;0.0;0.0;ja;6.47;0.03
Vergence;2023-11-28;15:31:30;SHORT;NY PRE high;NQ;15979.75;15992.75;15904.75;15966.75;15m low;SL;-1.3;-130.0;ja;5.17;0.39
Vergence;2023-12-01;15:30:00;SHORT;15m high 15:15;Begge;15921.75;15935.25;15846.75;15919.25;Asia low;BE;0.0;0.0;ja;5.17;0.78
SMT;2023-12-06;15:30:00;SHORT;NY PRE high;NQ;16021.75;16037.75;15946.75;16018.25;15m low;TP;7.5;750.0;ja;25.43;11.66
Vergence;2023-12-08;15:30:15;SHORT;15m high 15:15;Begge;15954.5;15976.75;15888.25;15938.5;15m low;SL;-2.22;-222.0;ja;2.95;1.1
Vergence;2023-12-08;15:44:15;SHORT;NY PRE high;ES;16019.25;16029.25;15944.25;16010.4375;0.75;BE;0.0;0.0;ja;2.95;1.29
SMT;2023-12-12;15:30:15;LONG;NY PRE low;NQ;16441.25;16427.0;16516.25;16457.25;5m high;SL;-1.42;-142.0;ja;24.01;12.07
SMT;2023-12-13;15:30:15;LONG;NY PRE low;ES;16614.0;16604.0;16689.0;16625.75;5m high;BE;0.0;0.0;ja;24.01;12.48
SMT;2023-12-14;15:30:00;LONG;15m low;NQ;16822.0;16811.5;16861.0;16825.0;EQ foer open;BE;0.0;0.0;ja;24.01;12.89
Vergence;2023-12-14;15:45:30;SHORT;NY PRE high;ES;16864.25;16874.25;16807.0;16858.625;0.75;SL;-1.0;-100.0;ja;1.95;1.48
SMT;2023-12-18;15:30:30;LONG;15m low;NQ;16844.0;16832.5;16919.0;16848.75;5m high;BE;0.0;0.0;ja;24.01;13.35
SMT;2023-12-19;15:30:15;LONG;NY PRE low;NQ;16955.5;16944.5;17030.5;16964.75;15m high;BE;0.0;0.0;ja;24.01;13.85
SMT;2023-12-20;15:30:15;LONG;15m low;NQ;16986.25;16971.0;17040.25;17001.0;EQ foer open;TP;5.4;540.0;ja;29.41;14.56
Vergence;2023-12-20;15:36:30;SHORT;NY PRE high;ES;16994.5;17004.5;16919.5;16970.0;NY PRE low;SL;-1.0;-100.0;nej;0.95;1.68
Vergence;2023-12-26;15:31:30;SHORT;NY PRE high;ES;17025.0;17035.0;16984.75;17019.625;EQ;BE;0.0;0.0;nej;0.95;1.91
SMT;2023-12-28;15:30:30;SHORT;NY PRE high;ES;17151.75;17161.75;17076.75;17139.25;15m low;TP;7.5;750.0;ja;36.91;15.56
Vergence;2023-12-29;15:35:45;SHORT;NY PRE high;ES;17085.0;17095.0;17010.0;17081.25;15m low;BE;0.0;0.0;nej;0.95;2.17
Vergence;2024-01-03;15:30:15;LONG;15m low 15:15 / NY PRE low;Begge;16599.25;16586.75;16646.0;16607.0;EQ foer open;BE;0.0;0.0;nej;0.95;2.24
SMT;2024-01-04;15:30:00;LONG;NY PRE low;NQ;16456.5;16443.25;16519.0;16458.5;5m high;BE;0.0;0.0;ja;36.91;16.6
SMT;2024-01-05;15:30:00;SHORT;NY PRE high;NQ;16439.25;16452.0;16364.25;16427.5;5m low;SL;-1.27;-127.0;ja;35.64;17.63
Vergence;2024-01-16;15:30:00;SHORT;15m high 15:15;Begge;16909.75;16925.0;16872.25;16891.25;5m low;SL;-1.52;-152.0;nej;-0.57;2.3
SMT;2024-01-19;15:30:15;LONG;NY PRE low;NQ;17196.0;17186.0;17255.25;17221.25;5m high;SL;-1.0;-100.0;ja;34.64;18.62
Vergence;2024-01-22;15:35:15;SHORT;London high;NQ;17577.25;17587.25;17513.25;17570.625;0.75;TP;6.4;640.0;nej;5.83;2.57
SMT;2024-01-22;15:42:45;LONG;NY PRE low;NQ;17514.0;17504.0;17582.5;17526.1875;0.25;SL;-1.0;-100.0;ja;33.64;19.58
SMT;2024-01-26;15:30:00;SHORT;15m high;ES;17543.0;17560.25;17468.0;17533.0;NY PRE low;SL;-1.72;-172.0;ja;31.92;20.49
SMT;2024-01-29;15:30:15;SHORT;15m high;ES;17541.75;17551.75;17496.25;17534.5;London low;BE;0.0;0.0;ja;31.92;21.43
SMT;2024-01-29;15:33:45;SHORT;NY PRE high;ES;17546.25;17556.25;17496.25;17534.5;London low;SL;-1.0;-100.0;ja;30.92;22.34
SMT;2024-01-31;15:30:15;LONG;NY PRE low;NQ;17386.0;17372.0;17454.25;17401.0;15m high;BE;0.0;0.0;ja;30.92;23.25
SMT;2024-02-01;15:30:15;SHORT;15m high;ES;17309.25;17319.25;17262.75;17300.0;NY PRE low;BE;0.0;0.0;ja;30.92;24.16
SMT;2024-02-05;15:30:00;SHORT;15m high;NQ;17717.0;17731.5;17673.75;17710.0;5m low;BE;0.0;0.0;ja;30.92;24.86
SMT;2024-02-07;15:30:00;SHORT;NY PRE high;ES;17766.75;17778.25;17705.5;17759.25;5m low;BE;0.0;0.0;ja;30.92;25.33
Vergence;2024-02-12;15:34:30;SHORT;NY PRE high;NQ;18046.5;18056.5;17971.5;18040.125;0.75;BE;0.0;0.0;ja;5.83;2.83
SMT;2024-02-14;15:30:15;SHORT;NY PRE high;ES;17797.0;17810.5;17722.0;17778.5;5m low;SL;-1.35;-135.0;ja;29.57;25.76
Vergence;2024-02-14;15:30:15;SHORT;15m high 14:15 / 15m high 14:45 / 15m high 15:15 / NY PRE high;Begge;17797.0;17810.5;17722.0;17778.5;5m low;SL;-1.35;-135.0;ja;4.48;3.06
Vergence;2024-02-14;15:31:30;SHORT;NY PRE high;NQ;17806.5;17819.0;17765.75;17801.5;EQ;BE;0.0;0.0;ja;4.48;3.28
SMT;2024-02-15;15:33:00;LONG;NY PRE low;NQ;17880.75;17870.75;17933.5;17888.75;EQ;BE;0.0;0.0;ja;29.57;26.19
Vergence;2024-02-20;15:32:45;SHORT;NY PRE high;ES;17713.0;17724.0;17647.25;17705.375;0.75;TP;6.58;658.0;ja;11.06;3.49
SMT;2024-02-22;15:30:15;SHORT;15m high;NQ;17902.5;17919.5;17827.5;17869.0;NY PRE low;BE;0.0;0.0;ja;29.57;26.61
Vergence;2024-02-22;15:30:15;SHORT;15m high 14:45 / 15m high 15:00 / 15m high 15:15 / NY PRE high;Begge;17902.5;17919.5;17827.5;17869.0;NY PRE low;AFLOEST;0.0;0.0;ja;11.06;3.7
Vergence;2024-02-22;15:32:15;LONG;NY PRE low;NQ;17880.25;17864.75;17925.75;17885.125;EQ;BE;0.0;0.0;nej;11.06;3.95
Vergence;2024-02-26;15:30:00;SHORT;15m high 15:15;Begge;18011.75;18022.25;17971.75;17995.0;15m low;SL;-1.05;-105.0;ja;10.01;4.19
Vergence;2024-02-26;15:33:30;SHORT;NY PRE high;ES;18022.75;18038.5;17971.75;17995.0;15m low;TP;5.1;510.0;ja;15.11;4.65
SMT;2024-03-07;15:30:00;SHORT;NY PRE high;NQ;18180.0;18194.25;18105.25;18165.25;5m low;SL;-1.42;-142.0;ja;28.15;27.04
SMT;2024-03-14;15:30:00;SHORT;15m high;NQ;18367.25;18377.75;18292.25;18360.875;EQ foer open;BE;0.0;0.0;ja;28.15;27.47
Vergence;2024-03-14;15:33:00;LONG;NY PRE low;ES;18353.0;18342.25;18414.0;18356.75;EQ;BE;0.0;0.0;nej;15.11;5.11
SMT;2024-03-15;15:30:00;LONG;NY PRE low;ES;18170.75;18143.0;18245.75;18188.875;EQ foer open;SL;-2.78;-278.0;ja;25.37;27.84
Vergence;2024-03-15;15:31:15;LONG;NY PRE low;NQ;18154.5;18129.25;18229.5;18188.5;EQ foer open;SL;-2.52;-252.0;ja;12.59;5.49
SMT;2024-03-18;15:30:00;SHORT;NY PRE high;ES;18278.5;18293.25;18203.5;18269.25;15m low;SL;-1.48;-148.0;nej;23.89;27.99
SMT;2024-03-20;15:30:00;SHORT;NY PRE high;NQ;18310.75;18327.5;18235.75;18303.0;5m low;SL;-1.68;-168.0;nej;22.21;28.09
Vergence;2024-03-20;15:30:45;SHORT;15m high 15:15 / London high / NY PRE high;Begge;18325.25;18335.25;18282.5;18303.0;5m low;TP;4.28;428.0;ja;16.87;6.01
SMT;2024-03-26;15:30:00;SHORT;15m high;ES;18555.0;18569.75;18516.75;18552.5;NY PRE low;SL;-1.48;-148.0;nej;20.73;28.14
SMT;2024-04-01;15:30:00;SHORT;15m high;NQ;18494.0;18504.0;18419.0;18489.25;5m low;SL;-1.0;-100.0;nej;19.73;28.2
SMT;2024-04-03;15:30:15;SHORT;15m high;ES;18252.5;18262.5;18177.5;18232.5;Asia low;SL;-1.0;-100.0;nej;18.73;28.22
Vergence;2024-04-05;15:48:15;SHORT;NY PRE high;Begge;18186.0;18200.0;18111.0;18175.625;0.75;SL;-1.4;-140.0;ja;15.47;6.49
SMT;2024-04-09;15:30:00;SHORT;NY PRE high;NQ;18380.25;18402.25;18336.75;18368.0;15m low;SL;-2.2;-220.0;nej;16.53;27.93
Vergence;2024-04-09;15:50:15;LONG;NY PRE low;NQ;18346.75;18335.25;18395.5;18349.375;0.25;BE;0.0;0.0;ja;15.47;6.99
SMT;2024-04-12;15:30:30;SHORT;15m high;ES;18295.5;18305.5;18220.5;18288.75;EQ foer open;BE;0.0;0.0;nej;16.53;27.68
SMT;2024-04-16;15:30:15;LONG;NY PRE low;NQ;17868.25;17846.25;17917.75;17879.5;5m high;BE;0.0;0.0;nej;16.53;27.43
Vergence;2024-04-16;15:30:15;LONG;15m low 15:15 / NY PRE low;Begge;17868.25;17846.25;17917.75;17879.5;5m high;BE;0.0;0.0;ja;15.47;7.5
SMT;2024-04-18;15:30:15;LONG;NY PRE low;NQ;17678.0;17660.25;17713.25;17682.75;5m high;SL;-1.78;-178.0;nej;14.75;27.12
Vergence;2024-04-18;15:30:15;LONG;15m low 15:15 / NY PRE low;Begge;17678.0;17660.25;17713.25;17682.75;5m high;SL;-1.78;-178.0;ja;13.69;7.7
SMT;2024-04-22;15:30:15;SHORT;NY PRE high;NQ;17297.5;17307.5;17246.25;17285.25;15m low;BE;0.0;0.0;nej;14.75;26.81
SMT;2024-04-23;15:30:15;SHORT;NY PRE high;NQ;17424.75;17440.0;17360.0;17414.75;5m low;BE;0.0;0.0;nej;14.75;26.5
Vergence;2024-04-29;15:30:15;SHORT;15m high 15:15 / NY PRE high;Begge;17915.75;17934.5;17865.0;17904.75;5m low;SL;-1.88;-188.0;ja;11.81;7.87
Vergence;2024-05-02;15:36:45;LONG;London low;Begge;17531.25;17518.0;17606.25;17544.5;EQ;BE;0.0;0.0;ja;11.81;8.05
Vergence;2024-05-02;15:40:15;LONG;Asia low;Begge;17528.0;17516.0;17603.0;17535.5;EQ;BE;0.0;0.0;ja;11.81;8.23
SMT;2024-05-08;15:30:00;LONG;15m low;NQ;18093.75;18078.5;18152.5;18103.75;15m high;BE;0.0;0.0;nej;14.75;26.01
SMT;2024-05-09;15:30:00;LONG;15m low;NQ;18193.75;18183.75;18268.75;18197.25;5m high;BE;0.0;0.0;nej;14.75;25.28
Vergence;2024-05-13;15:35:00;LONG;NY PRE low;ES;18299.25;18289.25;18335.25;18309.5;EQ;BE;0.0;0.0;ja;11.81;8.41
Vergence;2024-05-13;15:40:30;LONG;London low;Begge;18277.0;18267.0;18335.25;18288.125;EQ;SL;-1.0;-100.0;ja;10.81;8.6
SMT;2024-05-15;15:30:00;SHORT;15m high;NQ;18501.5;18517.75;18426.5;18496.75;15m low;BE;0.0;0.0;nej;14.75;24.54
SMT;2024-05-17;15:30:00;LONG;NY PRE low;NQ;18656.75;18646.75;18731.75;18671.25;5m high;SL;-1.0;-100.0;nej;13.75;23.81
Vergence;2024-05-20;15:30:45;LONG;NY PRE low;Begge;18641.75;18631.75;18687.5;18652.25;5m high;TP;4.58;458.0;ja;15.39;8.94
Vergence;2024-05-22;15:30:15;SHORT;15m high 15:15 / NY PRE high;Begge;18808.75;18818.75;18755.0;18799.0;5m low;SL;-1.0;-100.0;ja;14.39;9.32
SMT;2024-05-22;15:33:15;SHORT;Asia high;NQ;18822.0;18832.0;18786.25;18817.75;EQ;BE;0.0;0.0;nej;13.75;23.11
SMT;2024-05-24;15:30:45;LONG;15m low;NQ;18745.0;18733.0;18820.0;18770.0;15m high;BE;0.0;0.0;nej;13.75;22.45
Vergence;2024-05-24;15:35:15;SHORT;NY PRE high;ES;18760.0;18777.25;18723.5;18723.5;NY PRE low;SL;-1.72;-172.0;ja;12.67;9.64
SMT;2024-05-29;15:33:15;LONG;NY PRE low;ES;18797.75;18787.75;18835.25;18813.5;15m high;SL;-1.0;-100.0;nej;12.75;21.81
SMT;2024-05-31;15:30:00;LONG;15m low;ES;18603.0;18593.0;18668.25;18622.0;EQ foer open;SL;-1.0;-100.0;nej;11.75;21.14
Vergence;2024-06-03;15:30:15;SHORT;NY PRE high;Begge;18709.5;18721.0;18634.5;18702.5;5m low;BE;0.0;0.0;ja;12.67;10.0
SMT;2024-06-04;15:30:15;SHORT;London high;NQ;18632.75;18650.75;18562.25;18621.0;5m low;BE;0.0;0.0;nej;11.75;20.5
Vergence;2024-06-04;15:30:15;SHORT;London high / NY PRE high;Begge;18632.75;18650.75;18562.25;18621.0;5m low;BE;0.0;0.0;ja;12.67;10.39
SMT;2024-06-05;15:51:15;LONG;NY PRE low;ES;18831.0;18819.5;18906.0;18853.75;Asia high;BE;0.0;0.0;nej;11.75;19.86
Vergence;2024-06-10;15:33:15;LONG;NY PRE low;ES;19002.75;18992.5;19044.0;19017.5;15m high;BE;0.0;0.0;ja;12.67;10.78
Vergence;2024-06-17;15:33:30;LONG;NY PRE low;NQ;19947.5;19937.5;19985.25;19954.75;EQ;SL;-1.0;-100.0;ja;11.67;11.14
Vergence;2024-06-17;15:35:15;LONG;London low;NQ;19939.5;19928.25;19985.25;19947.0;EQ;BE;0.0;0.0;ja;11.67;11.5
SMT;2024-06-18;15:30:00;LONG;15m low;NQ;20192.5;20182.5;20267.5;20197.25;EQ foer open;SL;-1.0;-100.0;nej;10.75;19.19
Vergence;2024-06-25;15:30:30;LONG;15m low 14:45 / 15m low 15:15 / NY PRE low;Begge;19824.25;19813.0;19899.25;19844.0;5m high;SL;-1.12;-112.0;ja;10.55;11.87
Vergence;2024-06-26;15:30:15;SHORT;15m high 15:15;Begge;19928.75;19938.75;19853.75;19921.625;EQ foer open;SL;-1.0;-100.0;nej;9.55;11.99
SMT;2024-06-27;15:30:30;SHORT;15m high;NQ;20001.75;20011.75;19953.0;19989.75;15m low;SL;-1.0;-100.0;nej;9.75;18.48
SMT;2024-07-01;15:30:45;LONG;NY PRE low;NQ;19967.25;19945.75;20020.75;19974.25;15m high;BE;0.0;0.0;nej;9.75;17.78
SMT;2024-07-02;15:30:15;SHORT;NY PRE high;NQ;19979.5;19990.75;19927.25;19970.75;5m low;SL;-1.12;-112.0;nej;8.63;17.08
SMT;2024-07-09;15:33:15;SHORT;Asia high;NQ;20748.25;20758.25;20703.25;20738.5;EQ;SL;-1.0;-100.0;nej;7.63;16.35
SMT;2024-07-11;15:30:15;LONG;15m low;NQ;20887.75;20877.75;20962.75;20898.125;EQ foer open;SL;-1.0;-100.0;nej;6.63;15.58
Vergence;2024-07-15;15:40:30;SHORT;London high;NQ;20647.0;20657.0;20593.75;20642.4375;0.75;SL;-1.0;-100.0;nej;8.55;12.08
Vergence;2024-07-15;15:46:45;LONG;NY PRE low;ES;20591.0;20581.0;20652.5;20603.75;0.25;TP;6.15;615.0;nej;14.7;12.42
SMT;2024-07-19;15:30:00;LONG;NY PRE low;NQ;19869.75;19859.5;19944.75;19891.375;EQ foer open;SL;-1.02;-102.0;nej;5.61;14.83
Vergence;2024-07-19;15:32:15;LONG;NY PRE low;ES;19850.75;19835.75;19925.75;19858.125;EQ;BE;0.0;0.0;ja;14.7;12.76
Vergence;2024-07-19;15:41:15;SHORT;NY PRE high;ES;19959.5;19976.5;19920.5;19948.5;0.75;TP;3.9;390.0;ja;18.6;13.01
SMT;2024-07-22;15:33:00;LONG;NY PRE low;NQ;19904.5;19891.25;19958.5;19908.25;0.25;SL;-1.32;-132.0;nej;4.29;14.03
SMT;2024-07-23;15:30:30;SHORT;15m high;ES;19964.5;19974.5;19923.75;19952.75;15m low;BE;0.0;0.0;nej;4.29;13.33
Vergence;2024-07-23;15:40:45;SHORT;NY PRE high;Begge;20006.5;20022.25;19931.5;20000.0625;0.75;BE;0.0;0.0;ja;18.6;13.26
SMT;2024-07-24;15:33:30;LONG;NY PRE low;NQ;19630.0;19604.25;19705.0;;-;SL;-2.58;-258.0;nej;1.71;12.59
SMT;2024-07-25;15:30:15;LONG;15m low;NQ;19219.25;19203.75;19276.0;19241.0;5m high;SL;-1.55;-155.0;nej;0.16;11.86
SMT;2024-07-30;15:30:15;SHORT;NY PRE high;ES;19272.25;19292.75;19197.25;19270.0;5m low;BE;0.0;0.0;nej;0.16;11.17
SMT;2024-07-31;15:30:00;SHORT;NY PRE high;NQ;19363.5;19390.5;19288.5;19352.75;15m low;BE;0.0;0.0;nej;0.16;10.52
SMT;2024-08-01;15:30:15;LONG;NY PRE low;NQ;19535.5;19516.25;19610.5;19544.75;5m high;SL;-1.92;-192.0;nej;-1.76;9.84
SMT;2024-08-07;15:30:00;SHORT;NY PRE high;NQ;18451.75;18465.0;18384.25;18449.75;EQ foer open;SL;-1.32;-132.0;nej;-3.08;9.18
SMT;2024-08-09;15:30:45;SHORT;15m high;NQ;18460.75;18483.25;18385.75;18429.5;5m low;SL;-2.25;-225.0;nej;-5.33;8.45
Vergence;2024-08-09;15:39:30;SHORT;NY PRE high;Begge;18522.0;18532.0;18447.0;18517.75;0.75;TP;7.5;750.0;ja;26.1;13.77
Vergence;2024-08-12;15:33:45;LONG;NY PRE low;ES;18652.5;18642.5;18693.5;18672.5;15m high;BE;0.0;0.0;ja;26.1;14.3
Vergence;2024-08-15;15:32:15;SHORT;NY PRE high;NQ;19368.25;19381.5;19293.25;19361.5;EQ;BE;0.0;0.0;ja;26.1;14.67
SMT;2024-08-19;15:30:00;LONG;NY PRE low;NQ;19611.25;19599.75;19686.25;19621.0;5m high;SL;-1.15;-115.0;nej;-6.48;7.69
SMT;2024-08-20;15:42:15;SHORT;NY PRE high;ES;19867.5;19878.5;19812.25;19863.125;0.75;BE;0.0;0.0;nej;-6.48;6.98
SMT;2024-08-22;15:30:00;SHORT;NY PRE high;ES;19991.5;20001.5;19937.0;19985.5;5m low;SL;-1.0;-100.0;nej;-7.48;6.24
SMT;2024-08-27;15:30:45;SHORT;15m high;NQ;19514.0;19531.5;19476.0;19500.0;5m low;BE;0.0;0.0;nej;-7.48;5.5
SMT;2024-08-29;15:30:00;SHORT;15m high;NQ;19489.0;19509.0;19443.75;19468.0;15m low;SL;-2.0;-200.0;nej;-9.48;4.69
Vergence;2024-08-29;15:35:15;SHORT;NY PRE high;ES;19589.0;19600.75;19540.5;19570.625;0.75;SL;-1.18;-118.0;ja;24.92;15.0
Vergence;2024-09-05;15:33:45;SHORT;NY PRE high;NQ;18932.5;18946.5;18857.5;18917.0;EQ;BE;0.0;0.0;ja;24.92;15.41
SMT;2024-09-09;15:30:00;SHORT;NY PRE high;NQ;18610.0;18634.75;18565.5;18596.75;5m low;SL;-2.48;-248.0;nej;-11.96;3.8
Vergence;2024-09-09;15:31:30;SHORT;London high / NY PRE high;ES;18629.25;18640.75;18565.5;18592.25;15m low;SL;-1.15;-115.0;ja;23.77;15.64
SMT;2024-09-10;15:30:15;LONG;15m low;NQ;18759.25;18747.5;18834.25;18775.5;5m high;BE;0.0;0.0;nej;-11.96;2.91
Vergence;2024-09-16;15:34:00;LONG;NY PRE low;ES;19588.0;19576.0;19663.0;19593.625;0.25;SL;-1.2;-120.0;ja;22.57;15.87
Vergence;2024-09-17;15:33:00;SHORT;NY PRE high;ES;19813.5;19824.5;19766.75;19777.5;15m low;TP;4.68;468.0;ja;27.25;16.27
Vergence;2024-09-19;15:30:00;SHORT;NY PRE high;Begge;20050.25;20060.25;19979.0;20027.5;5m low;BE;0.0;0.0;ja;27.25;16.66
SMT;2024-10-07;15:45:45;LONG;NY PRE low;NQ;20113.5;20100.25;20188.5;20125.125;EQ;BE;0.0;0.0;nej;-11.96;2.05
SMT;2024-10-10;15:30:00;SHORT;15m high;ES;20355.5;20365.5;20280.5;20346.75;15m low;BE;0.0;0.0;nej;-11.96;1.2
SMT;2024-10-11;15:54:15;SHORT;NY PRE high;ES;20355.0;20365.0;20280.0;20342.0;EQ;SL;-1.0;-100.0;nej;-12.96;0.3
SMT;2024-10-14;15:30:30;LONG;15m low;ES;20558.25;20541.0;20633.25;20566.5;Asia high;BE;0.0;0.0;nej;-12.96;-0.55
Vergence;2024-10-16;15:33:00;LONG;London low;ES;20317.75;20307.0;20378.5;;-;SL;-1.08;-108.0;ja;26.17;17.08
Vergence;2024-10-17;15:34:45;LONG;NY PRE low;ES;20481.25;20471.25;20556.25;20493.9375;0.25;SL;-1.0;-100.0;ja;25.17;17.52
SMT;2024-10-18;15:45:30;SHORT;NY PRE high;NQ;20497.5;20510.75;20422.5;20493.8125;0.75;SL;-1.32;-132.0;nej;-14.28;-1.42
Vergence;2024-10-22;15:30:30;SHORT;15m high 15:15;Begge;20393.25;20417.5;20318.25;20390.875;EQ foer open;BE;0.0;0.0;ja;25.17;17.97
Vergence;2024-10-23;15:31:30;LONG;NY PRE low;Begge;20430.75;20407.75;20494.5;;-;SL;-2.3;-230.0;ja;22.87;18.33
Vergence;2024-10-30;15:31:15;LONG;NY PRE low;ES;20662.5;20635.0;20734.5;20672.75;15m high;SL;-2.75;-275.0;ja;20.12;18.61
Vergence;2024-11-07;15:30:30;SHORT;NY PRE high;Begge;21019.5;21029.5;20958.25;20996.0;15m low;SL;-1.0;-100.0;ja;19.12;18.89
SMT;2024-11-12;15:30:15;SHORT;NY PRE high;ES;21210.75;21220.75;21135.75;21196.0;15m low;SL;-1.0;-100.0;nej;-15.28;-2.32
Vergence;2024-11-12;15:30:15;SHORT;15m high 15:00 / 15m high 15:15 / London high / NY PRE high;Begge;21210.75;21220.75;21135.75;21196.0;15m low;SL;-1.0;-100.0;ja;18.12;18.98
SMT;2024-11-13;15:30:15;LONG;15m low;NQ;21167.0;21152.5;21242.0;21187.75;5m high;SL;-1.45;-145.0;nej;-16.73;-3.27
Vergence;2024-11-15;15:33:30;LONG;NY PRE low;ES;20756.0;20742.0;20831.0;20798.0;15m high;SL;-1.4;-140.0;nej;16.72;19.06
Vergence;2024-11-26;15:35:30;SHORT;NY PRE high;ES;20985.5;20997.5;20919.75;;-;SL;-1.2;-120.0;nej;15.52;19.15
SMT;2024-12-02;15:30:00;SHORT;NY PRE high;ES;21028.25;21044.25;20953.25;21024.25;15m low;SL;-1.6;-160.0;nej;-18.33;-4.24
Vergence;2024-12-04;15:30:15;LONG;15m low 15:15 / NY PRE low;Begge;21420.75;21408.0;21457.0;21426.75;EQ foer open;BE;0.0;0.0;nej;15.52;19.25
SMT;2024-12-06;15:30:45;LONG;15m low;NQ;21493.75;21483.75;21529.75;21516.25;15m high;TP;3.6;360.0;nej;-14.73;-5.06
Vergence;2024-12-06;15:34:30;SHORT;NY PRE high;NQ;21525.25;21535.25;21450.25;21522.8125;0.75;BE;0.0;0.0;nej;15.52;19.34
SMT;2024-12-11;15:30:00;SHORT;NY PRE high;NQ;21583.25;21593.25;21508.25;21571.5;5m low;SL;-1.0;-100.0;nej;-15.73;-5.9
SMT;2024-12-19;15:30:15;LONG;15m low;ES;21654.75;21643.0;21729.75;21662.5;EQ foer open;BE;0.0;0.0;nej;-15.73;-6.72
SMT;2024-12-23;15:33:30;SHORT;NY PRE high;NQ;21661.0;21673.25;21586.0;21650.125;EQ;BE;0.0;0.0;nej;-15.73;-7.5
SMT;2024-12-31;15:30:15;LONG;15m low;ES;21473.0;21447.5;21524.75;21483.75;5m high;SL;-2.55;-255.0;nej;-18.28;-8.33
Vergence;2024-12-31;15:30:15;LONG;15m low 15:00 / 15m low 15:15;Begge;21473.0;21447.5;21524.75;21483.75;5m high;SL;-2.55;-255.0;nej;12.97;19.35
Vergence;2025-01-02;15:34:00;LONG;London low;ES;21302.0;21280.5;21377.0;21326.75;EQ;SL;-2.15;-215.0;nej;10.82;19.32
Vergence;2025-01-02;15:40:15;LONG;Asia low;ES;21195.25;21166.5;21269.75;21218.125;0.25;BE;0.0;0.0;nej;10.82;19.3
Vergence;2025-01-03;15:30:30;SHORT;NY PRE high;Begge;21302.0;21312.0;21227.0;21277.5;5m low;SL;-1.0;-100.0;nej;9.82;19.27
SMT;2025-01-06;15:30:15;SHORT;15m high;NQ;21730.5;21745.5;21655.5;21686.25;5m low;SL;-1.5;-150.0;nej;-19.78;-9.17
SMT;2025-01-08;15:54:00;LONG;NY PRE low;ES;21314.0;21286.0;21389.0;21332.25;EQ;BE;0.0;0.0;nej;-19.78;-9.97
Vergence;2025-01-10;15:30:00;SHORT;15m high 15:15;Begge;21176.25;21197.25;21101.25;21149.0;15m low;BE;0.0;0.0;nej;9.82;19.28
Vergence;2025-01-10;15:48:15;LONG;NY PRE low;ES;21022.25;21010.0;21072.625;21041.3125;0.25;BE;0.0;0.0;nej;9.82;19.32
Vergence;2025-01-13;15:30:00;LONG;NY PRE low;Begge;20771.25;20753.75;20842.25;20775.25;5m high;BE;0.0;0.0;nej;9.82;19.16
SMT;2025-01-13;15:54:30;SHORT;NY PRE high;ES;20810.5;20826.25;20735.5;20795.5;EQ;SL;-1.58;-158.0;nej;-21.36;-10.83
SMT;2025-01-21;15:30:15;SHORT;NY PRE high;ES;21707.0;21718.25;21632.0;21694.75;15m low;TP;7.5;750.0;nej;-13.86;-11.35
Vergence;2025-01-21;15:41:15;LONG;NY PRE low;ES;21599.75;21589.5;21647.75;21618.625;0.25;TP;4.8;480.0;nej;14.62;19.16
Vergence;2025-01-22;15:30:00;SHORT;15m high 15:15;Begge;21908.0;21923.5;21839.75;21902.0;5m low;SL;-1.55;-155.0;nej;13.07;18.97
SMT;2025-01-23;15:30:15;LONG;NY PRE low;NQ;21885.0;21875.0;21947.75;21893.25;5m high;SL;-1.0;-100.0;nej;-14.86;-11.85
Vergence;2025-01-28;15:30:00;SHORT;15m high 15:15;Begge;21302.25;21312.25;21267.0;21282.75;5m low;SL;-1.0;-100.0;nej;12.07;18.76
SMT;2025-01-28;15:36:00;LONG;Asia low;NQ;21226.25;21216.0;21301.25;21234.75;0.25;SL;-1.02;-102.0;nej;-15.88;-12.38
SMT;2025-02-03;15:30:30;LONG;15m low;NQ;21193.75;21177.5;21247.5;21226.25;15m high;TP;5.38;538.0;nej;-10.5;-12.74
SMT;2025-02-04;15:30:15;LONG;NY PRE low;NQ;21418.0;21408.0;21475.5;21443.25;15m high;SL;-1.0;-100.0;ja;-11.5;-13.06
Vergence;2025-02-04;15:30:45;LONG;NY PRE low;Begge;21421.75;21405.25;21475.5;21443.25;15m high;TP;5.38;538.0;nej;17.45;18.47
SMT;2025-02-04;15:36:15;SHORT;NY PRE high;NQ;21466.5;21478.25;21391.5;21462.0625;0.75;SL;-1.18;-118.0;ja;-12.68;-13.38
Vergence;2025-02-07;15:30:15;LONG;15m low 15:15;Begge;21884.75;21869.75;21930.0;21894.25;15m high;TP;4.53;453.0;nej;21.98;18.33
SMT;2025-02-11;15:36:45;SHORT;London high;NQ;21790.5;21800.5;21748.625;21772.5625;0.75;BE;0.0;0.0;ja;-12.68;-13.63
SMT;2025-02-12;15:30:15;SHORT;15m high;NQ;21554.25;21572.0;21510.75;21547.25;5m low;BE;0.0;0.0;ja;-12.68;-13.84
SMT;2025-02-13;15:30:15;LONG;15m low;ES;21869.25;21859.25;21927.0;21877.75;5m high;TP;5.78;578.0;ja;-6.9;-13.85
SMT;2025-02-14;15:30:00;LONG;15m low;NQ;22114.75;22101.0;22163.5;22120.0;NY PRE high;BE;0.0;0.0;ja;-6.9;-13.83
Vergence;2025-02-18;15:30:00;LONG;NY PRE low;Begge;22258.25;22248.25;22318.25;22280.375;EQ foer open;SL;-1.0;-100.0;ja;20.98;18.16
SMT;2025-02-18;15:30:45;LONG;Asia low;ES;22252.5;22236.0;22318.25;22272.375;EQ foer open;SL;-1.65;-165.0;ja;-8.55;-13.87
Vergence;2025-02-20;15:47:45;LONG;London low;NQ;22153.25;22138.75;22223.0;22157.1875;0.25;BE;0.0;0.0;ja;20.98;18.03
SMT;2025-02-27;15:30:15;LONG;15m low;NQ;21340.0;21324.25;21386.5;21358.25;5m high;SL;-1.58;-158.0;ja;-10.13;-13.89
Vergence;2025-02-27;15:44:15;LONG;NY PRE low;ES;21191.75;21170.25;21266.75;21222.9375;0.25;BE;0.0;0.0;ja;20.98;17.9
Vergence;2025-02-27;15:55:15;LONG;Asia low;ES;21063.5;21044.75;21138.5;;-;SL;-1.88;-188.0;ja;19.1;17.74
Vergence;2025-02-28;15:30:15;LONG;15m low 15:15 / NY PRE low;Begge;20585.5;20564.5;20660.5;20604.75;5m high;SL;-2.1;-210.0;ja;17.0;17.55
Vergence;2025-03-03;15:57:00;LONG;Asia low;ES;20852.0;20836.0;20927.0;20897.0;0.25;SL;-1.6;-160.0;nej;15.4;17.16
SMT;2025-03-04;15:36:45;SHORT;NY PRE high;NQ;20384.0;20408.75;20309.0;20381.5;0.75;SL;-2.48;-248.0;ja;-12.61;-13.91
SMT;2025-03-10;15:30:15;LONG;NY PRE low;NQ;19869.5;19856.5;19944.5;19885.375;EQ foer open;BE;0.0;0.0;ja;-12.61;-13.93
Vergence;2025-03-11;15:30:00;LONG;NY PRE low;Begge;19435.0;19411.75;19510.0;19467.75;15m high;SL;-2.33;-233.0;nej;13.07;16.69
SMT;2025-03-13;15:54:45;LONG;London low;NQ;19404.25;19390.0;19449.625;19419.8125;0.25;SL;-1.42;-142.0;ja;-14.03;-14.0
SMT;2025-03-14;15:30:00;LONG;NY PRE low;NQ;19479.25;19450.75;19533.5;19482.5;15m high;TP;5.42;542.0;nej;-8.61;-13.89
Vergence;2025-03-14;15:37:30;SHORT;NY PRE high;ES;19588.0;19598.0;19521.5;19556.875;0.75;SL;-1.0;-100.0;nej;12.07;16.22
Vergence;2025-03-18;15:31:00;LONG;NY PRE low;ES;19864.25;19854.25;19939.25;19866.6875;0.25;BE;0.0;0.0;nej;12.07;15.78
SMT;2025-03-26;15:30:00;LONG;NY PRE low;NQ;20443.75;20432.5;20486.5;20453.375;EQ foer open;BE;0.0;0.0;ja;-8.61;-13.74
Vergence;2025-03-26;15:34:15;LONG;NY PRE low;ES;20429.0;20413.0;20486.5;20436.75;EQ;BE;0.0;0.0;nej;12.07;15.34
Vergence;2025-03-27;15:30:15;LONG;NY PRE low;Begge;20027.75;20004.75;20102.75;20036.25;5m high;BE;0.0;0.0;nej;12.07;14.98
SMT;2025-03-28;15:30:15;LONG;15m low;NQ;19908.25;19896.75;19966.0;19944.0;5m high;SL;-1.15;-115.0;ja;-9.76;-13.64
SMT;2025-03-31;15:30:00;LONG;15m low;NQ;19186.75;19158.5;19236.75;19193.0;5m high;SL;-2.82;-282.0;ja;-12.58;-13.58
SMT;2025-04-01;15:30:15;LONG;15m low;NQ;19358.0;19347.5;19411.75;19379.625;EQ foer open;TP;5.38;538.0;ja;-7.2;-13.31
Vergence;2025-04-02;15:31:00;LONG;NY PRE low;Begge;19340.25;19316.5;19415.25;19366.0;15m high;BE;0.0;0.0;nej;12.07;14.72
Vergence;2025-04-04;15:42:00;LONG;NY PRE low;NQ;18041.25;18026.25;18116.25;18052.75;EQ;SL;-1.5;-150.0;nej;10.57;14.43
SMT;2025-04-15;15:33:30;SHORT;London high;NQ;19027.5;19046.0;18952.5;19011.375;EQ;BE;0.0;0.0;ja;-7.2;-12.99
Vergence;2025-04-21;15:30:15;SHORT;15m high 14:45 / 15m high 15:15 / NY PRE high;Begge;18137.75;18151.0;18090.0;18127.5;EQ foer open;SL;-1.32;-132.0;nej;9.25;14.13
Vergence;2025-04-21;15:37:15;LONG;London low / NY PRE low;Begge;18081.25;18060.75;18156.25;18085.1875;0.25;BE;0.0;0.0;nej;9.25;13.89
Vergence;2025-04-22;15:30:00;SHORT;NY PRE high;Begge;18142.5;18159.0;18067.5;18119.75;15m low;BE;0.0;0.0;nej;9.25;13.68
SMT;2025-04-23;15:30:15;SHORT;NY PRE high;NQ;18958.5;18982.75;18883.5;18913.25;15m low;SL;-2.42;-242.0;ja;-9.62;-12.7
Vergence;2025-04-23;15:32:15;SHORT;NY PRE high;ES;18976.0;18990.25;18901.0;;-;SL;-1.42;-142.0;nej;7.83;13.42
Vergence;2025-04-28;15:31:15;SHORT;NY PRE high;NQ;19567.0;19577.0;19492.0;19564.625;0.75;BE;0.0;0.0;nej;7.83;13.16
Vergence;2025-04-29;15:30:15;SHORT;15m high 15:15;Begge;19416.5;19435.75;19378.0;19404.75;5m low;SL;-1.92;-192.0;nej;5.91;12.93
Vergence;2025-04-29;15:50:15;SHORT;NY PRE high;Begge;19522.0;19546.0;19447.0;19517.75;0.75;BE;0.0;0.0;nej;5.91;12.76
SMT;2025-05-05;15:42:15;LONG;NY PRE low;ES;19996.0;19985.25;20071.0;20000.5;0.25;TP;7.5;750.0;ja;-2.12;-12.28
Vergence;2025-05-06;15:30:00;LONG;NY PRE low;Begge;19797.0;19779.75;19854.75;19802.75;5m high;BE;0.0;0.0;nej;5.91;12.6
Vergence;2025-05-08;15:30:15;LONG;15m low 14:45 / 15m low 15:15;Begge;20171.25;20147.75;20226.5;20175.5;5m high;SL;-2.35;-235.0;nej;3.56;12.39
SMT;2025-05-09;15:30:45;SHORT;NY PRE high;NQ;20252.25;20262.25;20195.0;20224.0;15m low;SL;-1.0;-100.0;ja;-3.12;-11.86
SMT;2025-05-14;15:30:45;SHORT;15m high;ES;21334.25;21344.25;21259.25;21311.75;NY PRE low;SL;-1.0;-100.0;ja;-4.12;-11.47
Vergence;2025-05-14;15:35:15;SHORT;NY PRE high;ES;21401.0;21411.0;21326.0;21385.375;0.75;TP;7.5;750.0;nej;11.06;12.43
Vergence;2025-05-15;15:34:45;SHORT;NY PRE high;ES;21332.5;21342.5;21257.5;21324.625;0.75;TP;7.5;750.0;nej;18.56;12.73
Vergence;2025-05-19;15:36:45;SHORT;London high;NQ;21283.25;21293.25;21208.25;21276.875;0.75;SL;-1.0;-100.0;ja;17.56;12.98
SMT;2025-05-20;15:30:15;LONG;NY PRE low;ES;21424.5;21410.75;21474.25;21441.75;5m high;SL;-1.38;-138.0;ja;-5.5;-11.13
Vergence;2025-05-20;15:35:15;LONG;NY PRE low;NQ;21411.5;21401.5;21474.25;21417.875;EQ;SL;-1.0;-100.0;ja;16.56;13.05
Vergence;2025-05-27;15:30:15;LONG;15m low 15:15 / NY PRE low;Begge;21271.0;21244.75;21315.25;21274.25;EQ foer open;BE;0.0;0.0;ja;16.56;13.16
Vergence;2025-05-27;15:36:15;LONG;London low;NQ;21208.0;21198.0;21283.0;21215.9375;0.25;SL;-1.0;-100.0;ja;15.56;13.28
SMT;2025-05-29;15:30:45;LONG;15m low;NQ;21649.5;21638.25;21692.75;21685.75;5m high;SL;-1.12;-112.0;ja;-6.62;-10.74
Vergence;2025-05-30;15:30:00;SHORT;15m high 15:15;Begge;21380.75;21390.75;21305.75;21350.25;5m low;TP;7.5;750.0;ja;23.06;13.47
SMT;2025-06-04;15:30:00;SHORT;15m high;ES;21720.75;21730.75;21655.25;21711.0;5m low;SL;-1.0;-100.0;ja;-7.62;-10.34
Vergence;2025-06-06;15:33:30;SHORT;NY PRE high;ES;21784.25;21800.5;21709.25;21770.25;15m low;BE;0.0;0.0;ja;23.06;13.5
SMT;2025-06-09;15:30:00;LONG;NY PRE low;ES;21808.5;21791.25;21883.5;21811.25;5m high;SL;-1.72;-172.0;ja;-9.34;-9.99
Vergence;2025-06-09;15:30:00;LONG;15m low 15:15 / NY PRE low;Begge;21808.5;21791.25;21883.5;21811.25;5m high;SL;-1.72;-172.0;ja;21.34;13.52
SMT;2025-06-10;15:30:45;SHORT;NY PRE high;ES;21855.25;21865.75;21780.25;21829.25;NY PRE low;BE;0.0;0.0;ja;-9.34;-9.59
Vergence;2025-06-10;15:30:45;SHORT;15m high 15:00 / 15m high 15:15 / NY PRE high;Begge;21855.25;21865.75;21780.25;21829.25;NY PRE low;BE;0.0;0.0;ja;21.34;13.53
SMT;2025-06-13;15:51:15;SHORT;Asia high;NQ;21767.75;21794.75;21728.375;21761.5625;0.75;BE;0.0;0.0;ja;-9.34;-9.44
SMT;2025-06-16;15:30:15;LONG;NY PRE low;ES;22036.5;22014.0;22111.5;22041.75;5m high;TP;7.5;750.0;ja;-1.84;-9.01
Vergence;2025-06-16;15:32:15;SHORT;NY PRE high;ES;22086.25;22099.0;22011.25;22077.75;0.75;BE;0.0;0.0;nej;21.34;13.54
SMT;2025-06-20;15:30:15;LONG;15m low;ES;22066.75;22040.0;22103.0;22103.0;Asia high;TP;3.62;362.0;ja;1.78;-8.42
SMT;2025-06-23;15:33:45;LONG;London low;NQ;21789.5;21769.75;21864.5;21795.0625;0.25;SL;-1.98;-198.0;ja;-0.2;-8.07
Vergence;2025-06-23;15:33:45;LONG;NY PRE low;Begge;21789.5;21769.75;21864.5;21795.0625;0.25;SL;-1.98;-198.0;ja;19.36;13.55
Vergence;2025-06-24;15:30:15;LONG;15m low 14:45 / 15m low 15:00 / 15m low 15:15;Begge;22278.5;22267.5;22314.25;22300.0;5m high;TP;3.58;358.0;ja;22.94;13.75
Vergence;2025-06-26;15:30:30;SHORT;15m high 15:15;Begge;22555.75;22566.5;22520.0;22529.0;15m low;TP;3.58;358.0;ja;26.52;14.12
Vergence;2025-06-27;15:30:15;LONG;15m low 15:15 / NY PRE low;Begge;22708.0;22692.5;22783.0;22728.0;15m high;SL;-1.55;-155.0;ja;24.97;14.51
Vergence;2025-07-01;15:30:15;SHORT;15m high 15:00 / 15m high 15:15;Begge;22807.5;22821.25;22755.75;22791.75;5m low;BE;0.0;0.0;ja;24.97;14.94
Vergence;2025-07-01;15:51:45;SHORT;NY PRE high;NQ;22830.0;22840.0;22755.75;22820.6875;0.75;BE;0.0;0.0;ja;24.97;15.37
SMT;2025-07-07;15:30:45;SHORT;15m high;NQ;22970.5;22980.5;22927.75;22927.75;NY PRE low;TP;4.28;428.0;ja;4.08;-7.56
Vergence;2025-07-14;15:30:15;SHORT;NY PRE high;Begge;22942.0;22955.5;22879.75;22918.5;5m low;SL;-1.35;-135.0;ja;23.62;15.76
SMT;2025-07-15;15:30:30;SHORT;NY PRE high;NQ;23209.25;23222.75;23135.25;23192.5;15m low;TP;7.4;740.0;ja;11.48;-6.75
SMT;2025-07-16;15:30:00;SHORT;15m high;ES;23069.0;23079.0;23010.0;23064.5;5m low;SL;-1.0;-100.0;ja;10.48;-5.98
Vergence;2025-07-16;15:30:45;SHORT;15m high 14:45 / 15m high 15:15 / NY PRE high;Begge;23066.5;23089.5;23010.0;23063.25;15m low;TP;5.65;565.0;ja;29.27;16.33
SMT;2025-07-16;15:42:15;LONG;NY PRE low;NQ;23019.5;23000.75;23085.0;;-;SL;-1.88;-188.0;ja;8.6;-5.27
SMT;2025-07-17;15:33:45;LONG;NY PRE low;NQ;23074.25;23064.25;23149.25;23078.4375;0.25;BE;0.0;0.0;ja;8.6;-4.75
SMT;2025-07-25;15:30:15;LONG;NY PRE low;NQ;23352.25;23342.25;23412.5;23373.5;5m high;BE;0.0;0.0;ja;8.6;-4.24
Vergence;2025-07-25;15:53:30;SHORT;NY PRE high;ES;23393.0;23403.0;23346.75;23390.625;EQ;BE;0.0;0.0;ja;29.27;16.91
SMT;2025-07-30;15:30:15;LONG;NY PRE low;NQ;23472.25;23462.25;23508.0;23491.25;15m high;SL;-1.0;-100.0;ja;7.6;-3.7
Vergence;2025-07-30;15:31:00;LONG;NY PRE low;ES;23477.0;23467.0;23522.0;23491.25;15m high;SL;-1.0;-100.0;ja;28.27;17.5
SMT;2025-08-01;15:30:00;SHORT;15m high;NQ;23074.5;23090.0;23031.5;23045.75;NY PRE low;BE;0.0;0.0;ja;7.6;-3.11
SMT;2025-08-06;15:30:45;LONG;NY PRE low;ES;23167.0;23153.25;23227.0;23189.25;5m high;TP;6.0;600.0;ja;13.6;-2.23
Vergence;2025-08-06;15:30:45;LONG;15m low 14:15 / 15m low 14:30 / 15m low 15:15 / NY PRE low;Begge;23167.0;23153.25;23227.0;23189.25;5m high;TP;6.0;600.0;ja;34.27;18.33
Vergence;2025-08-07;15:34:30;SHORT;NY PRE high;ES;23614.0;23631.5;23575.75;23611.25;EQ;BE;0.0;0.0;ja;34.27;19.16
SMT;2025-08-11;15:30:15;SHORT;15m high;NQ;23724.0;23734.0;23667.75;23700.75;NY PRE low;BE;0.0;0.0;ja;13.6;-1.36
SMT;2025-08-13;15:30:00;SHORT;NY PRE high;NQ;24034.0;24049.0;23988.75;24029.5;5m low;BE;0.0;0.0;ja;13.6;-0.44
SMT;2025-08-14;15:30:15;SHORT;15m high;NQ;23859.75;23873.5;23793.25;23849.625;EQ foer open;BE;0.0;0.0;ja;13.6;0.3
Vergence;2025-08-14;15:30:15;SHORT;15m high 14:45 / 15m high 15:15;Begge;23859.75;23873.5;23793.25;23849.625;EQ foer open;BE;0.0;0.0;ja;34.27;20.0
SMT;2025-08-18;15:30:15;SHORT;NY PRE high;NQ;23781.0;23791.0;23739.5;23761.5;5m low;SL;-1.0;-100.0;ja;12.6;1.01
Vergence;2025-08-18;15:30:15;SHORT;15m high 15:15 / NY PRE high;Begge;23781.0;23791.0;23739.5;23761.5;5m low;SL;-1.0;-100.0;ja;33.27;20.85
Vergence;2025-08-19;15:30:45;SHORT;15m high 14:45 / 15m high 15:15;Begge;23755.0;23770.5;23680.0;23747.5;5m low;TP;7.5;750.0;ja;40.77;21.94
SMT;2025-08-19;15:42:15;SHORT;NY PRE high;ES;23721.25;23731.25;23646.25;23714.4375;0.75;TP;7.5;750.0;ja;20.1;2.01
SMT;2025-08-20;15:30:15;SHORT;NY PRE high;ES;23409.25;23432.0;23344.25;23403.25;15m low;TP;6.5;650.0;ja;26.6;3.31
Vergence;2025-08-20;15:30:15;SHORT;15m high 15:15 / London high / NY PRE high;Begge;23409.25;23432.0;23344.25;23403.25;15m low;TP;6.5;650.0;ja;47.27;23.32
Vergence;2025-08-28;15:31:00;SHORT;London high;ES;23704.0;23720.5;23629.0;23697.8125;0.75;SL;-1.65;-165.0;ja;45.62;24.65
Vergence;2025-08-28;15:52:15;LONG;NY PRE low;Begge;23605.0;23592.5;23642.625;23617.5625;0.25;BE;0.0;0.0;ja;45.62;25.97
SMT;2025-08-29;15:30:00;LONG;15m low;NQ;23654.5;23644.5;23729.5;23670.25;15m high;SL;-1.0;-100.0;ja;25.6;4.4
SMT;2025-09-02;15:30:30;LONG;NY PRE low;NQ;23069.0;23048.5;23144.0;;-;SL;-2.05;-205.0;ja;23.55;5.43
SMT;2025-09-03;15:30:00;LONG;15m low;NQ;23424.75;23414.75;23499.75;23430.5;EQ foer open;BE;0.0;0.0;ja;23.55;6.54
SMT;2025-09-09;15:30:15;SHORT;NY PRE high;NQ;23846.5;23857.75;23800.0;23835.625;EQ foer open;BE;0.0;0.0;ja;23.55;7.39
Vergence;2025-09-09;15:30:15;SHORT;15m high 14:30 / 15m high 14:45 / 15m high 15:00 / 15m high 15:15 / NY PRE high;Begge;23846.5;23857.75;23800.0;23835.625;EQ foer open;BE;0.0;0.0;ja;45.62;27.37
Vergence;2025-09-24;15:30:15;SHORT;15m high 15:15 / NY PRE high;Begge;24888.25;24899.25;24846.5;24873.5;5m low;TP;4.18;418.0;ja;49.8;28.66
SMT;2025-09-25;15:30:30;LONG;NY PRE low;NQ;24542.0;24531.75;24617.0;24584.75;5m high;SL;-1.02;-102.0;ja;22.53;8.25
Vergence;2025-09-25;15:30:30;LONG;15m low 15:15 / NY PRE low;Begge;24542.0;24531.75;24617.0;24584.75;5m high;AFLOEST;0.0;0.0;ja;49.8;29.7
Vergence;2025-09-25;15:31:15;LONG;NY PRE low;ES;24539.5;24529.5;24614.5;24543.5;0.25;BE;0.0;0.0;ja;49.8;30.78
SMT;2025-09-29;15:30:00;LONG;NY PRE low;ES;24858.5;24848.25;24909.5;24877.5;EQ foer open;TP;5.1;510.0;ja;27.63;9.3
SMT;2025-09-30;15:30:15;SHORT;15m high;ES;24814.5;24831.0;24754.75;24812.25;15m low;TP;5.98;598.0;ja;33.61;10.61
Vergence;2025-09-30;15:30:15;SHORT;15m high 15:00 / 15m high 15:15;Begge;24814.5;24831.0;24754.75;24812.25;15m low;TP;5.98;598.0;ja;55.78;32.09
SMT;2025-10-01;15:36:30;SHORT;Asia high;NQ;24828.25;24839.0;24790.875;24814.9375;0.75;SL;-1.08;-108.0;ja;32.53;11.91
Vergence;2025-10-02;15:43:45;LONG;London low;ES;25050.0;25036.25;25102.625;25069.4375;0.25;SL;-1.38;-138.0;ja;54.4;33.35
SMT;2025-10-03;15:30:30;SHORT;15m high;NQ;25129.5;25146.0;25054.5;25126.5;5m low;BE;0.0;0.0;ja;32.53;13.25
SMT;2025-10-08;15:30:00;LONG;15m low;NQ;25086.5;25074.0;25161.5;25100.0;NY PRE high;TP;7.5;750.0;ja;40.03;14.9
SMT;2025-10-10;15:30:30;LONG;15m low;NQ;25312.75;25293.5;25354.25;25319.25;15m high;TP;4.15;415.0;ja;44.18;16.68
Vergence;2025-10-14;15:42:30;LONG;London low;ES;24469.25;24458.5;24536.5;24497.5;0.25;SL;-1.08;-108.0;ja;53.32;34.61
SMT;2025-10-16;15:30:00;LONG;15m low;NQ;25054.0;25040.5;25099.5;25063.25;EQ foer open;TP;4.55;455.0;ja;48.73;18.62
Vergence;2025-10-17;15:31:15;LONG;NY PRE low;ES;24725.0;24700.25;24800.0;24735.125;EQ;BE;0.0;0.0;ja;53.32;35.61
SMT;2025-10-21;15:30:15;SHORT;15m high;NQ;25288.5;25304.5;25253.0;25277.25;5m low;BE;0.0;0.0;ja;48.73;20.3
SMT;2025-10-30;15:30:00;SHORT;15m high;NQ;26101.25;26127.5;26026.25;26099.25;5m low;TP;7.5;750.0;ja;56.23;22.12
Vergence;2025-10-31;15:39:45;LONG;London low;NQ;26145.0;26135.0;26220.0;26148.625;0.25;SL;-1.0;-100.0;ja;52.32;36.59
Vergence;2025-11-03;15:31:15;SHORT;NY PRE high;NQ;26243.25;26262.75;26168.25;26208.25;15m low;SL;-1.95;-195.0;ja;50.37;37.56
SMT;2025-11-04;15:42:00;SHORT;NY PRE high;NQ;25759.5;25769.5;25724.125;25746.1875;0.75;SL;-1.0;-100.0;ja;55.23;23.96
Vergence;2025-11-05;15:35:30;LONG;NY PRE low;ES;25513.25;25490.25;25588.25;;-;SL;-2.3;-230.0;ja;48.07;38.45
SMT;2025-11-06;15:30:00;LONG;NY PRE low;NQ;25683.75;25659.0;25758.75;25701.5;5m high;SL;-2.48;-248.0;ja;52.75;25.59
SMT;2025-11-13;15:30:15;SHORT;15m high;NQ;25479.5;25502.0;25435.0;25450.5;15m low;TP;4.45;445.0;ja;57.2;27.11
Vergence;2025-11-13;15:31:30;LONG;NY PRE low;NQ;25450.0;25433.5;25525.0;25467.75;EQ;BE;0.0;0.0;ja;48.07;39.34
Vergence;2025-11-18;15:30:45;SHORT;15m high 15:15;Begge;24736.0;24758.75;24694.5;24694.5;NY PRE low;TP;4.15;415.0;ja;52.22;40.43
SMT;2025-11-21;15:54:45;SHORT;NY PRE high;NQ;24280.5;24298.0;24205.5;24276.125;0.75;TP;7.5;750.0;ja;64.7;28.92
Vergence;2025-11-24;15:30:30;LONG;15m low 15:15;Begge;24544.75;24516.75;24619.75;24570.0;15m high;TP;7.5;750.0;ja;59.72;41.66
Vergence;2025-11-26;15:31:00;SHORT;London high;ES;25228.5;25252.75;25168.0;25188.25;15m low;SL;-2.42;-242.0;ja;57.3;42.69
SMT;2025-12-02;15:30:00;LONG;15m low;NQ;25494.5;25482.75;25569.5;25511.0;5m high;SL;-1.18;-118.0;ja;63.52;30.75
SMT;2025-12-02;15:33:45;SHORT;NY PRE high;NQ;25514.0;25527.0;25439.0;25499.125;EQ;SL;-1.3;-130.0;ja;62.22;32.54
SMT;2025-12-03;15:30:00;SHORT;15m high;NQ;25487.0;25507.5;25421.5;25464.0;5m low;BE;0.0;0.0;ja;62.22;34.32
Vergence;2025-12-15;15:34:15;LONG;NY PRE low;NQ;25599.0;25580.5;25666.75;25618.625;EQ;SL;-1.85;-185.0;ja;55.45;43.7
Vergence;2025-12-15;15:56:30;LONG;London low;Begge;25497.0;25485.0;25572.0;25505.0625;0.25;SL;-1.2;-120.0;ja;54.25;44.68
SMT;2025-12-16;15:51:45;SHORT;NY PRE high;NQ;25365.25;25392.0;25298.625;25345.3125;0.75;BE;0.0;0.0;ja;62.22;36.14
SMT;2025-12-22;15:30:15;LONG;15m low;ES;25773.75;25754.25;25848.75;25785.25;Asia high;BE;0.0;0.0;ja;62.22;37.97
Vergence;2025-12-22;15:30:15;LONG;15m low 15:00 / 15m low 15:15;Begge;25773.75;25754.25;25848.75;25785.25;Asia high;BE;0.0;0.0;ja;54.25;45.66
Vergence;2025-12-30;15:50:30;SHORT;NY PRE high;Begge;25744.0;25754.0;25684.75;25734.8125;0.75;BE;0.0;0.0;ja;54.25;46.68
Vergence;2025-12-30;15:55:30;SHORT;London high;NQ;25750.0;25760.0;25684.75;25738.5625;0.75;SL;-1.0;-100.0;ja;53.25;47.48
Vergence;2025-12-31;15:30:15;LONG;15m low 14:45 / 15m low 15:15;Begge;25677.75;25663.5;25716.75;25688.75;EQ foer open;BE;0.0;0.0;ja;53.25;48.27
SMT;2026-01-06;15:30:30;SHORT;London high;NQ;25660.5;25676.0;25590.5;25648.0;EQ foer open;BE;0.0;0.0;ja;62.22;39.59
SMT;2026-01-07;15:30:30;SHORT;Asia high;ES;25792.25;25810.75;25755.25;25771.75;5m low;BE;0.0;0.0;ja;62.22;41.21
Vergence;2026-01-07;15:30:30;SHORT;15m high 15:15 / Asia high / NY PRE high;Begge;25792.25;25810.75;25755.25;25771.75;5m low;BE;0.0;0.0;ja;53.25;49.11
SMT;2026-01-08;15:30:00;SHORT;15m high;NQ;25786.25;25803.0;25711.25;25773.75;15m low;TP;7.5;750.0;ja;69.72;43.08
SMT;2026-01-15;15:45:15;SHORT;NY PRE high;NQ;25930.75;25952.75;25855.75;25910.875;EQ;TP;7.5;750.0;ja;77.22;45.2
SMT;2026-01-21;15:30:15;LONG;15m low;NQ;25193.5;25164.0;25258.0;25209.125;EQ foer open;BE;0.0;0.0;ja;77.22;47.35
Vergence;2026-01-21;15:51:15;SHORT;NY PRE high;NQ;25243.25;25260.0;25196.75;25228.375;0.75;SL;-1.68;-168.0;ja;51.57;49.68
SMT;2026-01-22;15:30:30;LONG;NY PRE low;NQ;25683.75;25673.75;25739.75;;-;SL;-1.0;-100.0;ja;76.22;49.22
Vergence;2026-01-27;15:30:45;LONG;NY PRE low;Begge;25981.5;25955.25;26018.0;26002.75;5m high;BE;0.0;0.0;ja;51.57;50.26
SMT;2026-01-30;15:30:45;SHORT;Asia high;ES;25896.5;25918.25;25821.5;25861.875;EQ foer open;TP;7.5;750.0;ja;83.72;51.13
Vergence;2026-01-30;15:30:45;SHORT;15m high 15:15 / Asia high / London high / NY PRE high;Begge;25896.5;25918.25;25821.5;25861.875;EQ foer open;TP;7.5;750.0;ja;59.07;51.09
Vergence;2026-02-06;15:34:15;SHORT;London high;NQ;24859.5;24887.0;24793.875;24840.4375;0.75;BE;0.0;0.0;ja;59.07;51.95
Vergence;2026-02-13;15:41:00;LONG;NY PRE low;ES;24636.0;24617.25;24711.0;24641.625;0.25;SL;-1.88;-188.0;ja;57.19;52.49
SMT;2026-02-19;15:30:15;LONG;15m low;NQ;24843.75;24814.0;24881.0;24872.0;5m high;TP;3.72;372.0;ja;87.44;53.19
Vergence;2026-02-19;15:30:15;LONG;15m low 15:00 / 15m low 15:15;Begge;24843.75;24814.0;24881.0;24872.0;5m high;TP;3.72;372.0;ja;60.91;52.95
SMT;2026-02-23;15:42:15;LONG;NY PRE low;NQ;24902.25;24884.75;24951.875;24918.3125;0.25;SL;-1.75;-175.0;ja;85.69;55.26
SMT;2026-02-24;15:30:00;LONG;NY PRE low;NQ;24812.75;24788.75;24887.75;24834.5;5m high;SL;-2.4;-240.0;ja;83.29;57.25
Vergence;2026-02-24;15:30:30;LONG;NY PRE low;Begge;24804.5;24788.75;24879.5;24834.5;5m high;SL;-1.58;-158.0;ja;59.33;53.41
Vergence;2026-02-24;15:45:15;SHORT;London high;ES;24912.75;24924.5;24837.75;24867.0;0.75;SL;-1.18;-118.0;ja;58.15;53.82
SMT;2026-02-26;15:30:15;LONG;London low;NQ;25327.5;25317.5;25402.5;25351.0;EQ foer open;SL;-1.0;-100.0;ja;82.29;59.21
SMT;2026-02-27;15:42:15;LONG;NY PRE low;ES;24844.0;24834.0;24919.0;24852.6875;0.25;SL;-1.0;-100.0;ja;81.29;61.17
Vergence;2026-02-27;15:43:45;LONG;NY PRE low;NQ;24798.5;24782.0;24842.75;24812.375;0.25;TP;4.42;442.0;ja;62.57;54.39
SMT;2026-03-05;15:30:45;SHORT;15m high;NQ;25036.5;25059.75;24962.75;;-;SL;-2.33;-233.0;ja;78.96;62.88
Vergence;2026-03-05;15:30:45;SHORT;15m high 15:00 / 15m high 15:15;Begge;25036.5;25059.75;24962.75;;-;SL;-2.33;-233.0;ja;60.24;54.74
Vergence;2026-03-05;15:35:45;SHORT;NY PRE high;ES;25097.75;25111.0;25048.125;25079.5625;0.75;SL;-1.32;-132.0;ja;58.92;55.04
SMT;2026-03-27;15:30:45;SHORT;15m high;NQ;23647.0;23664.0;23574.0;23625.125;EQ foer open;TP;7.3;730.0;ja;86.26;64.63
SMT;2026-03-30;15:30:15;LONG;15m low;NQ;23499.75;23480.25;23574.0;23521.0;15m high;SL;-1.95;-195.0;ja;84.31;66.36
Vergence;2026-03-30;15:30:15;LONG;15m low 15:00 / 15m low 15:15;Begge;23499.75;23480.25;23574.0;23521.0;15m high;SL;-1.95;-195.0;ja;56.97;55.28
SMT;2026-03-30;15:36:15;LONG;NY PRE low;NQ;23445.5;23435.0;23486.625;23460.8125;0.25;SL;-1.05;-105.0;ja;83.26;68.05
Vergence;2026-03-30;15:58:45;LONG;London low;ES;23305.25;23292.75;23380.25;23354.125;0.25;TP;7.5;750.0;ja;64.47;55.57
SMT;2026-04-02;15:54:30;SHORT;London high;ES;23848.0;23863.25;23778.875;23821.0625;0.75;SL;-1.52;-152.0;ja;81.74;69.44
Vergence;2026-04-06;15:37:30;LONG;NY PRE low;ES;24264.75;24245.75;24309.75;24277.75;0.25;BE;0.0;0.0;ja;64.47;55.91
SMT;2026-04-08;15:33:30;LONG;London low;NQ;25143.25;25132.5;25191.125;25161.8125;0.25;BE;0.0;0.0;ja;81.74;70.69
Vergence;2026-04-09;15:30:15;SHORT;NY PRE high;Begge;25073.75;25103.5;25016.5;25041.25;5m low;BE;0.0;0.0;ja;64.47;56.28
Vergence;2026-04-15;15:30:15;SHORT;NY PRE high;Begge;26014.0;26040.5;25960.5;25994.25;5m low;SL;-2.65;-265.0;ja;61.82;56.56
SMT;2026-04-22;15:30:00;SHORT;15m high;NQ;26867.5;26892.75;26817.0;26845.25;5m low;TP;5.05;505.0;ja;86.79;71.96
Vergence;2026-04-28;15:38:30;SHORT;NY PRE high;ES;27178.25;27188.25;27134.375;27160.8125;0.75;BE;0.0;0.0;ja;61.82;56.88
SMT;2026-05-04;15:42:15;SHORT;NY PRE high;NQ;27865.5;27888.0;27790.5;27856.25;EQ;BE;0.0;0.0;ja;86.79;73.23
SMT;2026-05-12;15:45:00;SHORT;London high;NQ;29278.0;29296.0;29233.625;29264.8125;0.75;TP;4.44;444.0;ja;91.23;74.4
Vergence;2026-05-12;15:59:30;LONG;NY PRE low;NQ;29122.25;29109.75;29178.875;29144.3125;0.25;SL;-1.25;-125.0;ja;60.57;57.22
SMT;2026-05-14;15:30:15;LONG;NY PRE low;ES;29480.25;29460.0;29555.25;29493.0;5m high;SL;-2.02;-202.0;ja;89.21;75.53
Vergence;2026-05-18;15:30:00;LONG;15m low 15:15;Begge;29340.75;29311.0;29415.75;29381.25;15m high;SL;-2.98;-298.0;ja;57.59;57.53
SMT;2026-05-22;15:30:15;LONG;15m low;ES;29571.5;29551.25;29646.5;29595.25;15m high;TP;7.5;750.0;ja;96.71;76.99
Vergence;2026-05-22;15:33:15;SHORT;NY PRE high;ES;29630.5;29645.0;29555.5;29604.5;EQ;BE;0.0;0.0;ja;57.59;57.85
SMT;2026-05-26;15:36:15;LONG;London low;ES;29846.75;29834.5;29921.75;29867.625;EQ;TP;7.5;750.0;ja;104.21;78.56
Vergence;2026-05-27;15:38:15;LONG;London low;Begge;30067.75;30053.75;30142.75;30073.125;0.25;BE;0.0;0.0;nej;57.59;58.03
SMT;2026-06-02;15:33:30;LONG;NY PRE low;NQ;30490.25;30480.0;30565.25;30492.5625;0.25;SL;-1.02;-102.0;ja;103.19;79.84
Vergence;2026-06-11;15:54:15;SHORT;NY PRE high;ES;28990.5;29016.75;28915.5;;-;TP;7.5;750.0;nej;65.09;58.21
Vergence;2026-06-26;15:57:30;SHORT;NY PRE high;Begge;29429.0;29454.0;29382.875;29418.4375;0.75;SL;-2.5;-250.0;ja;62.59;58.39
SMT;2026-07-02;15:30:15;LONG;NY PRE low;NQ;30027.75;30007.75;30102.75;;-;TP;7.5;750.0;ja;110.69;81.42
Vergence;2026-07-02;15:30:15;LONG;15m low 15:15 / NY PRE low;Begge;30027.75;30007.75;30102.75;;-;TP;7.5;750.0;ja;70.09;58.87
Vergence;2026-07-06;15:34:45;SHORT;NY PRE high;NQ;29926.5;29939.25;29857.75;29898.5;0.75;TP;6.88;688.0;ja;76.97;59.63
SMT;2026-07-06;15:51:45;SHORT;Asia high;NQ;29998.5;30009.0;29958.75;29983.875;0.75;TP;3.98;398.0;ja;114.67;83.17
Vergence;2026-07-09;15:32:15;LONG;NY PRE low;NQ;29692.25;29672.0;29767.25;;-;TP;7.5;750.0;ja;84.47;60.64
Vergence;2026-07-10;15:31:15;SHORT;NY PRE high;NQ;29874.75;29892.75;29799.75;29872.6875;0.75;SL;-1.8;-180.0;ja;82.67;61.59
SMT;2026-07-13;15:45:15;LONG;Asia low;NQ;29554.25;29540.0;29629.25;29589.3125;0.25;SL;-1.42;-142.0;ja;113.25;84.87
SMT;2026-07-15;15:30:15;SHORT;NY PRE high;ES;29947.75;29977.5;29872.75;29936.25;15m low;BE;0.0;0.0;ja;113.25;86.57
Vergence;2026-07-15;15:30:15;SHORT;15m high 15:15 / NY PRE high;Begge;29947.75;29977.5;29872.75;29936.25;15m low;BE;0.0;0.0;ja;82.67;62.57
Vergence;2026-07-16;15:42:15;LONG;NY PRE low;ES;29352.0;29341.0;29427.0;29356.125;0.25;SL;-1.1;-110.0;ja;81.57;63.51
Vergence;2026-07-20;15:35:45;SHORT;London high;ES;29130.5;29149.5;29055.5;29126.6875;0.75;SL;-1.9;-190.0;ja;79.67;64.39
Vergence;2026-07-20;15:59:00;LONG;NY PRE low;NQ;28988.0;28978.0;29063.0;29032.9375;0.25;SL;-1.0;-100.0;ja;78.67;65.29
Vergence;2026-07-27;15:31:15;LONG;NY PRE low;ES;28579.25;28552.5;28654.25;28584.125;EQ;BE;0.0;0.0;ja;78.67;66.2
Vergence;2026-07-31;15:45:45;LONG;NY PRE low;ES;28432.75;28407.25;28507.75;;-;SL;-2.55;-255.0;ja;76.12;66.77
Vergence;2026-08-12;15:30:00;SHORT;NY PRE high;Begge;29985.0;30001.75;29910.0;29959.75;5m low;TP;7.5;750.0;ja;83.62;67.58
SMT;2026-08-17;15:33:15;LONG;NY PRE low;ES;30216.0;30191.0;30288.75;30228.5;EQ;BE;0.0;0.0;ja;113.25;88.27
Vergence;2026-08-21;15:33:15;LONG;NY PRE low;ES;29372.75;29357.75;29416.875;29387.3125;0.25;BE;0.0;0.0;ja;83.62;68.47
Vergence;2026-08-25;15:30:15;LONG;NY PRE low;Begge;29308.5;29279.25;29383.5;29340.75;5m high;BE;0.0;0.0;ja;83.62;69.22
SMT;2026-08-28;15:30:15;LONG;NY PRE low;NQ;29614.25;29596.75;29681.75;29621.5;EQ foer open;SL;-1.75;-175.0;ja;111.5;89.91
SMT;2026-09-01;15:30:00;SHORT;15m high;NQ;29096.0;29124.75;29021.0;29084.25;Asia low;BE;0.0;0.0;ja;111.5;91.55
Vergence;2026-09-01;15:31:15;LONG;NY PRE low;NQ;29103.5;29082.75;29178.5;29153.0;15m high;SL;-2.08;-208.0;ja;81.54;69.96
SMT;2026-09-09;15:30:00;SHORT;NY PRE high;NQ;29446.75;29468.0;29371.75;29419.0;5m low;SL;-2.12;-212.0;ja;109.38;92.88
Vergence;2026-09-09;15:34:30;SHORT;NY PRE high;ES;29481.0;29498.75;29406.0;29465.375;EQ;SL;-1.78;-178.0;ja;79.76;70.68
SMT;2026-09-10;15:30:15;SHORT;15m high;NQ;29086.25;29114.25;29043.25;29043.75;15m low;SL;-2.8;-280.0;ja;106.58;93.85
SMT;2026-09-16;15:36:15;LONG;NY PRE low;ES;29386.75;29373.25;29439.0;29392.5;EQ;BE;0.0;0.0;ja;106.58;94.83
SMT;2026-10-05;15:45:30;SHORT;Asia high;NQ;31205.0;31229.5;31141.875;31185.6875;0.75;TP;6.31;631.0;ja;112.89;96.06
SMT;2026-10-06;15:30:15;SHORT;15m high;ES;31507.5;31520.5;31455.0;31488.25;15m low;SL;-1.3;-130.0;ja;111.59;96.98
SMT;2026-10-09;15:30:15;LONG;NY PRE low;NQ;31143.5;31126.25;31218.5;31174.375;EQ foer open;SL;-1.72;-172.0;ja;109.87;97.73
Vergence;2026-10-09;15:30:15;LONG;15m low 15:15 / NY PRE low;Begge;31143.5;31126.25;31218.5;31174.375;EQ foer open;SL;-1.72;-172.0;ja;78.04;71.2
