maaned;SMT;Vergence;I alt R;5 MNQ $;Trades
2022-09;3.55;-6.43;-2.88;-288.0;6
2022-10;-3.58;-4.42;-8.0;-800.0;15
2022-11;-1.35;-7.6;-8.95;-895.0;10
2022-12;-1.98;-12.18;-14.16;-1416.0;15
2023-01;8.34;-1.0;7.34;734.0;6
2023-02;-1.0;0.0;-1.0;-100.0;7
2023-03;-2.0;8.9;6.9;690.0;9
2023-04;0.0;7.5;7.5;750.0;2
2023-05;-2.0;-1.0;-3.0;-300.0;9
2023-06;7.2;1.9;9.1;910.0;10
2023-07;-5.9;-3.25;-9.15;-915.0;8
2023-08;-1.0;4.78;3.78;378.0;6
2023-09;6.88;3.46;10.34;1034.0;13
2023-10;2.5;6.5;9.0;900.0;11
2023-11;-1.32;-2.6;-3.92;-392.0;8
2023-12;18.98;-3.22;15.76;1576.0;12
2024-01;-5.99;0.0;-5.99;-599.0;8
2024-02;-1.35;9.28;7.93;793.0;13
2024-03;-4.2;1.76;-2.44;-244.0;5
2024-04;0.0;-5.06;-5.06;-506.0;5
2024-05;0.0;0.86;0.86;86.0;7
2024-06;0.0;-2.12;-2.12;-212.0;6
2024-07;0.0;3.9;3.9;390.0;3
2024-08;0.0;6.32;6.32;632.0;4
2024-09;0.0;2.33;2.33;233.0;5
2024-10;0.0;-7.13;-7.13;-713.0;5
2024-11;0.0;-2.0;-2.0;-200.0;2
2025-02;0.37;-4.98;-4.61;-461.0;13
2025-03;-7.87;0.0;-7.87;-787.0;6
2025-04;2.96;0.0;2.96;296.0;3
2025-05;3.0;4.5;7.5;750.0;10
2025-06;6.42;1.91;8.33;833.0;14
2025-07;7.8;3.3;11.1;1110.0;13
2025-08;18.0;17.35;35.35;3535.0;17
2025-09;8.01;10.16;18.17;1817.0;11
2025-10;22.62;-3.46;19.16;1916.0;11
2025-11;8.47;4.98;13.45;1345.0;10
2025-12;-2.48;-4.05;-6.53;-653.0;11
2026-01;21.5;5.82;27.32;2732.0;11
2026-02;-2.43;3.5;1.07;107.0;11
2026-03;1.97;1.9;3.87;387.0;8
2026-04;3.53;-2.65;0.88;88.0;7
2026-05;17.42;-4.23;13.19;1319.0;8
2026-06;-1.02;-2.5;-3.52;-352.0;2
2026-07;10.06;13.53;23.59;2359.0;14
2026-08;-1.75;7.5;5.75;575.0;5
2026-09;-4.92;-3.86;-8.78;-878.0;6
2026-10;3.29;-1.72;1.57;157.0;4
