dato,tid,retning,niveau,swept,entry,sl,sl_pts,tp,tp_kilde,be,be_kilde,status,resultat,exit,points,R
2025-01-06,15:30:15,SHORT,15m high,NQ,21730.5,21745.5,15.0,21655.5,75p,21686.25,5m low,OK,SL,15:30:45,-15.0,-1.5
2025-01-08,15:54:00,LONG,NY PRE low,ES,21314.0,21286.0,28.0,21389.0,75p,,-,OK,TP,16:02:15,75.0,7.5
2025-01-13,15:54:30,SHORT,NY PRE high,ES,20810.5,20826.25,15.75,20735.5,75p,20795.5,EQ,OK,SL,15:56:00,-15.75,-1.58
2025-01-20,15:30:15,SHORT,NY PRE high,NQ,21719.75,21730.75,11.0,21644.75,75p,21708.5,5m low,OK,SL,15:31:00,-11.0,-1.1
2025-01-21,15:30:15,SHORT,NY PRE high,ES,21707.0,21718.25,11.25,21632.0,75p,21694.75,15m low,OK,BE,15:33:15,0.0,0.0
2025-01-21,15:54:45,LONG,London low,NQ,21583.5,21572.75,10.75,21619.25,EQ,21596.0,0.25,OK,TP,15:55:30,35.75,3.58
2025-01-23,15:30:15,LONG,NY PRE low,NQ,21885.0,21875.0,10.0,21947.75,London high,21893.25,5m high,OK,SL,15:30:30,-10.0,-1.0
2025-01-28,15:36:00,LONG,Asia low,NQ,21226.25,21216.0,10.25,21301.25,75p,21234.75,0.25,OK,SL,15:36:15,-10.25,-1.02
2025-01-30,15:30:45,SHORT,NY PRE high,ES,21636.0,21654.75,18.75,21574.25,Asia low,21607.75,15m low,OK,SL,15:31:15,-18.75,-1.88
2025-02-03,15:30:30,LONG,15m low,NQ,21193.75,21177.5,16.25,21247.5,NY PRE high,21226.25,15m high,OK,TP,15:32:15,53.75,5.38
2025-02-04,15:30:15,LONG,NY PRE low,NQ,21418.0,21408.0,10.0,21475.5,NY PRE high,21443.25,15m high,OK,SL,15:30:30,-10.0,-1.0
2025-02-04,15:36:15,SHORT,NY PRE high,NQ,21466.5,21478.25,11.75,21391.5,75p,21462.0625,0.75,OK,SL,15:37:15,-11.75,-1.18
2025-02-05,15:36:45,SHORT,Asia high,ES,21555.75,21570.5,14.75,21500.125,EQ,21535.3125,0.75,OK,SL,15:38:30,-14.75,-1.48
2025-02-11,15:36:45,SHORT,London high,NQ,21790.5,21800.5,10.0,21748.875,EQ,21772.6875,0.75,OK,BE,15:44:30,0.0,0.0
2025-02-12,15:30:15,SHORT,15m high,NQ,21554.25,21572.0,17.75,21510.75,Asia low,21547.25,5m low,OK,BE,15:32:00,0.0,0.0
2025-02-13,15:30:15,LONG,15m low,ES,21869.25,21859.25,10.0,21927.0,Asia high,21877.75,5m high,OK,TP,15:33:00,57.75,5.78
2025-02-14,15:30:00,LONG,15m low,NQ,22114.75,22101.0,13.75,22163.5,Asia high,22120.0,NY PRE high,OK,BE,15:31:30,0.0,0.0
2025-02-18,15:30:45,LONG,Asia low,ES,22252.5,22236.0,16.5,22318.25,NY PRE high,22272.375,EQ,OK,SL,15:31:30,-16.5,-1.65
2025-02-20,15:30:30,LONG,15m low,NQ,22210.75,22200.5,10.25,22285.75,75p,22223.0,London high,OK,BE,15:31:45,0.0,0.0
2025-02-27,15:30:15,LONG,15m low,NQ,21340.0,21324.25,15.75,21386.5,Asia high,21358.25,5m high,OK,SL,15:31:30,-15.75,-1.58
2025-03-03,15:33:30,SHORT,London high,NQ,21099.0,21121.0,22.0,21024.0,75p,,-,OK,TP,15:38:00,75.0,7.5
2025-03-04,15:36:45,SHORT,NY PRE high,NQ,20384.0,20408.75,24.75,20309.0,75p,20381.5,0.75,OK,SL,15:37:15,-24.75,-2.48
2025-03-10,15:30:15,LONG,NY PRE low,NQ,19869.5,19856.5,13.0,19944.5,75p,19892.5,5m high,OK,SL,15:31:15,-13.0,-1.3
2025-03-11,15:30:00,LONG,London low,ES,19435.0,19411.75,23.25,19510.0,75p,19467.75,15m high,OK,SL,15:32:00,-23.25,-2.33
2025-03-13,15:54:45,LONG,London low,NQ,19404.25,19390.0,14.25,19479.25,75p,,-,OK,SL,15:56:15,-14.25,-1.42
2025-03-14,15:30:00,LONG,NY PRE low,NQ,19479.25,19450.75,28.5,19533.5,Asia high,19482.5,15m high,OK,TP,15:33:30,54.25,5.42
2025-03-14,15:33:45,SHORT,NY PRE high,NQ,19530.25,19547.75,17.5,19455.25,75p,,-,OK,SL,15:35:15,-17.5,-1.75
2025-03-25,15:30:30,LONG,NY PRE low,NQ,20402.5,20386.0,16.5,20447.5,Asia high,20429.25,5m high,OK,SL,15:36:00,-16.5,-1.65
2025-03-26,15:30:00,LONG,NY PRE low,NQ,20443.75,20432.5,11.25,20486.5,NY PRE high,20457.0,5m high,OK,BE,15:32:30,0.0,0.0
2025-03-28,15:30:15,LONG,15m low,NQ,19908.25,19896.75,11.5,19966.0,NY PRE high,19944.0,5m high,OK,SL,15:30:30,-11.5,-1.15
2025-03-28,15:33:45,LONG,London low,NQ,19848.0,19838.0,10.0,19923.0,75p,19858.125,0.25,OK,TP,15:40:15,75.0,7.5
2025-03-31,15:30:00,LONG,15m low,NQ,19186.75,19158.5,28.25,19236.75,NY PRE high,19193.0,5m high,OK,SL,15:31:00,-28.25,-2.82
2025-04-01,15:30:15,LONG,15m low,NQ,19358.0,19347.5,10.5,19411.75,NY PRE high,,-,OK,TP,15:32:30,53.75,5.38
2025-04-08,15:30:45,SHORT,NY PRE high,NQ,18166.0,18185.25,19.25,18109.25,EQ,18147.25,0.75,OK,BE,15:33:15,0.0,0.0
2025-04-14,15:42:30,LONG,London low,NQ,19039.0,19023.0,16.0,19087.5,EQ,19055.25,0.25,OK,SL,15:43:45,-16.0,-1.6
2025-04-15,15:33:30,SHORT,London high,NQ,19027.5,19046.0,18.5,18952.5,75p,18993.4375,0.75,OK,BE,15:38:45,0.0,0.0
2025-04-23,15:30:15,SHORT,NY PRE high,NQ,18958.5,18982.75,24.25,18883.5,75p,18913.25,15m low,OK,SL,15:31:45,-24.25,-2.42
2025-05-05,15:42:15,LONG,NY PRE low,ES,19996.0,,,,,20024.25,NY PRE high,UGYLDIG (BE allerede ramt),,,,
2025-05-09,15:30:45,SHORT,NY PRE high,NQ,20252.25,20262.25,10.0,20195.0,NY PRE low,20224.0,15m low,OK,SL,15:35:00,-10.0,-1.0
2025-05-14,15:30:45,SHORT,15m high,ES,21334.25,21344.25,10.0,21259.25,75p,21311.75,NY PRE low,OK,SL,15:31:15,-10.0,-1.0
2025-05-14,15:33:30,SHORT,NY PRE high,NQ,21365.25,21375.25,10.0,21311.75,NY PRE low,,-,OK,SL,15:34:00,-10.0,-1.0
2025-05-14,15:45:45,LONG,NY PRE low,ES,21331.75,21319.0,12.75,21382.5,Asia high,21344.75,15m high,OK,SL,15:46:00,-12.75,-1.27
2025-05-20,15:30:15,LONG,NY PRE low,ES,21424.5,21410.75,13.75,21474.25,NY PRE high,21441.75,5m high,OK,SL,15:32:00,-13.75,-1.38
2025-05-29,15:30:45,LONG,15m low,NQ,21649.5,21638.25,11.25,21692.75,NY PRE high,21667.625,0.25,OK,SL,15:31:00,-11.25,-1.12
2025-06-04,15:30:00,SHORT,15m high,ES,21720.75,21730.75,10.0,21655.25,Asia low,21711.0,5m low,OK,SL,15:30:15,-10.0,-1.0
2025-06-09,15:30:00,LONG,NY PRE low,ES,21808.5,21791.25,17.25,21883.5,75p,21811.25,5m high,OK,BE,15:31:15,0.0,0.0
2025-06-10,15:30:45,SHORT,NY PRE high,ES,21855.25,21865.75,10.5,21780.25,75p,21829.25,NY PRE low,OK,BE,15:33:15,0.0,0.0
2025-06-13,15:51:15,SHORT,Asia high,NQ,21767.75,21794.75,27.0,21692.75,75p,,-,OK,TP,16:10:45,75.0,7.5
2025-06-16,15:30:15,LONG,NY PRE low,ES,22036.5,22014.0,22.5,22111.5,75p,22041.75,5m high,OK,TP,15:49:15,75.0,7.5
2025-06-19,15:30:30,LONG,15m low,NQ,21772.5,21761.0,11.5,21825.25,NY PRE high,21786.75,15m high,OK,SL,15:32:30,-11.5,-1.15
2025-06-20,15:30:15,LONG,15m low,ES,22066.75,22040.0,26.75,22103.0,Asia high,22103.0,Asia high,OK,TP,15:35:15,36.25,3.62
2025-06-23,15:33:45,LONG,London low,NQ,21789.5,21769.75,19.75,21864.5,75p,21795.0625,0.25,OK,SL,15:34:00,-19.75,-1.98
2025-06-26,15:33:30,LONG,NY PRE low,NQ,22536.5,22514.0,22.5,22585.0,Asia high,22580.25,15m high,OK,SL,15:37:00,-22.5,-2.25
2025-06-30,15:30:30,LONG,NY PRE low,NQ,22870.0,22850.5,19.5,22915.0,Asia high,22876.0,EQ foer open,OK,SL,15:31:45,-19.5,-1.95
2025-07-07,15:30:45,SHORT,15m high,NQ,22970.5,22980.5,10.0,22927.75,NY PRE low,22927.75,NY PRE low,OK,TP,15:33:30,42.75,4.28
2025-07-08,15:30:45,LONG,NY PRE low,ES,22933.25,,,,,22946.25,bearish EQ,UGYLDIG (BE allerede ramt),,,,
2025-07-15,15:30:30,SHORT,NY PRE high,NQ,23209.25,23222.75,13.5,23135.25,NY PRE low,23192.5,15m low,OK,TP,15:40:15,74.0,7.4
2025-07-16,15:30:00,SHORT,15m high,ES,23069.0,23079.0,10.0,23010.0,NY PRE low,23064.5,5m low,OK,SL,15:30:15,-10.0,-1.0
2025-07-16,15:42:15,LONG,NY PRE low,NQ,23019.5,23000.75,18.75,23085.0,Asia high,,-,OK,SL,15:49:30,-18.75,-1.88
2025-07-17,15:33:45,LONG,NY PRE low,NQ,23074.25,23064.25,10.0,23111.75,EQ,23090.0,0.25,OK,BE,15:36:30,0.0,0.0
2025-07-25,15:30:15,LONG,NY PRE low,NQ,23352.25,23342.25,10.0,23412.5,London high,23365.625,EQ foer open,OK,BE,15:31:45,0.0,0.0
2025-07-30,15:30:15,LONG,NY PRE low,NQ,23472.25,23462.25,10.0,23508.0,NY PRE high,23491.25,15m high,OK,SL,15:32:30,-10.0,-1.0
2025-08-01,15:30:00,SHORT,15m high,NQ,23074.5,23090.0,15.5,23031.5,Asia low,23045.75,NY PRE low,OK,BE,15:31:30,0.0,0.0
2025-08-06,15:30:45,LONG,NY PRE low,ES,23167.0,,,,,23189.25,bearish EQ,UGYLDIG (BE allerede ramt),,,,
2025-08-11,15:30:15,SHORT,15m high,NQ,23724.0,23734.0,10.0,23667.75,Asia low,23700.75,NY PRE low,OK,BE,15:42:45,0.0,0.0
2025-08-13,15:30:00,SHORT,NY PRE high,NQ,24034.0,24049.0,15.0,23988.75,NY PRE low,24029.5,5m low,OK,BE,15:31:00,0.0,0.0
2025-08-14,15:30:15,SHORT,15m high,NQ,23859.75,23873.5,13.75,23793.25,Asia low,23825.75,5m low,OK,SL,15:31:30,-13.75,-1.38
2025-08-18,15:30:15,SHORT,NY PRE high,NQ,23781.0,23791.0,10.0,23739.5,Asia low,23761.5,5m low,OK,SL,15:30:30,-10.0,-1.0
2025-08-19,15:42:15,SHORT,NY PRE high,ES,23721.25,23731.25,10.0,23646.25,75p,,-,OK,TP,15:47:45,75.0,7.5
2025-08-20,15:30:15,SHORT,NY PRE high,ES,23409.25,23432.0,22.75,23344.25,London low,23403.25,15m low,OK,TP,15:41:00,65.0,6.5
2025-08-29,15:30:00,LONG,15m low,NQ,23654.5,23644.5,10.0,23706.5,EQ,23659.5,0.25,OK,SL,15:30:15,-10.0,-1.0
2025-09-02,15:30:30,LONG,NY PRE low,NQ,23069.0,23048.5,20.5,23144.0,75p,,-,OK,SL,15:31:00,-20.5,-2.05
2025-09-03,15:30:00,LONG,15m low,NQ,23424.75,23414.75,10.0,23499.75,75p,23430.5,EQ,OK,SL,15:30:45,-10.0,-1.0
2025-09-09,15:30:15,SHORT,NY PRE high,NQ,23846.5,23857.75,11.25,23800.0,London low,23815.25,5m low,OK,TP,16:00:45,46.5,4.65
2025-09-12,15:36:30,LONG,NY PRE low,NQ,24020.25,,,,,24051.5,bearish EQ,UGYLDIG (BE allerede ramt),,,,
2025-09-25,15:30:30,LONG,NY PRE low,NQ,24542.0,24531.75,10.25,24606.625,EQ,24569.1875,0.25,OK,SL,15:31:30,-10.25,-1.02
2025-09-29,15:30:00,LONG,NY PRE low,ES,24858.5,24848.25,10.25,24909.5,Asia high,24862.0,0.25,OK,TP,15:43:15,51.0,5.1
2025-09-30,15:30:15,SHORT,15m high,ES,24814.5,24831.0,16.5,24754.75,Asia low,24812.25,15m low,OK,TP,15:37:15,59.75,5.98
2025-10-01,15:36:30,SHORT,Asia high,NQ,24828.25,24839.0,10.75,24753.25,75p,,-,OK,SL,15:37:15,-10.75,-1.08
2025-10-03,15:30:30,SHORT,15m high,NQ,25129.5,25146.0,16.5,25054.5,75p,25126.5,5m low,OK,SL,15:31:30,-16.5,-1.65
2025-10-07,15:30:45,LONG,15m low,NQ,25229.75,25217.0,12.75,25275.0,Asia high,25243.25,5m high,OK,BE,15:32:45,0.0,0.0
2025-10-08,15:30:00,LONG,15m low,NQ,25086.5,,,,,25100.0,EQ foer open,UGYLDIG (BE allerede ramt),,,,
2025-10-10,15:30:30,LONG,15m low,NQ,25312.75,25293.5,19.25,25354.25,London high,25319.25,15m high,OK,TP,15:37:15,41.5,4.15
2025-10-14,15:30:45,LONG,15m low,NQ,24606.5,24589.75,16.75,24661.5,NY PRE high,24630.5,0.25,OK,SL,15:31:15,-16.75,-1.68
2025-10-16,15:30:00,LONG,15m low,NQ,25054.0,25040.5,13.5,25099.5,Asia high,25063.25,EQ,OK,TP,15:31:45,45.5,4.55
2025-10-21,15:30:15,SHORT,15m high,NQ,25288.5,25304.5,16.0,25253.0,Asia low,25277.25,5m low,OK,BE,15:36:00,0.0,0.0
2025-10-30,15:30:00,SHORT,15m high,NQ,26101.25,26127.5,26.25,26026.25,75p,26099.25,5m low,OK,TP,15:35:45,75.0,7.5
2025-11-04,15:42:00,SHORT,NY PRE high,NQ,25759.5,25769.5,10.0,25684.5,75p,,-,OK,SL,15:42:15,-10.0,-1.0
2025-11-06,15:30:00,LONG,NY PRE low,NQ,25683.75,25659.0,24.75,25740.625,EQ,25699.8125,0.25,OK,SL,15:30:15,-24.75,-2.48
2025-11-13,15:30:15,SHORT,15m high,NQ,25479.5,25502.0,22.5,25435.0,Asia low,25450.5,15m low,OK,TP,15:31:15,44.5,4.45
2025-11-21,15:54:45,SHORT,NY PRE high,NQ,24280.5,24298.0,17.5,24205.5,75p,,-,OK,TP,15:56:15,75.0,7.5
2025-11-28,15:36:15,SHORT,NY PRE high,NQ,25393.25,25404.0,10.75,25347.75,NY PRE low,25347.75,NY PRE low,OK,SL,15:37:00,-10.75,-1.08
2025-12-02,15:30:00,LONG,15m low,NQ,25494.5,,,,,25511.0,EQ foer open,UGYLDIG (BE allerede ramt),,,,
2025-12-02,15:33:45,SHORT,NY PRE high,NQ,25514.0,,,,,25480.5,NY PRE low,UGYLDIG (BE allerede ramt),,,,
2025-12-03,15:30:00,SHORT,15m high,NQ,25487.0,25507.5,20.5,25421.5,Asia low,25464.0,5m low,OK,BE,15:31:15,0.0,0.0
2025-12-12,15:30:45,LONG,London low,NQ,25549.75,25528.75,21.0,25624.75,75p,25555.375,EQ,OK,SL,15:31:00,-21.0,-2.1
2025-12-16,15:51:45,SHORT,NY PRE high,NQ,25365.25,25392.0,26.75,25290.25,75p,,-,OK,SL,15:59:00,-26.75,-2.68
2025-12-22,15:30:15,LONG,15m low,ES,25773.75,25754.25,19.5,25848.75,75p,25785.25,Asia high,OK,BE,15:32:45,0.0,0.0
2025-12-22,15:36:30,LONG,London low,NQ,25699.5,25678.25,21.25,25736.25,EQ,25707.25,0.25,OK,BE,15:37:30,0.0,0.0
2025-12-23,15:42:45,SHORT,Asia high,ES,25709.25,25722.5,13.25,25634.25,75p,,-,OK,SL,15:44:15,-13.25,-1.32
