dato,tid,retning,niveau,swept,resultat,R
2025-01-02,15:30:30,LONG,15m low / NY PRE low,Begge,SL,-1.95
2025-01-02,15:34:00,LONG,London low,ES,SL,-2.15
2025-01-02,15:40:15,LONG,Asia low,ES,BE,0.0
2025-01-03,15:30:30,SHORT,NY PRE high,Begge,SL,-1.0
2025-01-10,15:30:00,SHORT,15m high,Begge,BE,0.0
2025-01-10,15:48:15,LONG,NY PRE low,ES,BE,0.0
2025-01-13,15:30:00,LONG,NY PRE low,Begge,SL,-1.75
2025-01-16,15:46:30,LONG,NY PRE low,ES,SL,-1.27
2025-01-20,15:31:30,SHORT,NY PRE high,ES,SL,-1.32
2025-01-21,15:41:15,LONG,NY PRE low,ES,TP,4.8
2025-01-22,15:30:00,SHORT,15m high,Begge,SL,-1.55
2025-01-24,15:45:30,SHORT,Asia high / NY PRE high,NQ,SL,-1.9
2025-01-28,15:30:00,SHORT,15m high,Begge,SL,-1.0
2025-02-04,15:30:45,LONG,NY PRE low,Begge,TP,5.38
2025-02-05,15:36:45,SHORT,NY PRE high,ES,SL,-1.48
2025-02-07,15:30:15,LONG,15m low,Begge,TP,4.53
2025-02-13,15:31:30,SHORT,NY PRE high,Begge,SL,-2.2
2025-02-18,15:30:00,LONG,NY PRE low,Begge,SL,-1.0
2025-02-20,15:47:45,LONG,London low,NQ,BE,0.0
2025-02-24,15:30:30,LONG,NY PRE low,Begge,SL,-1.62
2025-02-25,15:45:15,LONG,NY PRE low,ES,BE,0.0
2025-02-27,15:44:15,LONG,London low / NY PRE low,ES,BE,0.0
2025-02-27,15:55:15,LONG,Asia low,ES,SL,-1.88
2025-02-28,15:30:15,LONG,15m low / NY PRE low,Begge,SL,-2.1
2025-03-03,15:57:00,LONG,Asia low,ES,SL,-1.6
2025-03-07,15:30:00,LONG,15m low / NY PRE low,Begge,TP,7.5
2025-03-11,15:30:00,LONG,London low / NY PRE low,Begge,SL,-2.33
2025-03-13,15:57:45,LONG,London low,ES,BE,0.0
2025-03-14,15:37:30,SHORT,NY PRE high,ES,SL,-1.0
2025-03-18,15:31:00,LONG,NY PRE low,ES,BE,0.0
2025-03-20,15:43:30,SHORT,NY PRE high,ES,BE,0.0
2025-03-26,15:34:15,LONG,NY PRE low,ES,BE,0.0
2025-03-27,15:30:15,LONG,NY PRE low,Begge,SL,-2.3
2025-03-31,15:34:45,LONG,London low,ES,TP,6.01
2025-04-02,15:31:00,LONG,NY PRE low,Begge,TP,7.5
2025-04-04,15:42:00,LONG,NY PRE low,NQ,SL,-1.5
2025-04-11,15:30:45,SHORT,15m high,Begge,TP,7.5
2025-04-14,15:42:30,LONG,NY PRE low,Begge,SL,-1.6
2025-04-21,15:30:15,SHORT,15m high / NY PRE high,Begge,SL,-1.32
2025-04-21,15:37:15,LONG,London low / NY PRE low,Begge,BE,0.0
2025-04-22,15:30:00,SHORT,NY PRE high,Begge,SL,-1.65
2025-04-23,15:32:15,SHORT,NY PRE high,ES,SL,-1.42
2025-04-28,15:31:15,SHORT,NY PRE high,NQ,BE,0.0
2025-04-29,15:30:15,SHORT,15m high,Begge,SL,-1.92
2025-04-29,15:50:15,SHORT,NY PRE high,Begge,BE,0.0
2025-05-06,15:30:00,LONG,NY PRE low,Begge,TP,5.78
2025-05-08,15:30:15,LONG,15m low,Begge,SL,-2.35
2025-05-14,15:35:15,SHORT,London high / NY PRE high,ES,TP,7.5
2025-05-15,15:34:45,SHORT,London high / NY PRE high,ES,TP,7.5
2025-05-19,15:36:45,SHORT,London high,NQ,SL,-1.0
2025-05-20,15:35:15,LONG,NY PRE low,NQ,SL,-1.0
2025-05-22,15:30:30,LONG,15m low,Begge,SL,-1.42
2025-05-27,15:30:15,LONG,15m low / NY PRE low,Begge,BE,0.0
2025-05-27,15:36:15,LONG,London low,NQ,SL,-1.0
2025-06-05,15:46:15,LONG,NY PRE low,NQ,BE,0.0
2025-06-06,15:33:30,SHORT,NY PRE high,ES,SL,-1.62
2025-06-09,15:30:00,LONG,15m low / NY PRE low,Begge,SL,-1.72
2025-06-10,15:30:45,SHORT,15m high / NY PRE high,Begge,BE,0.0
2025-06-16,15:32:15,SHORT,NY PRE high,ES,BE,0.0
2025-06-20,15:40:45,SHORT,NY PRE high,ES,SL,-1.0
2025-06-23,15:33:45,LONG,NY PRE low,Begge,SL,-1.98
2025-06-23,15:45:15,SHORT,NY PRE high,NQ,BE,0.0
2025-06-26,15:30:30,SHORT,15m high,Begge,TP,3.58
2025-06-27,15:30:15,LONG,15m low / London low / NY PRE low,Begge,SL,-1.55
2025-06-30,15:30:30,LONG,15m low / NY PRE low,Begge,SL,-1.95
2025-07-01,15:30:15,SHORT,15m high,Begge,SL,-1.38
2025-07-01,15:51:45,SHORT,NY PRE high,NQ,BE,0.0
2025-07-10,15:53:15,LONG,NY PRE low,Begge,SL,-1.25
2025-07-11,15:39:30,LONG,NY PRE low,Begge,SL,-1.12
2025-07-14,15:30:15,SHORT,NY PRE high,Begge,SL,-1.35
2025-07-16,15:30:45,SHORT,15m high,Begge,TP,5.65
2025-07-16,15:59:30,LONG,NY PRE low,ES,BE,0.0
2025-07-17,15:30:30,LONG,15m low,Begge,SL,-2.3
2025-07-18,15:57:45,LONG,NY PRE low,NQ,BE,0.0
2025-07-21,15:32:45,SHORT,NY PRE high,ES,BE,0.0
2025-07-25,15:53:30,SHORT,NY PRE high,ES,BE,0.0
2025-07-30,15:31:00,LONG,NY PRE low,ES,SL,-1.0
2025-08-07,15:34:30,SHORT,NY PRE high,ES,BE,0.0
2025-08-14,15:30:15,SHORT,15m high,Begge,BE,0.0
2025-08-18,15:30:15,SHORT,15m high / NY PRE high,Begge,SL,-1.0
2025-08-20,15:30:15,SHORT,15m high / London high / NY PRE high,Begge,TP,6.5
2025-08-20,15:46:15,LONG,London low,ES,SL,-1.05
2025-08-28,15:31:00,SHORT,London high,ES,SL,-1.65
2025-08-28,15:52:15,LONG,NY PRE low,Begge,BE,0.0
2025-09-04,15:35:45,SHORT,London high / NY PRE high,ES,TP,7.5
2025-09-08,15:37:30,SHORT,NY PRE high,ES,BE,0.0
2025-09-09,15:30:15,SHORT,15m high / NY PRE high,Begge,BE,0.0
2025-09-25,15:30:30,LONG,15m low / NY PRE low,Begge,AFLOEST,0.0
2025-09-25,15:31:15,LONG,NY PRE low,ES,BE,0.0
2025-09-30,15:30:15,SHORT,15m high,Begge,TP,5.98
2025-09-30,15:55:15,LONG,NY PRE low,ES,TP,7.5
2025-10-02,15:43:45,LONG,London low,ES,SL,-1.38
2025-10-09,15:45:45,LONG,London low,ES,SL,-1.0
2025-10-13,15:59:45,SHORT,NY PRE high,NQ,SL,-1.0
2025-10-14,15:42:30,LONG,London low,ES,SL,-1.08
2025-10-17,15:31:15,LONG,NY PRE low,ES,BE,0.0
2025-10-21,15:42:45,LONG,NY PRE low,ES,SL,-1.25
2025-10-22,15:34:30,LONG,London low,ES,SL,-1.0
2025-10-22,15:35:45,LONG,Asia low,ES,BE,0.0
2025-10-31,15:39:45,LONG,Asia low / London low,NQ,SL,-1.0
2025-11-03,15:31:15,SHORT,NY PRE high,NQ,SL,-1.95
2025-11-04,15:30:30,LONG,15m low,Begge,SL,-1.55
2025-11-04,15:42:45,SHORT,NY PRE high,Begge,BE,0.0
2025-11-05,15:35:30,LONG,NY PRE low,ES,SL,-2.3
2025-11-13,15:31:30,LONG,NY PRE low,NQ,BE,0.0
2025-11-18,15:30:45,SHORT,15m high,Begge,TP,4.15
2025-11-20,15:48:00,SHORT,NY PRE high,NQ,BE,0.0
2025-11-26,15:31:00,SHORT,London high,ES,SL,-2.42
2025-12-01,15:35:30,SHORT,NY PRE high,ES,SL,-2.5
2025-12-11,15:31:30,LONG,NY PRE low,ES,BE,0.0
2025-12-15,15:34:15,LONG,NY PRE low,NQ,SL,-1.85
2025-12-15,15:56:30,LONG,London low,Begge,SL,-1.2
2025-12-15,15:57:45,LONG,Asia low,NQ,BE,0.0
2025-12-22,15:30:15,LONG,15m low,Begge,BE,0.0
2025-12-23,15:45:15,SHORT,Asia high,NQ,BE,0.0
2025-12-30,15:30:30,SHORT,15m high,Begge,AFLOEST,0.0
2025-12-30,15:39:45,LONG,NY PRE low,NQ,BE,0.0
2025-12-30,15:50:30,SHORT,NY PRE high,Begge,BE,0.0
2025-12-30,15:55:30,SHORT,London high,NQ,SL,-1.0
2025-12-31,15:30:15,LONG,15m low,Begge,BE,0.0
