id,day,hit_t,entry_t,side,asset,trigger_asset,entry,stop,tp,exit,exit_t,reason,moved_be,be_t,stop_dist,risk_R,pts,R,t,x,mnd,kilde,akk
2,2024-11-08,2024-11-08 09:38:00,2024-11-08 09:38:00,SHORT,NQ,NQ,21213.25,21230.25,21138.25,21213.25,2024-11-08 09:47:30,BE,True,2024-11-08 09:45:00,17.0,1.7,-0.0,-0.0,15:38:00,15:47:30,2024-11,dbfull,-0.0
3,2024-11-08,2024-11-08 09:52:00,2024-11-08 09:52:15,SHORT,NQ,ES,21206.0,21219.25,21131.0,21219.25,2024-11-08 09:53:15,SL,False,,13.25,1.32,-13.25,-1.325,15:52:15,15:53:15,2024-11,dbfull,-1.325
6,2024-11-12,2024-11-12 09:32:00,2024-11-12 09:32:15,SHORT,NQ,ES,21185.5,21215.5,21110.5,21215.5,2024-11-12 09:35:00,SL,False,,30.0,3.0,-30.0,-3.0,15:32:15,15:35:00,2024-11,dbfull,-4.325
8,2024-11-13,2024-11-13 09:40:15,2024-11-13 09:40:30,SHORT,NQ,NQ,21146.25,21164.5,21071.25,21164.5,2024-11-13 09:41:30,SL,False,,18.25,1.82,-18.25,-1.825,15:40:30,15:41:30,2024-11,dbfull,-6.15
10,2024-11-15,2024-11-15 09:44:45,2024-11-15 09:45:00,SHORT,NQ,ES,20693.75,20730.0,20618.75,20730.0,2024-11-15 09:49:15,SL,False,,36.25,3.62,-36.25,-3.625,15:45:00,15:49:15,2024-11,dbfull,-9.775
11,2024-11-18,2024-11-18 09:30:00,2024-11-18 09:30:00,SHORT,NQ,ES,20546.75,20568.75,20471.75,20546.75,2024-11-18 09:37:15,BE,True,2024-11-18 09:30:15,22.0,2.2,-0.0,-0.0,15:30:00,15:37:15,2024-11,dbfull,-9.775
13,2024-11-18,2024-11-18 09:48:00,2024-11-18 09:48:00,SHORT,NQ,NQ,20517.0,20536.75,20442.0,20536.75,2024-11-18 10:00:30,SL,False,,19.75,1.98,-19.75,-1.975,15:48:00,16:00:30,2024-11,dbfull,-11.75
16,2024-11-25,2024-11-25 09:30:00,2024-11-25 09:30:00,SHORT,NQ,NQ,20993.75,21022.0,20918.75,20993.75,2024-11-25 09:32:45,BE,True,2024-11-25 09:30:30,28.25,2.83,-0.0,-0.0,15:30:00,15:32:45,2024-11,dbfull,-11.75
17,2024-11-25,2024-11-25 09:45:00,2024-11-25 09:45:30,SHORT,NQ,NQ,21061.0,21081.0,20986.0,20986.0,2024-11-25 09:51:30,TP,True,2024-11-25 09:48:00,20.0,2.0,75.0,7.5,15:45:30,15:51:30,2024-11,dbfull,-4.25
18,2024-11-26,2024-11-26 09:40:15,2024-11-26 09:40:30,SHORT,NQ,NQ,20979.0,21002.25,20904.0,20979.0,2024-11-26 09:42:30,BE,True,2024-11-26 09:41:15,23.25,2.33,-0.0,-0.0,15:40:30,15:42:30,2024-11,dbfull,-4.25
22,2024-11-29,2024-11-29 09:34:30,2024-11-29 09:35:00,SHORT,NQ,ES,20812.5,20839.5,20737.5,20839.5,2024-11-29 09:36:30,SL,False,,27.0,2.7,-27.0,-2.7,15:35:00,15:36:30,2024-11,dbfull,-6.95
24,2024-12-04,2024-12-04 09:30:00,2024-12-04 09:30:00,SHORT,NQ,NQ,21414.75,21429.75,21339.75,21429.75,2024-12-04 09:30:30,SL,False,,15.0,1.5,-15.0,-1.5,15:30:00,15:30:30,2024-12,dbfull,-8.45
28,2024-12-05,2024-12-05 09:33:00,2024-12-05 09:33:15,SHORT,NQ,NQ,21533.5,21550.0,21458.5,21550.0,2024-12-05 09:35:30,SL,False,,16.5,1.65,-16.5,-1.65,15:33:15,15:35:30,2024-12,dbfull,-10.1
30,2024-12-09,2024-12-09 09:30:00,2024-12-09 09:30:00,SHORT,NQ,NQ,21610.75,21619.0,21535.75,21610.75,2024-12-09 09:31:15,BE,True,2024-12-09 09:30:15,8.25,0.82,-0.0,-0.0,15:30:00,15:31:15,2024-12,dbfull,-10.1
32,2024-12-11,2024-12-11 09:56:00,2024-12-11 09:56:00,SHORT,NQ,ES,21673.0,21697.0,21598.0,21697.0,2024-12-11 10:00:00,SL,False,,24.0,2.4,-24.0,-2.4,15:56:00,16:00:00,2024-12,dbfull,-12.5
38,2024-12-17,2024-12-17 09:37:00,2024-12-17 09:37:15,SHORT,NQ,NQ,22291.0,22315.0,22216.0,22291.0,2024-12-17 09:37:45,BE,True,2024-12-17 09:37:30,24.0,2.4,-0.0,-0.0,15:37:15,15:37:45,2024-12,dbfull,-12.5
41,2024-12-23,2024-12-23 09:37:00,2024-12-23 09:37:30,SHORT,NQ,NQ,21636.5,21675.5,21561.5,21636.5,2024-12-23 09:45:30,BE,True,2024-12-23 09:44:30,39.0,3.9,-0.0,-0.0,15:37:30,15:45:30,2024-12,dbfull,-12.5
44,2024-12-26,2024-12-26 09:44:00,2024-12-26 09:44:15,SHORT,NQ,ES,21978.5,21994.25,21903.5,21903.5,2024-12-26 09:53:15,TP,True,2024-12-26 09:49:00,15.75,1.57,75.0,7.5,15:44:15,15:53:15,2024-12,dbfull,-5.0
48,2025-01-06,2025-01-06 09:51:30,2025-01-06 09:51:45,SHORT,NQ,NQ,21819.0,21839.25,21744.0,21839.25,2025-01-06 09:53:00,SL,False,,20.25,2.02,-20.25,-2.025,15:51:45,15:53:00,2025-01,dbfull,-7.025
50,2025-01-08,2025-01-08 09:36:00,2025-01-08 09:36:00,SHORT,NQ,ES,21350.5,21384.75,21275.5,21350.5,2025-01-08 09:42:15,BE,True,2025-01-08 09:38:30,34.25,3.42,-0.0,-0.0,15:36:00,15:42:15,2025-01,dbfull,-7.025
52,2025-01-13,2025-01-13 09:42:00,2025-01-13 09:42:00,SHORT,NQ,ES,20706.25,20729.5,20631.25,20729.5,2025-01-13 09:43:00,SL,False,,23.25,2.33,-23.25,-2.325,15:42:00,15:43:00,2025-01,dbfull,-9.350000000000001
53,2025-01-14,2025-01-14 09:30:00,2025-01-14 09:30:00,SHORT,NQ,NQ,21047.25,21082.25,20972.25,21047.25,2025-01-14 09:31:00,BE,True,2025-01-14 09:30:45,35.0,3.5,-0.0,-0.0,15:30:00,15:31:00,2025-01,dbfull,-9.350000000000001
54,2025-01-14,2025-01-14 09:46:30,2025-01-14 09:46:45,SHORT,NQ,NQ,21081.5,21115.5,21006.5,21006.5,2025-01-14 09:53:45,TP,True,2025-01-14 09:47:00,34.0,3.4,75.0,7.5,15:46:45,15:53:45,2025-01,dbfull,-1.8500000000000014
55,2025-01-15,2025-01-15 09:53:15,2025-01-15 09:53:30,SHORT,NQ,NQ,21312.75,21341.75,21237.75,21341.75,2025-01-15 10:00:00,SL,False,,29.0,2.9,-29.0,-2.9,15:53:30,16:00:00,2025-01,dbfull,-4.750000000000002
56,2025-01-16,2025-01-16 09:37:00,2025-01-16 09:37:00,SHORT,NQ,NQ,21429.0,21450.5,21354.0,21450.5,2025-01-16 09:39:45,SL,False,,21.5,2.15,-21.5,-2.15,15:37:00,15:39:45,2025-01,dbfull,-6.900000000000002
58,2025-01-20,2025-01-20 09:39:45,2025-01-20 09:40:00,SHORT,NQ,ES,21737.5,21753.5,21662.5,21753.5,2025-01-20 09:40:45,SL,False,,16.0,1.6,-16.0,-1.6,15:40:00,15:40:45,2025-01,dbfull,-8.500000000000002
59,2025-01-20,2025-01-20 09:46:00,2025-01-20 09:46:00,SHORT,NQ,NQ,21762.0,21776.0,21687.0,21687.0,2025-01-20 10:21:30,TP,True,2025-01-20 09:57:30,14.0,1.4,75.0,7.5,15:46:00,16:21:30,2025-01,dbfull,-1.0000000000000018
63,2025-01-22,2025-01-22 09:42:45,2025-01-22 09:43:00,SHORT,NQ,NQ,21944.0,21969.0,21869.0,21969.0,2025-01-22 09:45:30,SL,False,,25.0,2.5,-25.0,-2.5,15:43:00,15:45:30,2025-01,dbfull,-3.5000000000000018
65,2025-01-23,2025-01-23 09:58:15,2025-01-23 09:58:30,SHORT,NQ,ES,21888.25,21909.75,21813.25,21909.75,2025-01-23 10:33:00,SL,False,,21.5,2.15,-21.5,-2.15,15:58:30,16:33:00,2025-01,dbfull,-5.650000000000002
66,2025-01-24,2025-01-24 09:33:00,2025-01-24 09:33:00,SHORT,NQ,ES,22016.0,22044.25,21941.0,22016.0,2025-01-24 09:36:00,BE,True,2025-01-24 09:35:45,28.25,2.83,-0.0,-0.0,15:33:00,15:36:00,2025-01,dbfull,-5.650000000000002
67,2025-01-24,2025-01-24 09:44:00,2025-01-24 09:44:30,SHORT,NQ,ES,22027.0,22042.5,21952.0,22042.5,2025-01-24 09:45:00,SL,False,,15.5,1.55,-15.5,-1.55,15:44:30,15:45:00,2025-01,dbfull,-7.200000000000002
69,2025-02-03,2025-02-03 09:45:00,2025-02-03 09:45:00,SHORT,NQ,NQ,21250.75,21279.25,21175.75,21175.75,2025-02-03 09:53:45,TP,True,2025-02-03 09:46:45,28.5,2.85,75.0,7.5,15:45:00,15:53:45,2025-02,dbfull,0.29999999999999805
70,2025-02-05,2025-02-05 09:32:15,2025-02-05 09:32:30,SHORT,NQ,ES,21521.0,21550.25,21446.0,21550.25,2025-02-05 09:34:15,SL,False,,29.25,2.92,-29.25,-2.925,15:32:30,15:34:15,2025-02,dbfull,-2.6250000000000018
72,2025-02-10,2025-02-10 09:33:00,2025-02-10 09:33:15,SHORT,NQ,NQ,21753.75,21769.75,21678.75,21769.75,2025-02-10 09:35:45,SL,False,,16.0,1.6,-16.0,-1.6,15:33:15,15:35:45,2025-02,dbfull,-4.225000000000001
74,2025-02-12,2025-02-12 09:58:00,2025-02-12 09:58:00,SHORT,NQ,NQ,21671.25,21681.25,21596.25,21681.25,2025-02-12 09:58:30,SL,False,,10.0,1.0,-10.0,-1.0,15:58:00,15:58:30,2025-02,dbfull,-5.225000000000001
76,2025-02-14,2025-02-14 09:32:00,2025-02-14 09:32:15,SHORT,NQ,ES,22108.25,22138.0,22033.25,22108.25,2025-02-14 09:38:30,BE,True,2025-02-14 09:36:30,29.75,2.98,-0.0,-0.0,15:32:15,15:38:30,2025-02,dbfull,-5.225000000000001
79,2025-02-18,2025-02-18 09:59:30,2025-02-18 09:59:45,SHORT,NQ,NQ,22202.5,22224.75,22127.5,22202.5,2025-02-18 10:13:00,BE,True,2025-02-18 10:01:30,22.25,2.23,-0.0,-0.0,15:59:45,16:13:00,2025-02,dbfull,-5.225000000000001
84,2025-02-25,2025-02-25 09:43:00,2025-02-25 09:43:00,SHORT,NQ,ES,21327.75,21364.5,21252.75,21327.75,2025-02-25 09:45:30,BE,True,2025-02-25 09:44:45,36.75,3.67,-0.0,-0.0,15:43:00,15:45:30,2025-02,dbfull,-5.225000000000001
86,2025-02-28,2025-02-28 09:50:30,2025-02-28 09:50:45,SHORT,NQ,NQ,20590.75,20620.75,20515.75,20620.75,2025-02-28 09:51:15,SL,False,,30.0,3.0,-30.0,-3.0,15:50:45,15:51:15,2025-02,dbfull,-8.225000000000001
87,2025-03-05,2025-03-05 09:33:15,2025-03-05 09:33:15,SHORT,NQ,NQ,20393.5,20431.0,20318.5,20431.0,2025-03-05 09:35:15,SL,False,,37.5,3.75,-37.5,-3.75,15:33:15,15:35:15,2025-03,dbfull,-11.975000000000001
89,2025-03-06,2025-03-06 09:57:00,2025-03-06 09:57:00,SHORT,NQ,NQ,20269.0,20308.0,20194.0,20308.0,2025-03-06 10:00:45,SL,False,,39.0,3.9,-39.0,-3.9,15:57:00,16:00:45,2025-03,dbfull,-15.875000000000002
92,2025-03-14,2025-03-14 09:52:00,2025-03-14 09:52:00,SHORT,NQ,ES,19594.0,19620.75,19519.0,19519.0,2025-03-14 10:00:00,TP,True,2025-03-14 09:57:15,26.75,2.67,75.0,7.5,14:52:00,15:00:00,2025-03,dbfull,-8.375000000000002
93,2025-03-19,2025-03-19 09:35:00,2025-03-19 09:35:15,SHORT,NQ,ES,19778.75,19814.0,19703.75,19778.75,2025-03-19 09:38:15,BE,True,2025-03-19 09:36:00,35.25,3.52,-0.0,-0.0,14:35:15,14:38:15,2025-03,dbfull,-8.375000000000002
98,2025-03-26,2025-03-26 09:42:15,2025-03-26 09:42:30,SHORT,NQ,NQ,20439.75,20465.0,20364.75,20439.75,2025-03-26 09:43:45,BE,True,2025-03-26 09:43:30,25.25,2.52,-0.0,-0.0,14:42:30,14:43:45,2025-03,dbfull,-8.375000000000002
101,2025-04-17,2025-04-17 09:57:15,2025-04-17 09:57:15,SHORT,NQ,ES,18444.75,18482.0,18369.75,18444.75,2025-04-17 09:58:15,BE,True,2025-04-17 09:58:00,37.25,3.73,-0.0,-0.0,15:57:15,15:58:15,2025-04,dbfull,-8.375000000000002
102,2025-04-21,2025-04-21 09:34:00,2025-04-21 09:34:15,SHORT,NQ,NQ,18140.0,18157.25,18065.0,18157.25,2025-04-21 09:35:15,SL,False,,17.25,1.73,-17.25,-1.725,15:34:15,15:35:15,2025-04,dbfull,-10.100000000000001
103,2025-04-21,2025-04-21 09:43:00,2025-04-21 09:43:00,SHORT,NQ,NQ,18091.75,18113.5,18016.75,18091.75,2025-04-21 09:48:45,BE,True,2025-04-21 09:47:00,21.75,2.17,-0.0,-0.0,15:43:00,15:48:45,2025-04,dbfull,-10.100000000000001
104,2025-04-22,2025-04-22 09:34:00,2025-04-22 09:34:45,SHORT,NQ,NQ,18111.0,18146.0,18036.0,18146.0,2025-04-22 09:38:00,SL,False,,35.0,3.5,-35.0,-3.5,15:34:45,15:38:00,2025-04,dbfull,-13.600000000000001
107,2025-04-28,2025-04-28 09:30:00,2025-04-28 09:30:00,SHORT,NQ,NQ,19537.25,19554.75,19462.25,19554.75,2025-04-28 09:30:45,SL,False,,17.5,1.75,-17.5,-1.75,15:30:00,15:30:45,2025-04,dbfull,-15.350000000000001
108,2025-04-29,2025-04-29 09:38:00,2025-04-29 09:38:15,SHORT,NQ,NQ,19421.5,19444.5,19346.5,19421.5,2025-04-29 09:39:15,BE,True,2025-04-29 09:38:30,23.0,2.3,-0.0,-0.0,15:38:15,15:39:15,2025-04,dbfull,-15.350000000000001
109,2025-04-29,2025-04-29 09:52:00,2025-04-29 09:52:15,SHORT,NQ,ES,19498.0,19530.5,19423.0,19498.0,2025-04-29 10:00:15,BE,True,2025-04-29 10:00:00,32.5,3.25,-0.0,-0.0,15:52:15,16:00:15,2025-04,dbfull,-15.350000000000001
110,2025-05-01,2025-05-01 09:35:00,2025-05-01 09:35:00,SHORT,NQ,NQ,19933.75,19953.0,19858.75,19953.0,2025-05-01 09:36:45,SL,False,,19.25,1.93,-19.25,-1.925,15:35:00,15:36:45,2025-05,dbfull,-17.275000000000002
115,2025-05-06,2025-05-06 09:45:00,2025-05-06 09:45:00,SHORT,NQ,ES,19845.5,19864.0,19770.5,19770.5,2025-05-06 09:51:00,TP,True,2025-05-06 09:46:00,18.5,1.85,75.0,7.5,15:45:00,15:51:00,2025-05,dbfull,-9.775000000000002
116,2025-05-07,2025-05-07 09:35:00,2025-05-07 09:35:15,SHORT,NQ,NQ,19881.5,19909.5,19806.5,19909.5,2025-05-07 09:40:30,SL,False,,28.0,2.8,-28.0,-2.8,15:35:15,15:40:30,2025-05,dbfull,-12.575000000000003
119,2025-05-12,2025-05-12 09:30:00,2025-05-12 09:30:00,SHORT,NQ,ES,20903.0,20929.25,20828.0,20828.0,2025-05-12 09:31:45,TP,True,2025-05-12 09:30:15,26.25,2.62,75.0,7.5,15:30:00,15:31:45,2025-05,dbfull,-5.075000000000003
122,2025-05-14,2025-05-14 09:53:30,2025-05-14 09:53:30,SHORT,NQ,NQ,21300.0,21330.5,21225.0,21300.0,2025-05-14 09:57:00,BE,True,2025-05-14 09:56:00,30.5,3.05,-0.0,-0.0,15:53:30,15:57:00,2025-05,dbfull,-5.075000000000003
123,2025-05-15,2025-05-15 09:39:00,2025-05-15 09:39:15,SHORT,NQ,ES,21301.0,21323.5,21226.0,21301.0,2025-05-15 09:41:00,BE,True,2025-05-15 09:40:15,22.5,2.25,-0.0,-0.0,15:39:15,15:41:00,2025-05,dbfull,-5.075000000000003
124,2025-05-16,2025-05-16 09:43:30,2025-05-16 09:43:45,SHORT,NQ,NQ,21409.5,21440.0,21334.5,21440.0,2025-05-16 09:49:45,SL,False,,30.5,3.05,-30.5,-3.05,15:43:45,15:49:45,2025-05,dbfull,-8.125000000000004
125,2025-05-19,2025-05-19 09:54:00,2025-05-19 09:54:15,SHORT,NQ,NQ,21350.25,21365.25,21275.25,21365.25,2025-05-19 09:55:45,SL,False,,15.0,1.5,-15.0,-1.5,15:54:15,15:55:45,2025-05,dbfull,-9.625000000000004
126,2025-05-20,2025-05-20 09:35:30,2025-05-20 09:35:45,SHORT,NQ,ES,21414.5,21434.0,21339.5,21414.5,2025-05-20 09:37:00,BE,True,2025-05-20 09:36:15,19.5,1.95,-0.0,-0.0,15:35:45,15:37:00,2025-05,dbfull,-9.625000000000004
128,2025-05-21,2025-05-21 09:58:15,2025-05-21 09:58:30,SHORT,NQ,NQ,21374.5,21394.25,21299.5,21374.5,2025-05-21 09:59:30,BE,True,2025-05-21 09:59:15,19.75,1.98,-0.0,-0.0,15:58:30,15:59:30,2025-05,dbfull,-9.625000000000004
131,2025-05-26,2025-05-26 09:48:00,2025-05-26 09:48:00,SHORT,NQ,NQ,21299.5,21302.25,21224.5,21224.5,2025-05-26 11:03:00,TP,True,2025-05-26 09:50:30,2.75,0.28,75.0,7.5,15:48:00,17:03:00,2025-05,dbfull,-2.1250000000000036
132,2025-05-27,2025-05-27 09:50:00,2025-05-27 09:50:00,SHORT,NQ,ES,21260.0,21277.5,21185.0,21277.5,2025-05-27 09:50:45,SL,False,,17.5,1.75,-17.5,-1.75,15:50:00,15:50:45,2025-05,dbfull,-3.8750000000000036
136,2025-05-29,2025-05-29 09:30:00,2025-05-29 09:30:00,SHORT,NQ,NQ,21657.0,21681.75,21582.0,21657.0,2025-05-29 09:30:45,BE,True,2025-05-29 09:30:15,24.75,2.48,-0.0,-0.0,15:30:00,15:30:45,2025-05,dbfull,-3.8750000000000036
137,2025-05-30,2025-05-30 09:47:15,2025-05-30 09:47:30,SHORT,NQ,NQ,21304.75,21328.0,21229.75,21304.75,2025-05-30 10:01:00,BE,True,2025-05-30 09:50:45,23.25,2.33,-0.0,-0.0,15:47:30,16:01:00,2025-05,dbfull,-3.8750000000000036
138,2025-06-02,2025-06-02 09:45:00,2025-06-02 09:45:00,SHORT,NQ,NQ,21420.75,21456.25,21345.75,21345.75,2025-06-02 09:51:45,TP,True,2025-06-02 09:46:00,35.5,3.55,75.0,7.5,15:45:00,15:51:45,2025-06,dbfull,3.6249999999999964
139,2025-06-03,2025-06-03 09:59:00,2025-06-03 09:59:15,SHORT,NQ,NQ,21595.75,21605.75,21520.75,21605.75,2025-06-03 10:00:00,SL,False,,10.0,1.0,-10.0,-1.0,15:59:15,16:00:00,2025-06,dbfull,2.6249999999999964
141,2025-06-06,2025-06-06 09:55:00,2025-06-06 09:55:00,SHORT,NQ,ES,21831.25,21854.5,21756.25,21831.25,2025-06-06 09:59:45,BE,True,2025-06-06 09:56:00,23.25,2.33,-0.0,-0.0,15:55:00,15:59:45,2025-06,dbfull,2.6249999999999964
144,2025-06-10,2025-06-10 09:46:30,2025-06-10 09:46:30,SHORT,NQ,ES,21849.25,21866.0,21774.25,21866.0,2025-06-10 09:49:15,SL,False,,16.75,1.68,-16.75,-1.675,15:46:30,15:49:15,2025-06,dbfull,0.9499999999999964
145,2025-06-11,2025-06-11 09:45:00,2025-06-11 09:45:15,SHORT,NQ,NQ,21966.5,21983.0,21891.5,21966.5,2025-06-11 09:51:00,BE,True,2025-06-11 09:46:00,16.5,1.65,-0.0,-0.0,15:45:15,15:51:00,2025-06,dbfull,0.9499999999999964
146,2025-06-12,2025-06-12 09:35:00,2025-06-12 09:35:15,SHORT,NQ,NQ,21845.25,21868.0,21770.25,21868.0,2025-06-12 09:38:30,SL,False,,22.75,2.27,-22.75,-2.275,15:35:15,15:38:30,2025-06,dbfull,-1.3250000000000035
147,2025-06-13,2025-06-13 09:44:00,2025-06-13 09:44:15,SHORT,NQ,NQ,21759.0,21779.0,21684.0,21779.0,2025-06-13 09:50:45,SL,False,,20.0,2.0,-20.0,-2.0,15:44:15,15:50:45,2025-06,dbfull,-3.3250000000000037
148,2025-06-16,2025-06-16 09:43:00,2025-06-16 09:43:00,SHORT,NQ,NQ,22077.5,22087.25,22002.5,22087.25,2025-06-16 09:43:45,SL,False,,9.75,0.97,-9.75,-0.975,15:43:00,15:43:45,2025-06,dbfull,-4.300000000000003
149,2025-06-16,2025-06-16 09:47:00,2025-06-16 09:47:00,SHORT,NQ,ES,22084.75,22102.75,22009.75,22084.75,2025-06-16 09:49:15,BE,True,2025-06-16 09:47:30,18.0,1.8,-0.0,-0.0,15:47:00,15:49:15,2025-06,dbfull,-4.300000000000003
150,2025-06-17,2025-06-17 09:36:15,2025-06-17 09:36:45,SHORT,NQ,ES,22078.0,22090.0,22003.0,22090.0,2025-06-17 09:40:15,SL,False,,12.0,1.2,-12.0,-1.2,15:36:45,15:40:15,2025-06,dbfull,-5.5000000000000036
152,2025-06-18,2025-06-18 09:30:00,2025-06-18 09:30:00,SHORT,NQ,ES,21973.0,21999.75,21898.0,21973.0,2025-06-18 09:41:30,BE,True,2025-06-18 09:32:15,26.75,2.67,-0.0,-0.0,15:30:00,15:41:30,2025-06,dbfull,-5.5000000000000036
153,2025-06-18,2025-06-18 09:43:00,2025-06-18 09:43:15,SHORT,NQ,NQ,21967.0,21978.0,21892.0,21978.0,2025-06-18 09:44:00,SL,False,,11.0,1.1,-11.0,-1.1,15:43:15,15:44:00,2025-06,dbfull,-6.600000000000003
155,2025-06-24,2025-06-24 09:33:45,2025-06-24 09:34:00,SHORT,NQ,ES,22281.25,22314.75,22206.25,22314.75,2025-06-24 09:38:00,SL,False,,33.5,3.35,-33.5,-3.35,15:34:00,15:38:00,2025-06,dbfull,-9.950000000000003
156,2025-06-25,2025-06-25 09:55:00,2025-06-25 09:55:15,SHORT,NQ,NQ,22508.25,22543.5,22433.25,22508.25,2025-06-25 10:44:00,BE,True,2025-06-25 10:11:15,35.25,3.52,-0.0,-0.0,15:55:15,16:44:00,2025-06,dbfull,-9.950000000000003
159,2025-06-30,2025-06-30 09:40:30,2025-06-30 09:40:30,SHORT,NQ,NQ,22831.0,22847.0,22756.0,22831.0,2025-06-30 09:59:15,BE,True,2025-06-30 09:44:00,16.0,1.6,-0.0,-0.0,15:40:30,15:59:15,2025-06,dbfull,-9.950000000000003
161,2025-07-01,2025-07-01 09:35:00,2025-07-01 09:35:00,SHORT,NQ,NQ,22797.25,22814.0,22722.25,22814.0,2025-07-01 09:36:30,SL,False,,16.75,1.68,-16.75,-1.675,15:35:00,15:36:30,2025-07,dbfull,-11.625000000000004
162,2025-07-02,2025-07-02 09:34:00,2025-07-02 09:34:00,SHORT,NQ,NQ,22674.0,22688.25,22599.0,22688.25,2025-07-02 09:36:15,SL,False,,14.25,1.43,-14.25,-1.425,15:34:00,15:36:15,2025-07,dbfull,-13.050000000000004
163,2025-07-02,2025-07-02 09:41:00,2025-07-02 09:41:15,SHORT,NQ,ES,22680.0,22703.25,22605.0,22703.25,2025-07-02 09:45:00,SL,False,,23.25,2.33,-23.25,-2.325,15:41:15,15:45:00,2025-07,dbfull,-15.375000000000004
164,2025-07-03,2025-07-03 09:53:00,2025-07-03 09:53:00,SHORT,NQ,ES,22982.75,22992.5,22907.75,22992.5,2025-07-03 09:54:00,SL,False,,9.75,0.97,-9.75,-0.975,15:53:00,15:54:00,2025-07,dbfull,-16.350000000000005
166,2025-07-04,2025-07-04 09:47:45,2025-07-04 09:48:00,SHORT,NQ,ES,22925.75,22935.0,22850.75,22935.0,2025-07-04 10:30:30,SL,False,,9.25,0.93,-9.25,-0.925,15:48:00,16:30:30,2025-07,dbfull,-17.275000000000006
167,2025-07-07,2025-07-07 09:32:15,2025-07-07 09:32:45,SHORT,NQ,NQ,22952.25,22973.5,22877.25,22952.25,2025-07-07 09:42:15,BE,True,2025-07-07 09:33:30,21.25,2.12,-0.0,-0.0,15:32:45,15:42:15,2025-07,dbfull,-17.275000000000006
170,2025-07-09,2025-07-09 09:56:00,2025-07-09 09:56:15,SHORT,NQ,NQ,23081.25,23093.75,23006.25,23081.25,2025-07-09 09:59:15,BE,True,2025-07-09 09:58:00,12.5,1.25,-0.0,-0.0,15:56:15,15:59:15,2025-07,dbfull,-17.275000000000006
171,2025-07-10,2025-07-10 09:32:15,2025-07-10 09:33:00,SHORT,NQ,ES,23041.75,23080.25,22966.75,23041.75,2025-07-10 09:35:45,BE,True,2025-07-10 09:33:15,38.5,3.85,-0.0,-0.0,15:33:00,15:35:45,2025-07,dbfull,-17.275000000000006
173,2025-07-11,2025-07-11 09:34:45,2025-07-11 09:35:00,SHORT,NQ,NQ,22922.75,22953.5,22847.75,22922.75,2025-07-11 09:48:30,BE,True,2025-07-11 09:37:00,30.75,3.08,-0.0,-0.0,15:35:00,15:48:30,2025-07,dbfull,-17.275000000000006
174,2025-07-14,2025-07-14 09:35:00,2025-07-14 09:35:00,SHORT,NQ,NQ,22929.0,22950.25,22854.0,22929.0,2025-07-14 09:35:30,BE,True,2025-07-14 09:35:15,21.25,2.12,-0.0,-0.0,15:35:00,15:35:30,2025-07,dbfull,-17.275000000000006
175,2025-07-15,2025-07-15 09:33:00,2025-07-15 09:33:00,SHORT,NQ,NQ,23186.0,23206.75,23111.0,23186.0,2025-07-15 10:11:45,BE,True,2025-07-15 09:34:45,20.75,2.08,-0.0,-0.0,15:33:00,16:11:45,2025-07,dbfull,-17.275000000000006
176,2025-07-16,2025-07-16 09:38:00,2025-07-16 09:38:15,SHORT,NQ,NQ,23023.0,23048.75,22948.0,23023.0,2025-07-16 09:42:30,BE,True,2025-07-16 09:41:45,25.75,2.58,-0.0,-0.0,15:38:15,15:42:30,2025-07,dbfull,-17.275000000000006
177,2025-07-17,2025-07-17 09:34:00,2025-07-17 09:34:00,SHORT,NQ,ES,23070.25,23109.0,22995.25,23109.0,2025-07-17 09:41:15,SL,False,,38.75,3.88,-38.75,-3.875,15:34:00,15:41:15,2025-07,dbfull,-21.150000000000006
178,2025-07-18,2025-07-18 09:35:00,2025-07-18 09:35:45,SHORT,NQ,ES,23285.25,23310.0,23210.25,23285.25,2025-07-18 09:46:30,BE,True,2025-07-18 09:38:15,24.75,2.48,-0.0,-0.0,15:35:45,15:46:30,2025-07,dbfull,-21.150000000000006
180,2025-07-18,2025-07-18 09:55:00,2025-07-18 09:55:15,SHORT,NQ,ES,23260.25,23295.0,23185.25,23260.25,2025-07-18 09:58:15,BE,True,2025-07-18 09:57:00,34.75,3.48,-0.0,-0.0,15:55:15,15:58:15,2025-07,dbfull,-21.150000000000006
182,2025-07-23,2025-07-23 09:40:00,2025-07-23 09:40:30,SHORT,NQ,NQ,23222.25,23235.0,23147.25,23222.25,2025-07-23 09:41:15,BE,True,2025-07-23 09:40:45,12.75,1.27,-0.0,-0.0,15:40:30,15:41:15,2025-07,dbfull,-21.150000000000006
183,2025-07-24,2025-07-24 09:39:15,2025-07-24 09:39:30,SHORT,NQ,NQ,23351.5,23374.75,23276.5,23374.75,2025-07-24 09:45:30,SL,False,,23.25,2.33,-23.25,-2.325,15:39:30,15:45:30,2025-07,dbfull,-23.475000000000005
188,2025-07-28,2025-07-28 09:56:15,2025-07-28 09:56:30,SHORT,NQ,NQ,23508.0,23520.5,23433.0,23520.5,2025-07-28 09:59:45,SL,False,,12.5,1.25,-12.5,-1.25,15:56:30,15:59:45,2025-07,dbfull,-24.725000000000005
189,2025-07-29,2025-07-29 09:42:15,2025-07-29 09:42:30,SHORT,NQ,NQ,23635.0,23645.75,23560.0,23560.0,2025-07-29 09:50:45,TP,True,2025-07-29 09:43:15,10.75,1.07,75.0,7.5,15:42:30,15:50:45,2025-07,dbfull,-17.225000000000005
190,2025-07-30,2025-07-30 09:31:00,2025-07-30 09:31:15,SHORT,NQ,NQ,23473.0,23491.0,23398.0,23473.0,2025-07-30 09:33:45,BE,True,2025-07-30 09:32:30,18.0,1.8,-0.0,-0.0,15:31:15,15:33:45,2025-07,dbfull,-17.225000000000005
191,2025-07-30,2025-07-30 09:47:00,2025-07-30 09:47:15,SHORT,NQ,ES,23508.5,23526.25,23433.5,23508.5,2025-07-30 10:22:30,BE,True,2025-07-30 09:50:15,17.75,1.77,-0.0,-0.0,15:47:15,16:22:30,2025-07,dbfull,-17.225000000000005
193,2025-08-04,2025-08-04 09:51:00,2025-08-04 09:51:00,SHORT,NQ,NQ,23209.0,23220.0,23134.0,23220.0,2025-08-04 09:54:00,SL,False,,11.0,1.1,-11.0,-1.1,15:51:00,15:54:00,2025-08,dbfull,-18.325000000000006
195,2025-08-05,2025-08-05 09:51:15,2025-08-05 09:51:15,SHORT,NQ,NQ,23372.5,23393.75,23297.5,23297.5,2025-08-05 10:17:45,TP,True,2025-08-05 10:00:00,21.25,2.12,75.0,7.5,15:51:15,16:17:45,2025-08,dbfull,-10.825000000000006
199,2025-08-08,2025-08-08 09:50:00,2025-08-08 09:50:00,SHORT,NQ,ES,23621.5,23644.5,23546.5,23644.5,2025-08-08 09:56:00,SL,False,,23.0,2.3,-23.0,-2.3,15:50:00,15:56:00,2025-08,dbfull,-13.125000000000007
200,2025-08-11,2025-08-11 09:32:15,2025-08-11 09:32:15,SHORT,NQ,ES,23695.75,23722.5,23620.75,23695.75,2025-08-11 09:35:00,BE,True,2025-08-11 09:33:30,26.75,2.67,-0.0,-0.0,15:32:15,15:35:00,2025-08,dbfull,-13.125000000000007
201,2025-08-11,2025-08-11 09:42:00,2025-08-11 09:42:00,SHORT,NQ,NQ,23706.0,23716.5,23631.0,23716.5,2025-08-11 09:42:15,SL,False,,10.5,1.05,-10.5,-1.05,15:42:00,15:42:15,2025-08,dbfull,-14.175000000000008
203,2025-08-13,2025-08-13 09:40:00,2025-08-13 09:40:00,SHORT,NQ,ES,24049.25,24063.0,23974.25,24049.25,2025-08-13 09:50:45,BE,True,2025-08-13 09:42:30,13.75,1.38,-0.0,-0.0,15:40:00,15:50:45,2025-08,dbfull,-14.175000000000008
204,2025-08-13,2025-08-13 09:59:00,2025-08-13 09:59:15,SHORT,NQ,NQ,24015.5,24031.5,23940.5,23940.5,2025-08-13 10:47:00,TP,True,2025-08-13 10:00:15,16.0,1.6,75.0,7.5,15:59:15,16:47:00,2025-08,dbfull,-6.675000000000008
205,2025-08-15,2025-08-15 09:30:00,2025-08-15 09:30:00,SHORT,NQ,ES,23888.0,23921.75,23813.0,23813.0,2025-08-15 09:45:45,TP,True,2025-08-15 09:30:30,33.75,3.38,75.0,7.5,15:30:00,15:45:45,2025-08,dbfull,0.8249999999999922
209,2025-08-20,2025-08-20 09:40:00,2025-08-20 09:40:15,SHORT,NQ,NQ,23364.5,23384.75,23289.5,23364.5,2025-08-20 09:42:45,BE,True,2025-08-20 09:41:00,20.25,2.02,-0.0,-0.0,15:40:15,15:42:45,2025-08,dbfull,0.8249999999999922
212,2025-08-21,2025-08-21 09:45:00,2025-08-21 09:45:00,SHORT,NQ,NQ,23244.75,23266.5,23169.75,23244.75,2025-08-21 09:48:00,BE,True,2025-08-21 09:45:15,21.75,2.17,-0.0,-0.0,15:45:00,15:48:00,2025-08,dbfull,0.8249999999999922
213,2025-08-22,2025-08-22 09:52:00,2025-08-22 09:52:00,SHORT,NQ,NQ,23322.25,23342.25,23247.25,23247.25,2025-08-22 09:58:45,TP,True,2025-08-22 09:56:45,20.0,2.0,75.0,7.5,15:52:00,15:58:45,2025-08,dbfull,8.324999999999992
215,2025-08-25,2025-08-25 09:51:00,2025-08-25 09:51:00,SHORT,NQ,ES,23480.25,23492.5,23405.25,23492.5,2025-08-25 09:52:15,SL,False,,12.25,1.23,-12.25,-1.225,15:51:00,15:52:15,2025-08,dbfull,7.0999999999999925
216,2025-08-26,2025-08-26 09:35:15,2025-08-26 09:35:30,SHORT,NQ,NQ,23493.5,23513.0,23418.5,23493.5,2025-08-26 09:40:00,BE,True,2025-08-26 09:38:15,19.5,1.95,-0.0,-0.0,15:35:30,15:40:00,2025-08,dbfull,7.0999999999999925
219,2025-08-28,2025-08-28 09:44:00,2025-08-28 09:44:15,SHORT,NQ,ES,23705.5,23727.75,23630.5,23630.5,2025-08-28 09:50:30,TP,True,2025-08-28 09:45:30,22.25,2.23,75.0,7.5,15:44:15,15:50:30,2025-08,dbfull,14.599999999999993
220,2025-08-29,2025-08-29 09:34:30,2025-08-29 09:35:00,SHORT,NQ,NQ,23631.0,23658.75,23556.0,23631.0,2025-08-29 09:38:30,BE,True,2025-08-29 09:37:00,27.75,2.77,-0.0,-0.0,15:35:00,15:38:30,2025-08,dbfull,14.599999999999993
221,2025-09-01,2025-09-01 09:55:00,2025-09-01 09:55:00,SHORT,NQ,NQ,23489.0,23493.25,23414.0,23489.0,2025-09-01 10:32:00,BE,True,2025-09-01 10:14:30,4.25,0.42,-0.0,-0.0,15:55:00,16:32:00,2025-09,dbfull,14.599999999999993
224,2025-09-04,2025-09-04 09:53:15,2025-09-04 09:53:30,SHORT,NQ,ES,23471.75,23503.0,23396.75,23471.75,2025-09-04 09:56:15,BE,True,2025-09-04 09:55:45,31.25,3.12,-0.0,-0.0,15:53:30,15:56:15,2025-09,dbfull,14.599999999999993
225,2025-09-05,2025-09-05 09:38:30,2025-09-05 09:38:45,SHORT,NQ,ES,23826.25,23853.75,23751.25,23853.75,2025-09-05 09:40:30,SL,False,,27.5,2.75,-27.5,-2.75,15:38:45,15:40:30,2025-09,dbfull,11.849999999999993
228,2025-09-09,2025-09-09 09:40:30,2025-09-09 09:41:00,SHORT,NQ,NQ,23827.25,23843.25,23752.25,23843.25,2025-09-09 09:44:15,SL,False,,16.0,1.6,-16.0,-1.6,15:41:00,15:44:15,2025-09,dbfull,10.249999999999993
229,2025-09-10,2025-09-10 09:37:00,2025-09-10 09:37:15,SHORT,NQ,NQ,23948.5,23976.0,23873.5,23948.5,2025-09-10 09:43:45,BE,True,2025-09-10 09:39:15,27.5,2.75,-0.0,-0.0,15:37:15,15:43:45,2025-09,dbfull,10.249999999999993
230,2025-09-10,2025-09-10 09:53:30,2025-09-10 09:53:30,SHORT,NQ,NQ,23924.0,23953.0,23849.0,23953.0,2025-09-10 10:01:45,SL,False,,29.0,2.9,-29.0,-2.9,15:53:30,16:01:45,2025-09,dbfull,7.3499999999999925
231,2025-09-11,2025-09-11 09:36:00,2025-09-11 09:36:15,SHORT,NQ,NQ,23963.75,23987.25,23888.75,23963.75,2025-09-11 09:37:15,BE,True,2025-09-11 09:36:45,23.5,2.35,-0.0,-0.0,15:36:15,15:37:15,2025-09,dbfull,7.3499999999999925
232,2025-09-11,2025-09-11 09:50:00,2025-09-11 09:50:30,SHORT,NQ,ES,23946.25,23965.5,23871.25,23965.5,2025-09-11 09:51:45,SL,False,,19.25,1.93,-19.25,-1.925,15:50:30,15:51:45,2025-09,dbfull,5.424999999999993
235,2025-09-16,2025-09-16 09:35:15,2025-09-16 09:35:30,SHORT,NQ,NQ,24573.0,24593.0,24498.0,24573.0,2025-09-16 09:44:15,BE,True,2025-09-16 09:37:45,20.0,2.0,-0.0,-0.0,15:35:30,15:44:15,2025-09,dbfull,5.424999999999993
236,2025-09-17,2025-09-17 09:34:00,2025-09-17 09:34:15,SHORT,NQ,ES,24502.25,24534.25,24427.25,24502.25,2025-09-17 09:34:45,BE,True,2025-09-17 09:34:30,32.0,3.2,-0.0,-0.0,15:34:15,15:34:45,2025-09,dbfull,5.424999999999993
237,2025-09-17,2025-09-17 09:55:00,2025-09-17 09:55:45,SHORT,NQ,ES,24498.25,24520.5,24423.25,24423.25,2025-09-17 10:45:30,TP,True,2025-09-17 09:56:45,22.25,2.23,75.0,7.5,15:55:45,16:45:30,2025-09,dbfull,12.924999999999994
239,2025-09-18,2025-09-18 09:39:15,2025-09-18 09:39:15,SHORT,NQ,NQ,24675.0,24705.75,24600.0,24600.0,2025-09-18 09:46:30,TP,True,2025-09-18 09:40:30,30.75,3.08,75.0,7.5,15:39:15,15:46:30,2025-09,dbfull,20.424999999999994
240,2025-09-19,2025-09-19 09:30:00,2025-09-19 09:30:00,SHORT,NQ,NQ,24765.25,24784.75,24690.25,24765.25,2025-09-19 09:32:00,BE,True,2025-09-19 09:31:45,19.5,1.95,-0.0,-0.0,15:30:00,15:32:00,2025-09,dbfull,20.424999999999994
243,2025-09-22,2025-09-22 09:56:30,2025-09-22 09:56:45,SHORT,NQ,ES,24867.25,24880.5,24792.25,24880.5,2025-09-22 10:02:30,SL,False,,13.25,1.32,-13.25,-1.325,15:56:45,16:02:30,2025-09,dbfull,19.099999999999994
244,2025-09-23,2025-09-23 09:36:00,2025-09-23 09:36:30,SHORT,NQ,ES,24978.5,25009.75,24903.5,24978.5,2025-09-23 09:37:00,BE,True,2025-09-23 09:36:45,31.25,3.12,-0.0,-0.0,15:36:30,15:37:00,2025-09,dbfull,19.099999999999994
245,2025-09-23,2025-09-23 09:40:00,2025-09-23 09:40:15,SHORT,NQ,NQ,24978.25,24990.75,24903.25,24903.25,2025-09-23 13:18:45,TP,True,2025-09-23 09:40:30,12.5,1.25,75.0,7.5,15:40:15,19:18:45,2025-09,dbfull,26.599999999999994
247,2025-09-25,2025-09-25 09:30:00,2025-09-25 09:30:00,SHORT,NQ,NQ,24559.25,24582.0,24484.25,24559.25,2025-09-25 09:33:30,BE,True,2025-09-25 09:30:15,22.75,2.27,-0.0,-0.0,15:30:00,15:33:30,2025-09,dbfull,26.599999999999994
248,2025-09-26,2025-09-26 09:30:00,2025-09-26 09:30:00,SHORT,NQ,ES,24628.0,24662.5,24553.0,24628.0,2025-09-26 09:31:15,BE,True,2025-09-26 09:30:30,34.5,3.45,-0.0,-0.0,15:30:00,15:31:15,2025-09,dbfull,26.599999999999994
249,2025-09-29,2025-09-29 09:39:00,2025-09-29 09:39:00,SHORT,NQ,NQ,24873.75,24888.0,24798.75,24888.0,2025-09-29 09:41:00,SL,False,,14.25,1.43,-14.25,-1.425,15:39:00,15:41:00,2025-09,dbfull,25.174999999999994
250,2025-09-29,2025-09-29 09:51:00,2025-09-29 09:51:30,SHORT,NQ,NQ,24935.5,24951.75,24860.5,24951.75,2025-09-29 09:54:00,SL,False,,16.25,1.62,-16.25,-1.625,15:51:30,15:54:00,2025-09,dbfull,23.549999999999994
252,2025-10-02,2025-10-02 09:35:00,2025-10-02 09:35:15,SHORT,NQ,NQ,25121.25,25139.5,25046.25,25046.25,2025-10-02 09:41:30,TP,True,2025-10-02 09:36:30,18.25,1.82,75.0,7.5,15:35:15,15:41:30,2025-10,dbfull,31.049999999999994
253,2025-10-03,2025-10-03 09:41:00,2025-10-03 09:41:00,SHORT,NQ,NQ,25150.0,25165.5,25075.0,25150.0,2025-10-03 09:47:15,BE,True,2025-10-03 09:41:15,15.5,1.55,-0.0,-0.0,15:41:00,15:47:15,2025-10,dbfull,31.049999999999994
254,2025-10-06,2025-10-06 09:35:30,2025-10-06 09:35:45,SHORT,NQ,NQ,25168.5,25185.25,25093.5,25185.25,2025-10-06 09:37:15,SL,False,,16.75,1.68,-16.75,-1.675,15:35:45,15:37:15,2025-10,dbfull,29.374999999999993
255,2025-10-06,2025-10-06 09:43:00,2025-10-06 09:43:00,SHORT,NQ,ES,25146.25,25176.5,25071.25,25146.25,2025-10-06 09:45:00,BE,True,2025-10-06 09:43:30,30.25,3.02,-0.0,-0.0,15:43:00,15:45:00,2025-10,dbfull,29.374999999999993
256,2025-10-06,2025-10-06 09:55:00,2025-10-06 09:55:00,SHORT,NQ,NQ,25138.75,25156.25,25063.75,25156.25,2025-10-06 09:59:00,SL,False,,17.5,1.75,-17.5,-1.75,15:55:00,15:59:00,2025-10,dbfull,27.624999999999993
257,2025-10-07,2025-10-07 09:30:00,2025-10-07 09:30:00,SHORT,NQ,ES,25231.25,25241.5,25156.25,25231.25,2025-10-07 09:30:30,BE,True,2025-10-07 09:30:15,10.25,1.02,-0.0,-0.0,15:30:00,15:30:30,2025-10,dbfull,27.624999999999993
258,2025-10-07,2025-10-07 09:48:00,2025-10-07 09:48:15,SHORT,NQ,NQ,25236.0,25253.0,25161.0,25253.0,2025-10-07 09:55:00,SL,False,,17.0,1.7,-17.0,-1.7,15:48:15,15:55:00,2025-10,dbfull,25.924999999999994
259,2025-10-08,2025-10-08 09:43:00,2025-10-08 09:43:15,SHORT,NQ,ES,25122.5,25153.0,25047.5,25153.0,2025-10-08 09:47:30,SL,False,,30.5,3.05,-30.5,-3.05,15:43:15,15:47:30,2025-10,dbfull,22.874999999999993
260,2025-10-09,2025-10-09 09:34:30,2025-10-09 09:34:45,SHORT,NQ,NQ,25306.75,25325.75,25231.75,25306.75,2025-10-09 09:35:45,BE,True,2025-10-09 09:35:15,19.0,1.9,-0.0,-0.0,15:34:45,15:35:45,2025-10,dbfull,22.874999999999993
263,2025-10-13,2025-10-13 09:30:00,2025-10-13 09:30:00,SHORT,NQ,NQ,24811.5,24835.75,24736.5,24835.75,2025-10-13 09:30:30,SL,False,,24.25,2.42,-24.25,-2.425,15:30:00,15:30:30,2025-10,dbfull,20.449999999999992
264,2025-10-14,2025-10-14 09:31:00,2025-10-14 09:31:00,SHORT,NQ,NQ,24603.75,24641.5,24528.75,24528.75,2025-10-14 09:36:00,TP,True,2025-10-14 09:33:45,37.75,3.77,75.0,7.5,15:31:00,15:36:00,2025-10,dbfull,27.949999999999992
267,2025-10-16,2025-10-16 09:36:00,2025-10-16 09:36:00,SHORT,NQ,NQ,25074.5,25090.25,24999.5,25074.5,2025-10-16 09:42:15,BE,True,2025-10-16 09:40:30,15.75,1.57,-0.0,-0.0,15:36:00,15:42:15,2025-10,dbfull,27.949999999999992
268,2025-10-16,2025-10-16 09:57:45,2025-10-16 09:58:00,SHORT,NQ,ES,25059.5,25096.25,24984.5,25059.5,2025-10-16 10:15:45,BE,True,2025-10-16 10:12:15,36.75,3.67,-0.0,-0.0,15:58:00,16:15:45,2025-10,dbfull,27.949999999999992
269,2025-10-20,2025-10-20 09:40:00,2025-10-20 09:40:00,SHORT,NQ,NQ,25204.75,25220.75,25129.75,25220.75,2025-10-20 09:49:30,SL,False,,16.0,1.6,-16.0,-1.6,15:40:00,15:49:30,2025-10,dbfull,26.34999999999999
270,2025-10-20,2025-10-20 09:56:15,2025-10-20 09:56:45,SHORT,NQ,ES,25218.25,25240.0,25143.25,25240.0,2025-10-20 10:04:00,SL,False,,21.75,2.17,-21.75,-2.175,15:56:45,16:04:00,2025-10,dbfull,24.17499999999999
271,2025-10-21,2025-10-21 09:31:00,2025-10-21 09:31:30,SHORT,NQ,ES,25271.75,25304.5,25196.75,25271.75,2025-10-21 09:32:15,BE,True,2025-10-21 09:32:00,32.75,3.27,-0.0,-0.0,15:31:30,15:32:15,2025-10,dbfull,24.17499999999999
273,2025-10-22,2025-10-22 09:46:00,2025-10-22 09:46:15,SHORT,NQ,NQ,25242.75,25261.5,25167.75,25261.5,2025-10-22 09:50:45,SL,False,,18.75,1.88,-18.75,-1.875,15:46:15,15:50:45,2025-10,dbfull,22.29999999999999
274,2025-10-22,2025-10-22 09:53:00,2025-10-22 09:53:15,SHORT,NQ,NQ,25270.0,25278.5,25195.0,25278.5,2025-10-22 09:54:00,SL,False,,8.5,0.85,-8.5,-0.85,15:53:15,15:54:00,2025-10,dbfull,21.44999999999999
275,2025-10-23,2025-10-23 09:35:00,2025-10-23 09:35:00,SHORT,NQ,NQ,25029.0,25041.25,24954.0,25041.25,2025-10-23 09:35:45,SL,False,,12.25,1.23,-12.25,-1.225,15:35:00,15:35:45,2025-10,dbfull,20.224999999999987
276,2025-10-23,2025-10-23 09:58:45,2025-10-23 09:59:00,SHORT,NQ,NQ,25151.5,25173.5,25076.5,25173.5,2025-10-23 10:00:00,SL,False,,22.0,2.2,-22.0,-2.2,15:59:00,16:00:00,2025-10,dbfull,18.024999999999988
277,2025-10-24,2025-10-24 09:40:00,2025-10-24 09:40:30,SHORT,NQ,NQ,25506.0,25530.5,25431.0,25530.5,2025-10-24 09:45:00,SL,False,,24.5,2.45,-24.5,-2.45,15:40:30,15:45:00,2025-10,dbfull,15.574999999999989
279,2025-10-28,2025-10-28 09:35:15,2025-10-28 09:35:30,SHORT,NQ,ES,26058.0,26094.75,25983.0,26058.0,2025-10-28 09:36:30,BE,True,2025-10-28 09:35:45,36.75,3.67,-0.0,-0.0,14:35:30,14:36:30,2025-10,dbfull,15.574999999999989
281,2025-10-31,2025-10-31 09:31:00,2025-10-31 09:31:00,SHORT,NQ,NQ,26176.75,26199.5,26101.75,26176.75,2025-10-31 09:31:30,BE,True,2025-10-31 09:31:15,22.75,2.27,-0.0,-0.0,14:31:00,14:31:30,2025-10,dbfull,15.574999999999989
282,2025-11-06,2025-11-06 09:40:30,2025-11-06 09:40:30,SHORT,NQ,NQ,25633.25,25664.5,25558.25,25633.25,2025-11-06 09:45:30,BE,True,2025-11-06 09:41:00,31.25,3.12,-0.0,-0.0,15:40:30,15:45:30,2025-11,dbfull,15.574999999999989
284,2025-11-06,2025-11-06 09:50:00,2025-11-06 09:50:15,SHORT,NQ,NQ,25636.5,25670.0,25561.5,25561.5,2025-11-06 09:52:30,TP,True,2025-11-06 09:50:30,33.5,3.35,75.0,7.5,15:50:15,15:52:30,2025-11,dbfull,23.07499999999999
285,2025-11-10,2025-11-10 09:30:00,2025-11-10 09:30:00,SHORT,NQ,NQ,25528.0,25547.25,25453.0,25547.25,2025-11-10 09:30:15,SL,False,,19.25,1.93,-19.25,-1.925,15:30:00,15:30:15,2025-11,dbfull,21.149999999999988
286,2025-11-10,2025-11-10 09:48:00,2025-11-10 09:48:15,SHORT,NQ,ES,25620.5,25647.0,25545.5,25620.5,2025-11-10 09:55:30,BE,True,2025-11-10 09:50:00,26.5,2.65,-0.0,-0.0,15:48:15,15:55:30,2025-11,dbfull,21.149999999999988
287,2025-11-11,2025-11-11 09:38:30,2025-11-11 09:38:45,SHORT,NQ,ES,25619.0,25646.0,25544.0,25619.0,2025-11-11 09:41:00,BE,True,2025-11-11 09:40:15,27.0,2.7,-0.0,-0.0,15:38:45,15:41:00,2025-11,dbfull,21.149999999999988
290,2025-11-19,2025-11-19 09:30:00,2025-11-19 09:30:00,SHORT,NQ,NQ,24588.0,24624.25,24513.0,24624.25,2025-11-19 09:30:30,SL,False,,36.25,3.62,-36.25,-3.625,15:30:00,15:30:30,2025-11,dbfull,17.524999999999988
298,2025-11-28,2025-11-28 09:52:00,2025-11-28 09:52:00,SHORT,NQ,NQ,25369.75,25395.0,25294.75,25395.0,2025-11-28 10:19:00,SL,False,,25.25,2.52,-25.25,-2.525,15:52:00,16:19:00,2025-11,dbfull,14.999999999999988
299,2025-12-02,2025-12-02 09:55:45,2025-12-02 09:55:45,SHORT,NQ,NQ,25576.5,25609.75,25501.5,25609.75,2025-12-02 10:00:30,SL,False,,33.25,3.33,-33.25,-3.325,15:55:45,16:00:30,2025-12,dbfull,11.674999999999986
305,2025-12-10,2025-12-10 09:31:00,2025-12-10 09:31:00,SHORT,NQ,NQ,25635.5,25663.75,25560.5,25635.5,2025-12-10 09:33:30,BE,True,2025-12-10 09:31:30,28.25,2.83,-0.0,-0.0,15:31:00,15:33:30,2025-12,dbfull,11.674999999999986
307,2025-12-11,2025-12-11 09:30:00,2025-12-11 09:30:15,SHORT,NQ,NQ,25618.75,25654.0,25543.75,25618.75,2025-12-11 09:32:15,BE,True,2025-12-11 09:30:30,35.25,3.52,-0.0,-0.0,15:30:15,15:32:15,2025-12,dbfull,11.674999999999986
309,2025-12-15,2025-12-15 09:31:00,2025-12-15 09:31:30,SHORT,NQ,NQ,25640.75,25668.0,25565.75,25565.75,2025-12-15 09:39:00,TP,True,2025-12-15 09:33:30,27.25,2.73,75.0,7.5,15:31:30,15:39:00,2025-12,dbfull,19.174999999999986
310,2025-12-22,2025-12-22 09:30:00,2025-12-22 09:30:00,SHORT,NQ,NQ,25760.0,25785.25,25685.0,25785.25,2025-12-22 09:31:45,SL,False,,25.25,2.52,-25.25,-2.525,15:30:00,15:31:45,2025-12,dbfull,16.649999999999988
312,2025-12-24,2025-12-24 09:39:15,2025-12-24 09:39:45,SHORT,NQ,ES,25791.0,25822.25,25716.0,25822.25,2025-12-24 10:05:30,SL,False,,31.25,3.12,-31.25,-3.125,15:39:45,16:05:30,2025-12,dbfull,13.524999999999988
313,2025-12-26,2025-12-26 09:31:45,2025-12-26 09:31:45,SHORT,NQ,NQ,25882.25,25910.25,25807.25,25910.25,2025-12-26 09:34:00,SL,False,,28.0,2.8,-28.0,-2.8,15:31:45,15:34:00,2025-12,dbfull,10.724999999999987
317,2025-12-31,2025-12-31 09:32:00,2025-12-31 09:32:15,SHORT,NQ,NQ,25676.0,25692.0,25601.0,25676.0,2025-12-31 09:35:15,BE,True,2025-12-31 09:33:00,16.0,1.6,-0.0,-0.0,15:32:15,15:35:15,2025-12,dbfull,10.724999999999987
318,2025-12-31,2025-12-31 09:56:00,2025-12-31 09:56:15,SHORT,NQ,NQ,25624.75,25635.25,25549.75,25549.75,2025-12-31 10:55:30,TP,True,2025-12-31 10:11:30,10.5,1.05,75.0,7.5,15:56:15,16:55:30,2025-12,dbfull,18.224999999999987
321,2026-01-06,2026-01-06 09:38:00,2026-01-06 09:38:15,SHORT,NQ,NQ,25639.75,25669.5,25564.75,25639.75,2026-01-06 09:43:45,BE,True,2026-01-06 09:41:00,29.75,2.98,-0.0,-0.0,15:38:15,15:43:45,2026-01,dbfull,18.224999999999987
323,2026-01-07,2026-01-07 09:31:30,2026-01-07 09:32:15,SHORT,NQ,NQ,25780.75,25810.75,25705.75,25810.75,2026-01-07 09:33:00,SL,False,,30.0,3.0,-30.0,-3.0,15:32:15,15:33:00,2026-01,dbfull,15.224999999999987
325,2026-01-13,2026-01-13 09:48:00,2026-01-13 09:48:00,SHORT,NQ,NQ,25982.25,26002.75,25907.25,25982.25,2026-01-13 09:50:00,BE,True,2026-01-13 09:49:15,20.5,2.05,-0.0,-0.0,15:48:00,15:50:00,2026-01,dbfull,15.224999999999987
326,2026-01-15,2026-01-15 09:30:00,2026-01-15 09:30:15,SHORT,NQ,NQ,25913.5,25949.0,25838.5,25913.5,2026-01-15 09:31:00,BE,True,2026-01-15 09:30:45,35.5,3.55,-0.0,-0.0,15:30:15,15:31:00,2026-01,dbfull,15.224999999999987
327,2026-01-16,2026-01-16 09:33:00,2026-01-16 09:33:15,SHORT,NQ,ES,25839.25,25876.5,25764.25,25876.5,2026-01-16 09:36:45,SL,False,,37.25,3.73,-37.25,-3.725,15:33:15,15:36:45,2026-01,dbfull,11.499999999999988
328,2026-01-19,2026-01-19 09:31:30,2026-01-19 09:31:30,SHORT,NQ,NQ,25282.0,25297.0,25207.0,25282.0,2026-01-19 09:52:30,BE,True,2026-01-19 09:32:30,15.0,1.5,-0.0,-0.0,15:31:30,15:52:30,2026-01,dbfull,11.499999999999988
329,2026-01-19,2026-01-19 09:53:00,2026-01-19 09:53:15,SHORT,NQ,NQ,25275.25,25284.5,25200.25,25284.5,2026-01-19 09:54:30,SL,False,,9.25,0.93,-9.25,-0.925,15:53:15,15:54:30,2026-01,dbfull,10.574999999999987
331,2026-01-22,2026-01-22 09:36:00,2026-01-22 09:36:00,SHORT,NQ,ES,25639.75,25677.75,25564.75,25677.75,2026-01-22 09:38:00,SL,False,,38.0,3.8,-38.0,-3.8,15:36:00,15:38:00,2026-01,dbfull,6.774999999999987
332,2026-01-23,2026-01-23 09:38:00,2026-01-23 09:38:15,SHORT,NQ,ES,25577.5,25615.25,25502.5,25615.25,2026-01-23 09:41:00,SL,False,,37.75,3.77,-37.75,-3.775,15:38:15,15:41:00,2026-01,dbfull,2.999999999999987
333,2026-01-27,2026-01-27 09:30:00,2026-01-27 09:30:00,SHORT,NQ,ES,25971.75,26001.25,25896.75,25971.75,2026-01-27 09:30:45,BE,True,2026-01-27 09:30:15,29.5,2.95,-0.0,-0.0,15:30:00,15:30:45,2026-01,dbfull,2.999999999999987
335,2026-02-02,2026-02-02 09:57:15,2026-02-02 09:57:30,SHORT,NQ,NQ,25759.25,25780.25,25684.25,25759.25,2026-02-02 10:00:00,BE,True,2026-02-02 09:58:00,21.0,2.1,-0.0,-0.0,15:57:30,16:00:00,2026-02,dbfull,2.999999999999987
337,2026-02-11,2026-02-11 09:53:00,2026-02-11 09:53:00,SHORT,NQ,NQ,25365.75,25394.5,25290.75,25394.5,2026-02-11 09:55:00,SL,False,,28.75,2.88,-28.75,-2.875,15:53:00,15:55:00,2026-02,dbfull,0.12499999999998712
339,2026-02-16,2026-02-16 09:34:45,2026-02-16 09:35:00,SHORT,NQ,ES,24755.5,24776.5,24680.5,24755.5,2026-02-16 09:38:30,BE,True,2026-02-16 09:36:30,21.0,2.1,-0.0,-0.0,15:35:00,15:38:30,2026-02,dbfull,0.12499999999998712
340,2026-02-17,2026-02-17 09:42:00,2026-02-17 09:42:15,SHORT,NQ,NQ,24781.25,24810.0,24706.25,24706.25,2026-02-17 09:44:00,TP,True,2026-02-17 09:43:30,28.75,2.88,75.0,7.5,15:42:15,15:44:00,2026-02,dbfull,7.624999999999988
342,2026-02-25,2026-02-25 09:56:00,2026-02-25 09:56:00,SHORT,NQ,NQ,25325.75,25340.75,25250.75,25325.75,2026-02-25 09:57:45,BE,True,2026-02-25 09:57:00,15.0,1.5,-0.0,-0.0,15:56:00,15:57:45,2026-02,dbfull,7.624999999999988
27,2026-03-06,2026-03-06 09:55:15,2026-03-06 09:55:30,SHORT,NQ,NQ,24678.75,24705.75,24603.75,24678.75,2026-03-06 09:57:00,BE,True,2026-03-06 09:56:00,27.0,2.7,-0.0,-0.0,15:55:30,15:57:00,2026-03,vendata,7.624999999999988
28,2026-03-06,2026-03-06 09:56:45,2026-03-06 09:57:00,SHORT,NQ,NQ,24660.5,24692.5,24585.5,24660.5,2026-03-06 09:59:15,BE,True,2026-03-06 09:59:00,32.0,3.2,-0.0,-0.0,15:57:00,15:59:15,2026-03,vendata,7.624999999999988
29,2026-03-10,2026-03-10 09:52:00,2026-03-10 09:52:00,SHORT,NQ,NQ,25025.25,25045.0,24950.25,24950.25,2026-03-10 09:58:45,TP,True,2026-03-10 09:54:45,19.75,1.98,75.0,7.5,14:52:00,14:58:45,2026-03,vendata,15.124999999999988
30,2026-03-11,2026-03-11 09:47:00,2026-03-11 09:47:00,SHORT,NQ,NQ,25068.0,25087.25,24993.0,25068.0,2026-03-11 09:53:00,BE,True,2026-03-11 09:50:30,19.25,1.93,-0.0,-0.0,14:47:00,14:53:00,2026-03,vendata,15.124999999999988
33,2026-03-17,2026-03-17 09:58:15,2026-03-17 09:58:30,SHORT,NQ,NQ,25080.75,25098.0,25005.75,25098.0,2026-03-17 10:00:00,SL,False,,17.25,1.73,-17.25,-1.725,14:58:30,15:00:00,2026-03,vendata,13.399999999999988
36,2026-03-19,2026-03-19 09:56:30,2026-03-19 09:57:00,SHORT,NQ,ES,24479.0,24517.25,24404.0,24517.25,2026-03-19 10:00:45,SL,False,,38.25,3.83,-38.25,-3.825,14:57:00,15:00:45,2026-03,vendata,9.574999999999989
42,2026-04-06,2026-04-06 09:55:00,2026-04-06 09:55:15,SHORT,NQ,NQ,24375.5,24403.0,24300.5,24403.0,2026-04-06 09:59:45,SL,False,,27.5,2.75,-27.5,-2.75,15:55:15,15:59:45,2026-04,vendata,6.824999999999989
43,2026-04-07,2026-04-07 09:41:30,2026-04-07 09:41:30,SHORT,NQ,NQ,24204.25,24232.5,24129.25,24232.5,2026-04-07 09:43:00,SL,False,,28.25,2.83,-28.25,-2.825,15:41:30,15:43:00,2026-04,vendata,3.9999999999999885
45,2026-04-09,2026-04-09 09:48:00,2026-04-09 09:48:00,SHORT,NQ,ES,25069.0,25092.75,24994.0,24994.0,2026-04-09 10:16:00,TP,True,2026-04-09 09:51:00,23.75,2.38,75.0,7.5,15:48:00,16:16:00,2026-04,vendata,11.49999999999999
48,2026-04-14,2026-04-14 09:58:15,2026-04-14 09:58:30,SHORT,NQ,NQ,25728.0,25740.0,25653.0,25740.0,2026-04-14 10:06:45,SL,False,,12.0,1.2,-12.0,-1.2,15:58:30,16:06:45,2026-04,vendata,10.29999999999999
49,2026-04-20,2026-04-20 09:38:00,2026-04-20 09:38:15,SHORT,NQ,NQ,26777.0,26811.25,26702.0,26777.0,2026-04-20 09:54:00,BE,True,2026-04-20 09:39:00,34.25,3.42,-0.0,-0.0,15:38:15,15:54:00,2026-04,vendata,10.29999999999999
52,2026-04-28,2026-04-28 09:51:00,2026-04-28 09:51:00,SHORT,NQ,ES,27220.5,27236.75,27145.5,27145.5,2026-04-28 09:56:00,TP,True,2026-04-28 09:52:30,16.25,1.62,75.0,7.5,15:51:00,15:56:00,2026-04,vendata,17.79999999999999
55,2026-05-05,2026-05-05 09:53:00,2026-05-05 09:53:45,SHORT,NQ,NQ,28093.5,28110.0,28018.5,28093.5,2026-05-05 09:58:15,BE,True,2026-05-05 09:54:45,16.5,1.65,-0.0,-0.0,15:53:45,15:58:15,2026-05,vendata,17.79999999999999
61,2026-05-28,2026-05-28 09:32:00,2026-05-28 09:32:30,SHORT,NQ,NQ,30072.25,30112.0,29997.25,29997.25,2026-05-28 09:35:15,TP,True,2026-05-28 09:33:15,39.75,3.98,75.0,7.5,15:32:30,15:35:15,2026-05,vendata,25.29999999999999
62,2026-06-01,2026-06-01 09:49:00,2026-06-01 09:49:15,SHORT,NQ,NQ,30438.5,30465.5,30363.5,30363.5,2026-06-01 09:55:15,TP,True,2026-06-01 09:51:45,27.0,2.7,75.0,7.5,15:49:15,15:55:15,2026-06,vendata,32.79999999999999
63,2026-06-16,2026-06-16 09:45:00,2026-06-16 09:45:00,SHORT,NQ,NQ,30816.0,30850.0,30741.0,30850.0,2026-06-16 09:46:15,SL,False,,34.0,3.4,-34.0,-3.4,15:45:00,15:46:15,2026-06,vendata,29.39999999999999
64,2026-06-17,2026-06-17 09:38:00,2026-06-17 09:38:00,SHORT,NQ,NQ,30437.0,30474.25,30362.0,30437.0,2026-06-17 09:40:45,BE,True,2026-06-17 09:38:30,37.25,3.73,-0.0,-0.0,15:38:00,15:40:45,2026-06,vendata,29.39999999999999
65,2026-06-17,2026-06-17 09:56:00,2026-06-17 09:56:00,SHORT,NQ,ES,30438.5,30477.5,30363.5,30363.5,2026-06-17 09:57:30,TP,True,2026-06-17 09:56:15,39.0,3.9,75.0,7.5,15:56:00,15:57:30,2026-06,vendata,36.89999999999999
68,2026-07-03,2026-07-03 09:50:00,2026-07-03 09:50:15,SHORT,NQ,NQ,29921.0,29933.0,29846.0,29933.0,2026-07-03 09:51:30,SL,False,,12.0,1.2,-12.0,-1.2,15:50:15,15:51:30,2026-07,vendata,35.69999999999999
70,2026-07-07,2026-07-07 09:50:00,2026-07-07 09:50:30,SHORT,NQ,NQ,29510.0,29550.0,29435.0,29510.0,2026-07-07 09:51:15,BE,True,2026-07-07 09:51:00,40.0,4.0,-0.0,-0.0,15:50:30,15:51:15,2026-07,vendata,35.69999999999999
74,2026-07-22,2026-07-22 09:48:00,2026-07-22 09:48:30,SHORT,NQ,ES,29164.5,29204.0,29089.5,29204.0,2026-07-22 09:51:15,SL,False,,39.5,3.95,-39.5,-3.95,15:48:30,15:51:15,2026-07,vendata,31.74999999999999
75,2026-07-29,2026-07-29 09:43:00,2026-07-29 09:43:00,SHORT,NQ,NQ,27874.0,27905.0,27799.0,27905.0,2026-07-29 09:44:30,SL,False,,31.0,3.1,-31.0,-3.1,15:43:00,15:44:30,2026-07,vendata,28.649999999999988
76,2026-08-07,2026-08-07 09:42:00,2026-08-07 09:42:00,SHORT,NQ,NQ,29720.5,29754.5,29645.5,29754.5,2026-08-07 09:43:15,SL,False,,34.0,3.4,-34.0,-3.4,15:42:00,15:43:15,2026-08,vendata,25.24999999999999
79,2026-08-14,2026-08-14 09:55:45,2026-08-14 09:56:00,SHORT,NQ,NQ,30236.5,30254.0,30161.5,30236.5,2026-08-14 10:02:15,BE,True,2026-08-14 09:57:45,17.5,1.75,-0.0,-0.0,15:56:00,16:02:15,2026-08,vendata,25.24999999999999
80,2026-08-17,2026-08-17 09:32:00,2026-08-17 09:32:00,SHORT,NQ,NQ,30239.0,30266.0,30164.0,30239.0,2026-08-17 09:33:30,BE,True,2026-08-17 09:32:45,27.0,2.7,-0.0,-0.0,15:32:00,15:33:30,2026-08,vendata,25.24999999999999
81,2026-08-20,2026-08-20 09:45:00,2026-08-20 09:45:15,SHORT,NQ,NQ,29426.0,29457.0,29351.0,29351.0,2026-08-20 09:49:00,TP,True,2026-08-20 09:47:00,31.0,3.1,75.0,7.5,15:45:15,15:49:00,2026-08,vendata,32.749999999999986
84,2026-08-25,2026-08-25 09:30:00,2026-08-25 09:30:00,SHORT,NQ,NQ,29292.0,29312.5,29217.0,29312.5,2026-08-25 09:30:15,SL,False,,20.5,2.05,-20.5,-2.05,15:30:00,15:30:15,2026-08,vendata,30.699999999999985
86,2026-08-25,2026-08-25 09:50:30,2026-08-25 09:50:30,SHORT,NQ,ES,29379.0,29414.75,29304.0,29304.0,2026-08-25 09:56:00,TP,True,2026-08-25 09:54:45,35.75,3.58,75.0,7.5,15:50:30,15:56:00,2026-08,vendata,38.19999999999999
88,2026-09-01,2026-09-01 09:58:30,2026-09-01 09:58:30,SHORT,NQ,ES,29093.5,29130.0,29018.5,29130.0,2026-09-01 10:00:00,SL,False,,36.5,3.65,-36.5,-3.65,15:58:30,16:00:00,2026-09,vendata,34.54999999999999
89,2026-09-02,2026-09-02 09:36:00,2026-09-02 09:36:30,SHORT,NQ,ES,29059.0,29090.5,28984.0,29059.0,2026-09-02 09:37:45,BE,True,2026-09-02 09:37:00,31.5,3.15,-0.0,-0.0,15:36:30,15:37:45,2026-09,vendata,34.54999999999999
90,2026-09-02,2026-09-02 09:49:15,2026-09-02 09:49:30,SHORT,NQ,ES,29043.75,29082.5,28968.75,29043.75,2026-09-02 09:52:15,BE,True,2026-09-02 09:51:45,38.75,3.88,-0.0,-0.0,15:49:30,15:52:15,2026-09,vendata,34.54999999999999
91,2026-09-02,2026-09-02 09:55:00,2026-09-02 09:55:00,SHORT,NQ,ES,29029.75,29063.75,28954.75,29029.75,2026-09-02 09:55:45,BE,True,2026-09-02 09:55:15,34.0,3.4,-0.0,-0.0,15:55:00,15:55:45,2026-09,vendata,34.54999999999999
93,2026-09-07,2026-09-07 09:41:00,2026-09-07 09:41:00,SHORT,NQ,ES,29608.25,29640.25,29533.25,29608.25,2026-09-07 11:03:00,BE,True,2026-09-07 10:59:45,32.0,3.2,-0.0,-0.0,15:41:00,17:03:00,2026-09,vendata,34.54999999999999
