id,day,hit_t,entry_t,side,asset,trigger_asset,entry,stop,tp,exit,exit_t,reason,moved_be,be_t,stop_dist,risk_R,pts,R,t,x,mnd
1,2024-11-08,2024-11-08 09:38:00,2024-11-08 09:38:00,SHORT,NQ,NQ,21213.25,21230.25,21138.25,21213.25,2024-11-08 09:47:30,BE,True,2024-11-08 09:45:00,17.0,1.7,-0.0,-0.0,15:38:00,15:47:30,2024-11
2,2024-11-08,2024-11-08 09:52:00,2024-11-08 09:52:15,SHORT,NQ,ES,21206.0,21219.25,21131.0,21219.25,2024-11-08 09:53:15,SL,False,,13.25,1.32,-13.25,-1.325,15:52:15,15:53:15,2024-11
5,2024-11-13,2024-11-13 09:46:00,2024-11-13 09:46:15,SHORT,NQ,NQ,21158.0,21179.25,21083.0,21158.0,2024-11-13 09:52:00,BE,True,2024-11-13 09:49:15,21.25,2.12,-0.0,-0.0,15:46:15,15:52:00,2024-11
7,2024-11-15,2024-11-15 09:44:45,2024-11-15 09:45:00,SHORT,NQ,ES,20693.75,20730.0,20618.75,20730.0,2024-11-15 09:49:15,SL,False,,36.25,3.62,-36.25,-3.625,15:45:00,15:49:15,2024-11
8,2024-11-18,2024-11-18 09:45:00,2024-11-18 09:45:30,SHORT,NQ,NQ,20535.0,20552.0,20460.0,20535.0,2024-11-18 10:00:30,BE,True,2024-11-18 09:46:30,17.0,1.7,-0.0,-0.0,15:45:30,16:00:30,2024-11
10,2024-11-25,2024-11-25 09:45:00,2024-11-25 09:45:30,SHORT,NQ,NQ,21061.0,21081.0,20986.0,20986.0,2024-11-25 09:51:30,TP,True,2024-11-25 09:48:00,20.0,2.0,75.0,7.5,15:45:30,15:51:30,2024-11
11,2024-11-26,2024-11-26 09:40:15,2024-11-26 09:40:30,SHORT,NQ,NQ,20979.0,21002.25,20904.0,20979.0,2024-11-26 09:42:30,BE,True,2024-11-26 09:41:15,23.25,2.33,-0.0,-0.0,15:40:30,15:42:30,2024-11
15,2024-11-29,2024-11-29 09:34:30,2024-11-29 09:35:00,SHORT,NQ,ES,20812.5,20839.5,20737.5,20839.5,2024-11-29 09:36:30,SL,False,,27.0,2.7,-27.0,-2.7,15:35:00,15:36:30,2024-11
21,2024-12-11,2024-12-11 09:56:00,2024-12-11 09:56:00,SHORT,NQ,ES,21673.0,21697.0,21598.0,21697.0,2024-12-11 10:00:00,SL,False,,24.0,2.4,-24.0,-2.4,15:56:00,16:00:00,2024-12
26,2024-12-17,2024-12-17 09:37:00,2024-12-17 09:37:15,SHORT,NQ,NQ,22291.0,22315.0,22216.0,22291.0,2024-12-17 09:37:45,BE,True,2024-12-17 09:37:30,24.0,2.4,-0.0,-0.0,15:37:15,15:37:45,2024-12
27,2024-12-17,2024-12-17 09:50:00,2024-12-17 09:50:45,SHORT,NQ,NQ,22330.5,22358.75,22255.5,22255.5,2024-12-17 10:20:15,TP,True,2024-12-17 10:00:30,28.25,2.83,75.0,7.5,15:50:45,16:20:15,2024-12
29,2024-12-23,2024-12-23 09:37:00,2024-12-23 09:37:30,SHORT,NQ,NQ,21636.5,21675.5,21561.5,21636.5,2024-12-23 09:45:30,BE,True,2024-12-23 09:44:30,39.0,3.9,-0.0,-0.0,15:37:30,15:45:30,2024-12
31,2024-12-26,2024-12-26 09:40:30,2024-12-26 09:40:45,SHORT,NQ,NQ,21989.5,22007.75,21914.5,21914.5,2024-12-26 09:53:15,TP,True,2024-12-26 09:49:00,18.25,1.82,75.0,7.5,15:40:45,15:53:15,2024-12
1,2025-01-06,2025-01-06 09:51:30,2025-01-06 09:51:45,SHORT,NQ,NQ,21819.0,21839.25,21744.0,21839.25,2025-01-06 09:53:00,SL,False,,20.25,2.02,-20.25,-2.025,15:51:45,15:53:00,2025-01
3,2025-01-08,2025-01-08 09:36:00,2025-01-08 09:36:00,SHORT,NQ,ES,21350.5,21384.75,21275.5,21350.5,2025-01-08 09:42:15,BE,True,2025-01-08 09:38:30,34.25,3.42,-0.0,-0.0,15:36:00,15:42:15,2025-01
5,2025-01-14,2025-01-14 09:46:30,2025-01-14 09:46:45,SHORT,NQ,NQ,21081.5,21115.5,21006.5,21006.5,2025-01-14 09:53:45,TP,True,2025-01-14 09:47:00,34.0,3.4,75.0,7.5,15:46:45,15:53:45,2025-01
6,2025-01-15,2025-01-15 09:53:15,2025-01-15 09:53:30,SHORT,NQ,NQ,21312.75,21341.75,21237.75,21341.75,2025-01-15 10:00:00,SL,False,,29.0,2.9,-29.0,-2.9,15:53:30,16:00:00,2025-01
7,2025-01-16,2025-01-16 09:37:00,2025-01-16 09:37:00,SHORT,NQ,NQ,21429.0,21450.5,21354.0,21450.5,2025-01-16 09:39:45,SL,False,,21.5,2.15,-21.5,-2.15,15:37:00,15:39:45,2025-01
9,2025-01-20,2025-01-20 09:39:45,2025-01-20 09:40:00,SHORT,NQ,ES,21737.5,21753.5,21662.5,21753.5,2025-01-20 09:40:45,SL,False,,16.0,1.6,-16.0,-1.6,15:40:00,15:40:45,2025-01
10,2025-01-20,2025-01-20 09:46:00,2025-01-20 09:46:00,SHORT,NQ,NQ,21762.0,21776.0,21687.0,21687.0,2025-01-20 10:21:30,TP,True,2025-01-20 09:57:30,14.0,1.4,75.0,7.5,15:46:00,16:21:30,2025-01
12,2025-01-22,2025-01-22 09:42:45,2025-01-22 09:43:00,SHORT,NQ,NQ,21944.0,21969.0,21869.0,21969.0,2025-01-22 09:45:30,SL,False,,25.0,2.5,-25.0,-2.5,15:43:00,15:45:30,2025-01
13,2025-01-23,2025-01-23 09:42:00,2025-01-23 09:42:00,SHORT,NQ,NQ,21894.5,21912.75,21819.5,21912.75,2025-01-23 09:44:00,SL,False,,18.25,1.82,-18.25,-1.825,15:42:00,15:44:00,2025-01
14,2025-01-23,2025-01-23 09:53:00,2025-01-23 09:53:00,SHORT,NQ,ES,21897.75,21918.0,21822.75,21918.0,2025-01-23 10:34:15,SL,False,,20.25,2.02,-20.25,-2.025,15:53:00,16:34:15,2025-01
15,2025-01-24,2025-01-24 09:44:00,2025-01-24 09:44:30,SHORT,NQ,ES,22027.0,22042.5,21952.0,22042.5,2025-01-24 09:45:00,SL,False,,15.5,1.55,-15.5,-1.55,15:44:30,15:45:00,2025-01
17,2025-02-03,2025-02-03 09:45:00,2025-02-03 09:45:00,SHORT,NQ,NQ,21250.75,21279.25,21175.75,21175.75,2025-02-03 09:53:45,TP,True,2025-02-03 09:46:45,28.5,2.85,75.0,7.5,15:45:00,15:53:45,2025-02
18,2025-02-05,2025-02-05 09:40:30,2025-02-05 09:40:45,SHORT,NQ,ES,21566.5,21588.0,21491.5,21588.0,2025-02-05 09:48:30,SL,False,,21.5,2.15,-21.5,-2.15,15:40:45,15:48:30,2025-02
19,2025-02-06,2025-02-06 09:42:00,2025-02-06 09:42:45,SHORT,NQ,NQ,21762.75,21774.5,21687.75,21774.5,2025-02-06 09:44:15,SL,False,,11.75,1.18,-11.75,-1.175,15:42:45,15:44:15,2025-02
20,2025-02-06,2025-02-06 09:56:30,2025-02-06 09:56:30,SHORT,NQ,ES,21792.75,21818.5,21717.75,21792.75,2025-02-06 10:00:30,BE,True,2025-02-06 09:59:00,25.75,2.58,-0.0,-0.0,15:56:30,16:00:30,2025-02
21,2025-02-12,2025-02-12 09:58:00,2025-02-12 09:58:00,SHORT,NQ,NQ,21671.25,21681.25,21596.25,21681.25,2025-02-12 09:58:30,SL,False,,10.0,1.0,-10.0,-1.0,15:58:00,15:58:30,2025-02
24,2025-02-18,2025-02-18 09:59:30,2025-02-18 09:59:45,SHORT,NQ,NQ,22202.5,22224.75,22127.5,22202.5,2025-02-18 10:13:00,BE,True,2025-02-18 10:01:30,22.25,2.23,-0.0,-0.0,15:59:45,16:13:00,2025-02
29,2025-02-28,2025-02-28 09:50:30,2025-02-28 09:50:45,SHORT,NQ,NQ,20590.75,20620.75,20515.75,20620.75,2025-02-28 09:51:15,SL,False,,30.0,3.0,-30.0,-3.0,15:50:45,15:51:15,2025-02
31,2025-03-06,2025-03-06 09:57:00,2025-03-06 09:57:00,SHORT,NQ,NQ,20269.0,20308.0,20194.0,20308.0,2025-03-06 10:00:45,SL,False,,39.0,3.9,-39.0,-3.9,15:57:00,16:00:45,2025-03
33,2025-03-14,2025-03-14 09:52:00,2025-03-14 09:52:00,SHORT,NQ,ES,19594.0,19620.75,19519.0,19519.0,2025-03-14 10:00:00,TP,True,2025-03-14 09:57:15,26.75,2.67,75.0,7.5,14:52:00,15:00:00,2025-03
34,2025-03-19,2025-03-19 09:35:00,2025-03-19 09:35:15,SHORT,NQ,ES,19778.75,19814.0,19703.75,19778.75,2025-03-19 09:38:15,BE,True,2025-03-19 09:36:00,35.25,3.52,-0.0,-0.0,14:35:15,14:38:15,2025-03
39,2025-03-26,2025-03-26 09:42:15,2025-03-26 09:42:30,SHORT,NQ,NQ,20439.75,20465.0,20364.75,20439.75,2025-03-26 09:43:45,BE,True,2025-03-26 09:43:30,25.25,2.52,-0.0,-0.0,14:42:30,14:43:45,2025-03
42,2025-04-17,2025-04-17 09:57:15,2025-04-17 09:57:15,SHORT,NQ,ES,18444.75,18482.0,18369.75,18444.75,2025-04-17 09:58:15,BE,True,2025-04-17 09:58:00,37.25,3.73,-0.0,-0.0,15:57:15,15:58:15,2025-04
43,2025-04-21,2025-04-21 09:43:00,2025-04-21 09:43:00,SHORT,NQ,NQ,18091.75,18113.5,18016.75,18091.75,2025-04-21 09:48:45,BE,True,2025-04-21 09:47:00,21.75,2.17,-0.0,-0.0,15:43:00,15:48:45,2025-04
46,2025-04-29,2025-04-29 09:38:00,2025-04-29 09:38:15,SHORT,NQ,NQ,19421.5,19444.5,19346.5,19421.5,2025-04-29 09:39:15,BE,True,2025-04-29 09:38:30,23.0,2.3,-0.0,-0.0,15:38:15,15:39:15,2025-04
47,2025-04-29,2025-04-29 09:52:00,2025-04-29 09:52:15,SHORT,NQ,ES,19498.0,19530.5,19423.0,19498.0,2025-04-29 10:00:15,BE,True,2025-04-29 10:00:00,32.5,3.25,-0.0,-0.0,15:52:15,16:00:15,2025-04
48,2025-05-01,2025-05-01 09:35:00,2025-05-01 09:35:00,SHORT,NQ,NQ,19933.75,19953.0,19858.75,19953.0,2025-05-01 09:36:45,SL,False,,19.25,1.93,-19.25,-1.925,15:35:00,15:36:45,2025-05
49,2025-05-02,2025-05-02 09:35:00,2025-05-02 09:35:15,SHORT,NQ,NQ,20075.5,20111.0,20000.5,20075.5,2025-05-02 09:35:45,BE,True,2025-05-02 09:35:30,35.5,3.55,-0.0,-0.0,15:35:15,15:35:45,2025-05
51,2025-05-06,2025-05-06 09:45:00,2025-05-06 09:45:00,SHORT,NQ,ES,19845.5,19864.0,19770.5,19770.5,2025-05-06 09:51:00,TP,True,2025-05-06 09:46:00,18.5,1.85,75.0,7.5,15:45:00,15:51:00,2025-05
52,2025-05-07,2025-05-07 09:35:00,2025-05-07 09:35:15,SHORT,NQ,NQ,19881.5,19909.5,19806.5,19909.5,2025-05-07 09:40:30,SL,False,,28.0,2.8,-28.0,-2.8,15:35:15,15:40:30,2025-05
54,2025-05-09,2025-05-09 09:39:00,2025-05-09 09:39:00,SHORT,NQ,NQ,20266.25,20279.75,20191.25,20266.25,2025-05-09 10:03:00,BE,True,2025-05-09 09:44:00,13.5,1.35,-0.0,-0.0,15:39:00,16:03:00,2025-05
55,2025-05-14,2025-05-14 09:40:00,2025-05-14 09:40:15,SHORT,NQ,NQ,21370.0,21387.0,21295.0,21370.0,2025-05-14 09:42:15,BE,True,2025-05-14 09:40:30,17.0,1.7,-0.0,-0.0,15:40:15,15:42:15,2025-05
56,2025-05-14,2025-05-14 09:53:30,2025-05-14 09:53:30,SHORT,NQ,NQ,21300.0,21330.5,21225.0,21300.0,2025-05-14 09:57:00,BE,True,2025-05-14 09:56:00,30.5,3.05,-0.0,-0.0,15:53:30,15:57:00,2025-05
57,2025-05-15,2025-05-15 09:39:00,2025-05-15 09:39:15,SHORT,NQ,ES,21301.0,21323.5,21226.0,21301.0,2025-05-15 09:41:00,BE,True,2025-05-15 09:40:15,22.5,2.25,-0.0,-0.0,15:39:15,15:41:00,2025-05
59,2025-05-19,2025-05-19 09:54:00,2025-05-19 09:54:15,SHORT,NQ,NQ,21350.25,21365.25,21275.25,21365.25,2025-05-19 09:55:45,SL,False,,15.0,1.5,-15.0,-1.5,15:54:15,15:55:45,2025-05
60,2025-05-21,2025-05-21 09:58:15,2025-05-21 09:58:30,SHORT,NQ,NQ,21374.5,21394.25,21299.5,21374.5,2025-05-21 09:59:30,BE,True,2025-05-21 09:59:15,19.75,1.98,-0.0,-0.0,15:58:30,15:59:30,2025-05
62,2025-05-26,2025-05-26 09:48:00,2025-05-26 09:48:00,SHORT,NQ,NQ,21299.5,21302.25,21224.5,21224.5,2025-05-26 11:03:00,TP,True,2025-05-26 09:50:30,2.75,0.28,75.0,7.5,15:48:00,17:03:00,2025-05
63,2025-05-27,2025-05-27 09:50:00,2025-05-27 09:50:00,SHORT,NQ,ES,21260.0,21277.5,21185.0,21277.5,2025-05-27 09:50:45,SL,False,,17.5,1.75,-17.5,-1.75,15:50:00,15:50:45,2025-05
65,2025-05-30,2025-05-30 09:56:00,2025-05-30 09:56:15,SHORT,NQ,NQ,21258.5,21276.25,21183.5,21276.25,2025-05-30 10:00:00,SL,False,,17.75,1.77,-17.75,-1.775,15:56:15,16:00:00,2025-05
66,2025-06-02,2025-06-02 09:45:00,2025-06-02 09:45:00,SHORT,NQ,NQ,21420.75,21456.25,21345.75,21345.75,2025-06-02 09:51:45,TP,True,2025-06-02 09:46:00,35.5,3.55,75.0,7.5,15:45:00,15:51:45,2025-06
67,2025-06-03,2025-06-03 09:59:00,2025-06-03 09:59:15,SHORT,NQ,NQ,21595.75,21605.75,21520.75,21605.75,2025-06-03 10:00:00,SL,False,,10.0,1.0,-10.0,-1.0,15:59:15,16:00:00,2025-06
68,2025-06-06,2025-06-06 09:55:00,2025-06-06 09:55:00,SHORT,NQ,ES,21831.25,21854.5,21756.25,21831.25,2025-06-06 09:59:45,BE,True,2025-06-06 09:56:00,23.25,2.33,-0.0,-0.0,15:55:00,15:59:45,2025-06
71,2025-06-10,2025-06-10 09:46:30,2025-06-10 09:46:30,SHORT,NQ,ES,21849.25,21866.0,21774.25,21866.0,2025-06-10 09:49:15,SL,False,,16.75,1.68,-16.75,-1.675,15:46:30,15:49:15,2025-06
72,2025-06-11,2025-06-11 09:45:00,2025-06-11 09:45:15,SHORT,NQ,NQ,21966.5,21983.0,21891.5,21966.5,2025-06-11 09:51:00,BE,True,2025-06-11 09:46:00,16.5,1.65,-0.0,-0.0,15:45:15,15:51:00,2025-06
73,2025-06-12,2025-06-12 09:35:00,2025-06-12 09:35:15,SHORT,NQ,NQ,21845.25,21868.0,21770.25,21868.0,2025-06-12 09:38:30,SL,False,,22.75,2.27,-22.75,-2.275,15:35:15,15:38:30,2025-06
74,2025-06-13,2025-06-13 09:44:00,2025-06-13 09:44:15,SHORT,NQ,NQ,21759.0,21779.0,21684.0,21779.0,2025-06-13 09:50:45,SL,False,,20.0,2.0,-20.0,-2.0,15:44:15,15:50:45,2025-06
75,2025-06-16,2025-06-16 09:43:00,2025-06-16 09:43:00,SHORT,NQ,NQ,22077.5,22087.25,22002.5,22087.25,2025-06-16 09:43:45,SL,False,,9.75,0.97,-9.75,-0.975,15:43:00,15:43:45,2025-06
76,2025-06-16,2025-06-16 09:47:00,2025-06-16 09:47:00,SHORT,NQ,ES,22084.75,22102.75,22009.75,22084.75,2025-06-16 09:49:15,BE,True,2025-06-16 09:47:30,18.0,1.8,-0.0,-0.0,15:47:00,15:49:15,2025-06
77,2025-06-17,2025-06-17 09:36:15,2025-06-17 09:36:45,SHORT,NQ,ES,22078.0,22090.0,22003.0,22090.0,2025-06-17 09:40:15,SL,False,,12.0,1.2,-12.0,-1.2,15:36:45,15:40:15,2025-06
81,2025-06-25,2025-06-25 09:55:00,2025-06-25 09:55:15,SHORT,NQ,NQ,22508.25,22543.5,22433.25,22508.25,2025-06-25 10:44:00,BE,True,2025-06-25 10:11:15,35.25,3.52,-0.0,-0.0,15:55:15,16:44:00,2025-06
83,2025-06-27,2025-06-27 09:47:00,2025-06-27 09:47:00,SHORT,NQ,NQ,22737.75,22745.0,22662.75,22745.0,2025-06-27 09:53:00,SL,False,,7.25,0.72,-7.25,-0.725,15:47:00,15:53:00,2025-06
84,2025-06-30,2025-06-30 09:40:30,2025-06-30 09:40:30,SHORT,NQ,NQ,22831.0,22847.0,22756.0,22831.0,2025-06-30 09:59:15,BE,True,2025-06-30 09:44:00,16.0,1.6,-0.0,-0.0,15:40:30,15:59:15,2025-06
85,2025-07-01,2025-07-01 09:35:00,2025-07-01 09:35:00,SHORT,NQ,NQ,22797.25,22814.0,22722.25,22814.0,2025-07-01 09:36:30,SL,False,,16.75,1.68,-16.75,-1.675,15:35:00,15:36:30,2025-07
86,2025-07-02,2025-07-02 09:41:00,2025-07-02 09:41:15,SHORT,NQ,ES,22680.0,22703.25,22605.0,22703.25,2025-07-02 09:45:00,SL,False,,23.25,2.33,-23.25,-2.325,15:41:15,15:45:00,2025-07
87,2025-07-02,2025-07-02 09:56:00,2025-07-02 09:56:15,SHORT,NQ,NQ,22710.25,22726.5,22635.25,22710.25,2025-07-02 09:57:15,BE,True,2025-07-02 09:57:00,16.25,1.62,-0.0,-0.0,15:56:15,15:57:15,2025-07
88,2025-07-03,2025-07-03 09:53:00,2025-07-03 09:53:00,SHORT,NQ,ES,22982.75,22992.5,22907.75,22992.5,2025-07-03 09:54:00,SL,False,,9.75,0.97,-9.75,-0.975,15:53:00,15:54:00,2025-07
89,2025-07-04,2025-07-04 09:47:45,2025-07-04 09:48:00,SHORT,NQ,ES,22925.75,22935.0,22850.75,22935.0,2025-07-04 10:30:30,SL,False,,9.25,0.93,-9.25,-0.925,15:48:00,16:30:30,2025-07
92,2025-07-09,2025-07-09 09:56:00,2025-07-09 09:56:15,SHORT,NQ,NQ,23081.25,23093.75,23006.25,23081.25,2025-07-09 09:59:15,BE,True,2025-07-09 09:58:00,12.5,1.25,-0.0,-0.0,15:56:15,15:59:15,2025-07
96,2025-07-18,2025-07-18 09:35:00,2025-07-18 09:35:45,SHORT,NQ,ES,23285.25,23310.0,23210.25,23285.25,2025-07-18 09:46:30,BE,True,2025-07-18 09:38:15,24.75,2.48,-0.0,-0.0,15:35:45,15:46:30,2025-07
98,2025-07-18,2025-07-18 09:55:00,2025-07-18 09:55:15,SHORT,NQ,ES,23260.25,23295.0,23185.25,23260.25,2025-07-18 09:58:15,BE,True,2025-07-18 09:57:00,34.75,3.48,-0.0,-0.0,15:55:15,15:58:15,2025-07
99,2025-07-23,2025-07-23 09:40:00,2025-07-23 09:40:30,SHORT,NQ,NQ,23222.25,23235.0,23147.25,23222.25,2025-07-23 09:41:15,BE,True,2025-07-23 09:40:45,12.75,1.27,-0.0,-0.0,15:40:30,15:41:15,2025-07
102,2025-07-28,2025-07-28 09:56:15,2025-07-28 09:56:30,SHORT,NQ,NQ,23508.0,23520.5,23433.0,23520.5,2025-07-28 09:59:45,SL,False,,12.5,1.25,-12.5,-1.25,15:56:30,15:59:45,2025-07
103,2025-07-29,2025-07-29 09:42:15,2025-07-29 09:42:30,SHORT,NQ,NQ,23635.0,23645.75,23560.0,23560.0,2025-07-29 09:50:45,TP,True,2025-07-29 09:43:15,10.75,1.07,75.0,7.5,15:42:30,15:50:45,2025-07
104,2025-07-30,2025-07-30 09:47:00,2025-07-30 09:47:15,SHORT,NQ,ES,23508.5,23526.25,23433.5,23508.5,2025-07-30 10:22:30,BE,True,2025-07-30 09:50:15,17.75,1.77,-0.0,-0.0,15:47:15,16:22:30,2025-07
106,2025-08-04,2025-08-04 09:51:00,2025-08-04 09:51:00,SHORT,NQ,NQ,23209.0,23220.0,23134.0,23220.0,2025-08-04 09:54:00,SL,False,,11.0,1.1,-11.0,-1.1,15:51:00,15:54:00,2025-08
107,2025-08-05,2025-08-05 09:51:15,2025-08-05 09:51:15,SHORT,NQ,NQ,23372.5,23393.75,23297.5,23297.5,2025-08-05 10:17:45,TP,True,2025-08-05 10:00:00,21.25,2.12,75.0,7.5,15:51:15,16:17:45,2025-08
108,2025-08-06,2025-08-06 09:36:00,2025-08-06 09:36:30,SHORT,NQ,ES,23192.0,23228.25,23117.0,23192.0,2025-08-06 09:44:30,BE,True,2025-08-06 09:39:15,36.25,3.62,-0.0,-0.0,15:36:30,15:44:30,2025-08
109,2025-08-08,2025-08-08 09:50:00,2025-08-08 09:50:00,SHORT,NQ,ES,23621.5,23644.5,23546.5,23644.5,2025-08-08 09:56:00,SL,False,,23.0,2.3,-23.0,-2.3,15:50:00,15:56:00,2025-08
110,2025-08-11,2025-08-11 09:42:00,2025-08-11 09:42:00,SHORT,NQ,NQ,23706.0,23716.5,23631.0,23716.5,2025-08-11 09:42:15,SL,False,,10.5,1.05,-10.5,-1.05,15:42:00,15:42:15,2025-08
112,2025-08-13,2025-08-13 09:40:00,2025-08-13 09:40:00,SHORT,NQ,ES,24049.25,24063.0,23974.25,24049.25,2025-08-13 09:50:45,BE,True,2025-08-13 09:42:30,13.75,1.38,-0.0,-0.0,15:40:00,15:50:45,2025-08
114,2025-08-18,2025-08-18 09:38:00,2025-08-18 09:38:15,SHORT,NQ,NQ,23797.25,23807.25,23722.25,23807.25,2025-08-18 09:39:15,SL,False,,10.0,1.0,-10.0,-1.0,15:38:15,15:39:15,2025-08
116,2025-08-21,2025-08-21 09:45:00,2025-08-21 09:45:00,SHORT,NQ,NQ,23244.75,23266.5,23169.75,23244.75,2025-08-21 09:48:00,BE,True,2025-08-21 09:45:15,21.75,2.17,-0.0,-0.0,15:45:00,15:48:00,2025-08
117,2025-08-22,2025-08-22 09:52:00,2025-08-22 09:52:00,SHORT,NQ,NQ,23322.25,23342.25,23247.25,23247.25,2025-08-22 09:58:45,TP,True,2025-08-22 09:56:45,20.0,2.0,75.0,7.5,15:52:00,15:58:45,2025-08
119,2025-08-25,2025-08-25 09:51:00,2025-08-25 09:51:00,SHORT,NQ,ES,23480.25,23492.5,23405.25,23492.5,2025-08-25 09:52:15,SL,False,,12.25,1.23,-12.25,-1.225,15:51:00,15:52:15,2025-08
120,2025-08-26,2025-08-26 09:35:15,2025-08-26 09:35:30,SHORT,NQ,NQ,23493.5,23513.0,23418.5,23493.5,2025-08-26 09:40:00,BE,True,2025-08-26 09:38:15,19.5,1.95,-0.0,-0.0,15:35:30,15:40:00,2025-08
122,2025-08-28,2025-08-28 09:44:00,2025-08-28 09:44:15,SHORT,NQ,ES,23705.5,23727.75,23630.5,23630.5,2025-08-28 09:50:30,TP,True,2025-08-28 09:45:30,22.25,2.23,75.0,7.5,15:44:15,15:50:30,2025-08
123,2025-09-01,2025-09-01 09:55:00,2025-09-01 09:55:00,SHORT,NQ,NQ,23489.0,23493.25,23414.0,23489.0,2025-09-01 10:32:00,BE,True,2025-09-01 10:14:30,4.25,0.42,-0.0,-0.0,15:55:00,16:32:00,2025-09
126,2025-09-04,2025-09-04 09:53:15,2025-09-04 09:53:30,SHORT,NQ,ES,23471.75,23503.0,23396.75,23471.75,2025-09-04 09:56:15,BE,True,2025-09-04 09:55:45,31.25,3.12,-0.0,-0.0,15:53:30,15:56:15,2025-09
130,2025-09-09,2025-09-09 09:39:00,2025-09-09 09:39:00,SHORT,NQ,NQ,23834.75,23842.0,23759.75,23842.0,2025-09-09 09:39:15,SL,False,,7.25,0.72,-7.25,-0.725,15:39:00,15:39:15,2025-09
131,2025-09-10,2025-09-10 09:37:00,2025-09-10 09:37:15,SHORT,NQ,NQ,23948.5,23976.0,23873.5,23948.5,2025-09-10 09:43:45,BE,True,2025-09-10 09:39:15,27.5,2.75,-0.0,-0.0,15:37:15,15:43:45,2025-09
132,2025-09-11,2025-09-11 09:50:00,2025-09-11 09:50:30,SHORT,NQ,ES,23946.25,23965.5,23871.25,23965.5,2025-09-11 09:51:45,SL,False,,19.25,1.93,-19.25,-1.925,15:50:30,15:51:45,2025-09
136,2025-09-16,2025-09-16 09:35:15,2025-09-16 09:35:30,SHORT,NQ,NQ,24573.0,24593.0,24498.0,24573.0,2025-09-16 09:44:15,BE,True,2025-09-16 09:37:45,20.0,2.0,-0.0,-0.0,15:35:30,15:44:15,2025-09
137,2025-09-17,2025-09-17 09:55:00,2025-09-17 09:55:45,SHORT,NQ,ES,24498.25,24520.5,24423.25,24423.25,2025-09-17 10:45:30,TP,True,2025-09-17 09:56:45,22.25,2.23,75.0,7.5,15:55:45,16:45:30,2025-09
138,2025-09-18,2025-09-18 09:39:15,2025-09-18 09:39:15,SHORT,NQ,NQ,24675.0,24705.75,24600.0,24600.0,2025-09-18 09:46:30,TP,True,2025-09-18 09:40:30,30.75,3.08,75.0,7.5,15:39:15,15:46:30,2025-09
141,2025-09-22,2025-09-22 09:56:30,2025-09-22 09:56:45,SHORT,NQ,ES,24867.25,24880.5,24792.25,24880.5,2025-09-22 10:02:30,SL,False,,13.25,1.32,-13.25,-1.325,15:56:45,16:02:30,2025-09
142,2025-09-23,2025-09-23 09:40:00,2025-09-23 09:40:15,SHORT,NQ,NQ,24978.25,24990.75,24903.25,24903.25,2025-09-23 13:18:45,TP,True,2025-09-23 09:40:30,12.5,1.25,75.0,7.5,15:40:15,19:18:45,2025-09
144,2025-09-29,2025-09-29 09:51:00,2025-09-29 09:51:30,SHORT,NQ,NQ,24935.5,24951.75,24860.5,24951.75,2025-09-29 09:54:00,SL,False,,16.25,1.62,-16.25,-1.625,15:51:30,15:54:00,2025-09
145,2025-09-29,2025-09-29 09:56:15,2025-09-29 09:56:30,SHORT,NQ,NQ,24936.25,24954.75,24861.25,24954.75,2025-09-29 10:00:30,SL,False,,18.5,1.85,-18.5,-1.85,15:56:30,16:00:30,2025-09
146,2025-10-02,2025-10-02 09:35:00,2025-10-02 09:35:15,SHORT,NQ,NQ,25121.25,25139.5,25046.25,25046.25,2025-10-02 09:41:30,TP,True,2025-10-02 09:36:30,18.25,1.82,75.0,7.5,15:35:15,15:41:30,2025-10
147,2025-10-03,2025-10-03 09:41:00,2025-10-03 09:41:00,SHORT,NQ,NQ,25150.0,25165.5,25075.0,25150.0,2025-10-03 09:47:15,BE,True,2025-10-03 09:41:15,15.5,1.55,-0.0,-0.0,15:41:00,15:47:15,2025-10
150,2025-10-07,2025-10-07 09:48:00,2025-10-07 09:48:15,SHORT,NQ,NQ,25236.0,25253.0,25161.0,25253.0,2025-10-07 09:55:00,SL,False,,17.0,1.7,-17.0,-1.7,15:48:15,15:55:00,2025-10
155,2025-10-15,2025-10-15 09:38:00,2025-10-15 09:38:00,SHORT,NQ,ES,24956.25,24994.5,24881.25,24956.25,2025-10-15 09:41:00,BE,True,2025-10-15 09:38:15,38.25,3.83,-0.0,-0.0,15:38:00,15:41:00,2025-10
156,2025-10-15,2025-10-15 09:47:00,2025-10-15 09:47:30,SHORT,NQ,NQ,24942.5,24979.75,24867.5,24942.5,2025-10-15 09:51:00,BE,True,2025-10-15 09:48:00,37.25,3.73,-0.0,-0.0,15:47:30,15:51:00,2025-10
157,2025-10-16,2025-10-16 09:36:00,2025-10-16 09:36:00,SHORT,NQ,NQ,25074.5,25090.25,24999.5,25074.5,2025-10-16 09:42:15,BE,True,2025-10-16 09:40:30,15.75,1.57,-0.0,-0.0,15:36:00,15:42:15,2025-10
158,2025-10-16,2025-10-16 09:57:45,2025-10-16 09:58:00,SHORT,NQ,ES,25059.5,25096.25,24984.5,25059.5,2025-10-16 10:15:45,BE,True,2025-10-16 10:12:15,36.75,3.67,-0.0,-0.0,15:58:00,16:15:45,2025-10
159,2025-10-20,2025-10-20 09:40:00,2025-10-20 09:40:00,SHORT,NQ,NQ,25204.75,25220.75,25129.75,25220.75,2025-10-20 09:49:30,SL,False,,16.0,1.6,-16.0,-1.6,15:40:00,15:49:30,2025-10
160,2025-10-20,2025-10-20 09:56:15,2025-10-20 09:56:45,SHORT,NQ,ES,25218.25,25240.0,25143.25,25240.0,2025-10-20 10:04:00,SL,False,,21.75,2.17,-21.75,-2.175,15:56:45,16:04:00,2025-10
161,2025-10-21,2025-10-21 09:55:00,2025-10-21 09:55:00,SHORT,NQ,ES,25242.25,25270.75,25167.25,25242.25,2025-10-21 10:00:00,BE,True,2025-10-21 09:55:15,28.5,2.85,-0.0,-0.0,15:55:00,16:00:00,2025-10
162,2025-10-22,2025-10-22 09:46:00,2025-10-22 09:46:15,SHORT,NQ,NQ,25242.75,25261.5,25167.75,25261.5,2025-10-22 09:50:45,SL,False,,18.75,1.88,-18.75,-1.875,15:46:15,15:50:45,2025-10
163,2025-10-22,2025-10-22 09:53:00,2025-10-22 09:53:15,SHORT,NQ,NQ,25270.0,25278.5,25195.0,25278.5,2025-10-22 09:54:00,SL,False,,8.5,0.85,-8.5,-0.85,15:53:15,15:54:00,2025-10
164,2025-10-23,2025-10-23 09:35:00,2025-10-23 09:35:00,SHORT,NQ,NQ,25029.0,25041.25,24954.0,25041.25,2025-10-23 09:35:45,SL,False,,12.25,1.23,-12.25,-1.225,15:35:00,15:35:45,2025-10
165,2025-10-23,2025-10-23 09:58:45,2025-10-23 09:59:00,SHORT,NQ,NQ,25151.5,25173.5,25076.5,25173.5,2025-10-23 10:00:00,SL,False,,22.0,2.2,-22.0,-2.2,15:59:00,16:00:00,2025-10
166,2025-10-24,2025-10-24 09:40:00,2025-10-24 09:40:30,SHORT,NQ,NQ,25506.0,25530.5,25431.0,25530.5,2025-10-24 09:45:00,SL,False,,24.5,2.45,-24.5,-2.45,15:40:30,15:45:00,2025-10
168,2025-11-06,2025-11-06 09:40:30,2025-11-06 09:40:30,SHORT,NQ,NQ,25633.25,25664.5,25558.25,25633.25,2025-11-06 09:45:30,BE,True,2025-11-06 09:41:00,31.25,3.12,-0.0,-0.0,15:40:30,15:45:30,2025-11
170,2025-11-06,2025-11-06 09:50:00,2025-11-06 09:50:15,SHORT,NQ,NQ,25636.5,25670.0,25561.5,25561.5,2025-11-06 09:52:30,TP,True,2025-11-06 09:50:30,33.5,3.35,75.0,7.5,15:50:15,15:52:30,2025-11
171,2025-11-10,2025-11-10 09:48:00,2025-11-10 09:48:15,SHORT,NQ,ES,25620.5,25647.0,25545.5,25620.5,2025-11-10 09:55:30,BE,True,2025-11-10 09:50:00,26.5,2.65,-0.0,-0.0,15:48:15,15:55:30,2025-11
172,2025-11-11,2025-11-11 09:38:30,2025-11-11 09:38:45,SHORT,NQ,ES,25619.0,25646.0,25544.0,25619.0,2025-11-11 09:41:00,BE,True,2025-11-11 09:40:15,27.0,2.7,-0.0,-0.0,15:38:45,15:41:00,2025-11
180,2025-11-28,2025-11-28 09:52:00,2025-11-28 09:52:00,SHORT,NQ,NQ,25369.75,25395.0,25294.75,25395.0,2025-11-28 10:19:00,SL,False,,25.25,2.52,-25.25,-2.525,15:52:00,16:19:00,2025-11
184,2025-12-09,2025-12-09 09:48:15,2025-12-09 09:48:15,SHORT,NQ,ES,25604.5,25635.0,25529.5,25635.0,2025-12-09 10:00:30,SL,False,,30.5,3.05,-30.5,-3.05,15:48:15,16:00:30,2025-12
188,2025-12-23,2025-12-23 09:50:00,2025-12-23 09:50:15,SHORT,NQ,ES,25732.5,25751.25,25657.5,25732.5,2025-12-23 09:51:45,BE,True,2025-12-23 09:50:30,18.75,1.88,-0.0,-0.0,15:50:15,15:51:45,2025-12
189,2025-12-24,2025-12-24 09:39:15,2025-12-24 09:39:45,SHORT,NQ,ES,25791.0,25822.25,25716.0,25822.25,2025-12-24 10:05:30,SL,False,,31.25,3.12,-31.25,-3.125,15:39:45,16:05:30,2025-12
194,2025-12-31,2025-12-31 09:56:00,2025-12-31 09:56:15,SHORT,NQ,NQ,25624.75,25635.25,25549.75,25549.75,2025-12-31 10:55:30,TP,True,2025-12-31 10:11:30,10.5,1.05,75.0,7.5,15:56:15,16:55:30,2025-12
198,2026-01-07,2026-01-07 09:37:00,2026-01-07 09:37:15,SHORT,NQ,ES,25805.5,25832.75,25730.5,25832.75,2026-01-07 09:39:45,SL,False,,27.25,2.73,-27.25,-2.725,15:37:15,15:39:45,2026-01
206,2026-02-02,2026-02-02 09:57:15,2026-02-02 09:57:30,SHORT,NQ,NQ,25759.25,25780.25,25684.25,25759.25,2026-02-02 10:00:00,BE,True,2026-02-02 09:58:00,21.0,2.1,-0.0,-0.0,15:57:30,16:00:00,2026-02
208,2026-02-12,2026-02-12 09:36:00,2026-02-12 09:36:00,SHORT,NQ,NQ,25346.5,25368.25,25271.5,25368.25,2026-02-12 09:36:45,SL,False,,21.75,2.17,-21.75,-2.175,15:36:00,15:36:45,2026-02
209,2026-02-16,2026-02-16 09:34:45,2026-02-16 09:35:00,SHORT,NQ,ES,24755.5,24776.5,24680.5,24755.5,2026-02-16 09:38:30,BE,True,2026-02-16 09:36:30,21.0,2.1,-0.0,-0.0,15:35:00,15:38:30,2026-02
210,2026-02-17,2026-02-17 09:42:00,2026-02-17 09:42:15,SHORT,NQ,NQ,24781.25,24810.0,24706.25,24706.25,2026-02-17 09:44:00,TP,True,2026-02-17 09:43:30,28.75,2.88,75.0,7.5,15:42:15,15:44:00,2026-02
16,2026-02-19,2026-02-19 09:41:00,2026-02-19 09:41:00,SHORT,NQ,ES,24798.0,24817.5,24723.0,24817.5,2026-02-19 09:42:45,SL,False,,19.5,1.95,-19.5,-1.95,15:41:00,15:42:45,2026-02
211,2026-02-25,2026-02-25 09:56:00,2026-02-25 09:56:00,SHORT,NQ,NQ,25325.75,25340.75,25250.75,25325.75,2026-02-25 09:57:45,BE,True,2026-02-25 09:57:00,15.0,1.5,-0.0,-0.0,15:56:00,15:57:45,2026-02
19,2026-03-06,2026-03-06 09:55:15,2026-03-06 09:55:30,SHORT,NQ,NQ,24678.75,24705.75,24603.75,24678.75,2026-03-06 09:57:00,BE,True,2026-03-06 09:56:00,27.0,2.7,-0.0,-0.0,15:55:30,15:57:00,2026-03
20,2026-03-06,2026-03-06 09:56:45,2026-03-06 09:57:00,SHORT,NQ,NQ,24660.5,24692.5,24585.5,24660.5,2026-03-06 09:59:15,BE,True,2026-03-06 09:59:00,32.0,3.2,-0.0,-0.0,15:57:00,15:59:15,2026-03
21,2026-03-10,2026-03-10 09:52:00,2026-03-10 09:52:00,SHORT,NQ,NQ,25025.25,25045.0,24950.25,24950.25,2026-03-10 09:58:45,TP,True,2026-03-10 09:54:45,19.75,1.98,75.0,7.5,14:52:00,14:58:45,2026-03
23,2026-03-17,2026-03-17 09:58:15,2026-03-17 09:58:30,SHORT,NQ,NQ,25080.75,25098.0,25005.75,25098.0,2026-03-17 10:00:00,SL,False,,17.25,1.73,-17.25,-1.725,14:58:30,15:00:00,2026-03
26,2026-03-19,2026-03-19 09:56:30,2026-03-19 09:57:00,SHORT,NQ,ES,24479.0,24517.25,24404.0,24517.25,2026-03-19 10:00:45,SL,False,,38.25,3.83,-38.25,-3.825,14:57:00,15:00:45,2026-03
28,2026-03-26,2026-03-26 09:36:15,2026-03-26 09:36:30,SHORT,NQ,NQ,24100.0,24127.5,24025.0,24127.5,2026-03-26 09:37:15,SL,False,,27.5,2.75,-27.5,-2.75,14:36:30,14:37:15,2026-03
31,2026-04-06,2026-04-06 09:55:00,2026-04-06 09:55:15,SHORT,NQ,NQ,24375.5,24403.0,24300.5,24403.0,2026-04-06 09:59:45,SL,False,,27.5,2.75,-27.5,-2.75,15:55:15,15:59:45,2026-04
33,2026-04-09,2026-04-09 09:48:00,2026-04-09 09:48:00,SHORT,NQ,ES,25069.0,25092.75,24994.0,24994.0,2026-04-09 10:16:00,TP,True,2026-04-09 09:51:00,23.75,2.38,75.0,7.5,15:48:00,16:16:00,2026-04
36,2026-04-14,2026-04-14 09:58:15,2026-04-14 09:58:30,SHORT,NQ,NQ,25728.0,25740.0,25653.0,25740.0,2026-04-14 10:06:45,SL,False,,12.0,1.2,-12.0,-1.2,15:58:30,16:06:45,2026-04
37,2026-04-20,2026-04-20 09:38:00,2026-04-20 09:38:15,SHORT,NQ,NQ,26777.0,26811.25,26702.0,26777.0,2026-04-20 09:54:00,BE,True,2026-04-20 09:39:00,34.25,3.42,-0.0,-0.0,15:38:15,15:54:00,2026-04
39,2026-04-28,2026-04-28 09:51:00,2026-04-28 09:51:00,SHORT,NQ,ES,27220.5,27236.75,27145.5,27145.5,2026-04-28 09:56:00,TP,True,2026-04-28 09:52:30,16.25,1.62,75.0,7.5,15:51:00,15:56:00,2026-04
42,2026-05-05,2026-05-05 09:53:00,2026-05-05 09:53:45,SHORT,NQ,NQ,28093.5,28110.0,28018.5,28093.5,2026-05-05 09:58:15,BE,True,2026-05-05 09:54:45,16.5,1.65,-0.0,-0.0,15:53:45,15:58:15,2026-05
46,2026-05-25,2026-05-25 09:54:00,2026-05-25 09:54:00,SHORT,NQ,NQ,29984.0,29986.5,29909.0,29986.5,2026-05-25 09:54:45,SL,False,,2.5,0.25,-2.5,-0.25,15:54:00,15:54:45,2026-05
47,2026-06-01,2026-06-01 09:49:00,2026-06-01 09:49:15,SHORT,NQ,NQ,30438.5,30465.5,30363.5,30363.5,2026-06-01 09:55:15,TP,True,2026-06-01 09:51:45,27.0,2.7,75.0,7.5,15:49:15,15:55:15,2026-06
48,2026-06-16,2026-06-16 09:45:00,2026-06-16 09:45:00,SHORT,NQ,NQ,30816.0,30850.0,30741.0,30850.0,2026-06-16 09:46:15,SL,False,,34.0,3.4,-34.0,-3.4,15:45:00,15:46:15,2026-06
49,2026-06-17,2026-06-17 09:38:00,2026-06-17 09:38:00,SHORT,NQ,NQ,30437.0,30474.25,30362.0,30437.0,2026-06-17 09:40:45,BE,True,2026-06-17 09:38:30,37.25,3.73,-0.0,-0.0,15:38:00,15:40:45,2026-06
50,2026-06-17,2026-06-17 09:56:00,2026-06-17 09:56:00,SHORT,NQ,ES,30438.5,30477.5,30363.5,30363.5,2026-06-17 09:57:30,TP,True,2026-06-17 09:56:15,39.0,3.9,75.0,7.5,15:56:00,15:57:30,2026-06
53,2026-07-07,2026-07-07 09:50:00,2026-07-07 09:50:30,SHORT,NQ,NQ,29510.0,29550.0,29435.0,29510.0,2026-07-07 09:51:15,BE,True,2026-07-07 09:51:00,40.0,4.0,-0.0,-0.0,15:50:30,15:51:15,2026-07
56,2026-07-22,2026-07-22 09:48:00,2026-07-22 09:48:30,SHORT,NQ,ES,29164.5,29204.0,29089.5,29204.0,2026-07-22 09:51:15,SL,False,,39.5,3.95,-39.5,-3.95,15:48:30,15:51:15,2026-07
57,2026-07-29,2026-07-29 09:43:00,2026-07-29 09:43:00,SHORT,NQ,NQ,27874.0,27905.0,27799.0,27905.0,2026-07-29 09:44:30,SL,False,,31.0,3.1,-31.0,-3.1,15:43:00,15:44:30,2026-07
58,2026-08-07,2026-08-07 09:42:00,2026-08-07 09:42:00,SHORT,NQ,NQ,29720.5,29754.5,29645.5,29754.5,2026-08-07 09:43:15,SL,False,,34.0,3.4,-34.0,-3.4,15:42:00,15:43:15,2026-08
59,2026-08-10,2026-08-10 09:51:15,2026-08-10 09:51:15,SHORT,NQ,NQ,29799.5,29832.75,29724.5,29799.5,2026-08-10 09:58:00,BE,True,2026-08-10 09:52:45,33.25,3.33,-0.0,-0.0,15:51:15,15:58:00,2026-08
61,2026-08-14,2026-08-14 09:55:45,2026-08-14 09:56:00,SHORT,NQ,NQ,30236.5,30254.0,30161.5,30236.5,2026-08-14 10:02:15,BE,True,2026-08-14 09:57:45,17.5,1.75,-0.0,-0.0,15:56:00,16:02:15,2026-08
62,2026-08-17,2026-08-17 09:57:00,2026-08-17 09:57:00,SHORT,NQ,NQ,30231.0,30251.25,30156.0,30231.0,2026-08-17 10:02:00,BE,True,2026-08-17 10:01:15,20.25,2.02,-0.0,-0.0,15:57:00,16:02:00,2026-08
63,2026-08-20,2026-08-20 09:45:00,2026-08-20 09:45:15,SHORT,NQ,NQ,29426.0,29457.0,29351.0,29351.0,2026-08-20 09:49:00,TP,True,2026-08-20 09:47:00,31.0,3.1,75.0,7.5,15:45:15,15:49:00,2026-08
67,2026-08-25,2026-08-25 09:50:30,2026-08-25 09:50:30,SHORT,NQ,ES,29379.0,29414.75,29304.0,29304.0,2026-08-25 09:56:00,TP,True,2026-08-25 09:54:45,35.75,3.58,75.0,7.5,15:50:30,15:56:00,2026-08
69,2026-09-01,2026-09-01 09:58:30,2026-09-01 09:58:30,SHORT,NQ,ES,29093.5,29130.0,29018.5,29130.0,2026-09-01 10:00:00,SL,False,,36.5,3.65,-36.5,-3.65,15:58:30,16:00:00,2026-09
70,2026-09-02,2026-09-02 09:36:00,2026-09-02 09:36:30,SHORT,NQ,ES,29059.0,29090.5,28984.0,29059.0,2026-09-02 09:37:45,BE,True,2026-09-02 09:37:00,31.5,3.15,-0.0,-0.0,15:36:30,15:37:45,2026-09
71,2026-09-02,2026-09-02 09:49:15,2026-09-02 09:49:30,SHORT,NQ,ES,29043.75,29082.5,28968.75,29043.75,2026-09-02 09:52:15,BE,True,2026-09-02 09:51:45,38.75,3.88,-0.0,-0.0,15:49:30,15:52:15,2026-09
72,2026-09-02,2026-09-02 09:55:00,2026-09-02 09:55:00,SHORT,NQ,ES,29029.75,29063.75,28954.75,29029.75,2026-09-02 09:55:45,BE,True,2026-09-02 09:55:15,34.0,3.4,-0.0,-0.0,15:55:00,15:55:45,2026-09
74,2026-09-07,2026-09-07 09:55:00,2026-09-07 09:55:00,SHORT,NQ,ES,29624.0,29629.5,29549.0,29624.0,2026-09-07 09:56:00,BE,True,2026-09-07 09:55:15,5.5,0.55,-0.0,-0.0,15:55:00,15:56:00,2026-09
