id,day,hit_t,entry_t,side,asset,trigger_asset,entry,stop,tp,exit,exit_t,reason,moved_be,be_t,stop_dist,risk_R,pts,R,entry_es,stop_es,tp_es,exit_es,reason_es,R_es,t,x,mnd,kilde,akk,akk_es
1,2024-11-08,2024-11-08 09:38:00,2024-11-08 09:38:00,SHORT,NQ,NQ,21213.25,21230.25,21138.25,21213.25,2024-11-08 09:47:30,BE,True,2024-11-08 09:45:00,17.0,1.7,-0.0,-0.0,6008.25,6011.25,5993.25,6011.25,SL,-1.5,15:38:00,15:47:30,2024-11,dbfull,-0.0,-1.5
2,2024-11-08,2024-11-08 09:52:00,2024-11-08 09:52:15,SHORT,NQ,ES,21206.0,21219.25,21131.0,21219.25,2024-11-08 09:53:15,SL,False,,13.25,1.32,-13.25,-1.325,6011.25,6013.25,5996.25,6013.25,SL,-1.0,15:52:15,15:53:15,2024-11,dbfull,-1.325,-2.5
3,2024-11-12,2024-11-12 09:32:00,2024-11-12 09:32:15,SHORT,NQ,ES,21185.5,21215.5,21110.5,21215.5,2024-11-12 09:35:00,SL,False,,30.0,3.0,-30.0,-3.0,6027.75,6032.0,6012.75,6032.0,SL,-2.125,15:32:15,15:35:00,2024-11,dbfull,-4.325,-4.625
4,2024-11-12,2024-11-12 09:46:00,2024-11-12 09:46:00,SHORT,NQ,NQ,21208.25,21219.75,21133.25,21208.25,2024-11-12 09:47:00,BE,True,2024-11-12 09:46:30,11.5,1.15,-0.0,-0.0,6032.0,6034.5,6017.0,6017.0,TP,7.5,15:46:00,15:47:00,2024-11,dbfull,-4.325,2.875
5,2024-11-13,2024-11-13 09:40:15,2024-11-13 09:40:30,SHORT,NQ,NQ,21146.25,21164.5,21071.25,21164.5,2024-11-13 09:41:30,SL,False,,18.25,1.82,-18.25,-1.825,6013.5,6017.25,5998.5,6017.25,SL,-1.875,15:40:30,15:41:30,2024-11,dbfull,-6.15,1.0
6,2024-11-13,2024-11-13 09:46:00,2024-11-13 09:46:15,SHORT,NQ,NQ,21158.0,21179.25,21083.0,21158.0,2024-11-13 09:52:00,BE,True,2024-11-13 09:49:15,21.25,2.12,-0.0,-0.0,6015.75,6019.75,6000.75,6000.75,TP,7.5,15:46:15,15:52:00,2024-11,dbfull,-6.15,8.5
7,2024-11-15,2024-11-15 09:44:45,2024-11-15 09:45:00,SHORT,NQ,ES,20693.75,20730.0,20618.75,20730.0,2024-11-15 09:49:15,SL,False,,36.25,3.62,-36.25,-3.625,5931.0,5937.0,5916.0,5937.0,SL,-3.0,15:45:00,15:49:15,2024-11,dbfull,-9.775,5.5
8,2024-11-15,2024-11-15 09:53:30,2024-11-15 09:53:45,SHORT,NQ,ES,20724.25,20745.25,20649.25,20649.25,2024-11-15 10:09:00,TP,True,2024-11-15 09:58:15,21.0,2.1,75.0,7.5,5934.75,5937.25,5919.75,5919.75,TP,7.5,15:53:45,16:09:00,2024-11,dbfull,-2.2750000000000004,13.0
9,2024-11-18,2024-11-18 09:30:00,2024-11-18 09:30:00,SHORT,NQ,ES,20546.75,20568.75,20471.75,20546.75,2024-11-18 09:37:15,BE,True,2024-11-18 09:30:15,22.0,2.2,-0.0,-0.0,5898.75,5902.0,5883.75,5898.75,BE,-0.0,15:30:00,15:37:15,2024-11,dbfull,-2.2750000000000004,13.0
10,2024-11-18,2024-11-18 09:45:00,2024-11-18 09:45:30,SHORT,NQ,NQ,20535.0,20552.0,20460.0,20535.0,2024-11-18 10:00:30,BE,True,2024-11-18 09:46:30,17.0,1.7,-0.0,-0.0,5898.25,5901.5,5883.25,5898.25,BE,-0.0,15:45:30,16:00:30,2024-11,dbfull,-2.2750000000000004,13.0
11,2024-11-25,2024-11-25 09:30:00,2024-11-25 09:30:00,SHORT,NQ,NQ,20993.75,21022.0,20918.75,20993.75,2024-11-25 09:32:45,BE,True,2024-11-25 09:30:30,28.25,2.83,-0.0,-0.0,6023.5,6030.25,6008.5,6023.5,BE,-0.0,15:30:00,15:32:45,2024-11,dbfull,-2.2750000000000004,13.0
12,2024-11-25,2024-11-25 09:45:00,2024-11-25 09:45:30,SHORT,NQ,NQ,21061.0,21081.0,20986.0,20986.0,2024-11-25 09:51:30,TP,True,2024-11-25 09:48:00,20.0,2.0,75.0,7.5,6036.5,6039.5,6021.5,6021.5,TP,7.5,15:45:30,15:51:30,2024-11,dbfull,5.225,20.5
13,2024-11-26,2024-11-26 09:40:15,2024-11-26 09:40:30,SHORT,NQ,NQ,20979.0,21002.25,20904.0,20979.0,2024-11-26 09:42:30,BE,True,2024-11-26 09:41:15,23.25,2.33,-0.0,-0.0,6019.25,6024.5,6004.25,6019.25,BE,-0.0,15:40:30,15:42:30,2024-11,dbfull,5.225,20.5
14,2024-11-29,2024-11-29 09:34:30,2024-11-29 09:35:00,SHORT,NQ,ES,20812.5,20839.5,20737.5,20839.5,2024-11-29 09:36:30,SL,False,,27.0,2.7,-27.0,-2.7,6023.75,6026.25,6008.75,6026.25,SL,-1.25,15:35:00,15:36:30,2024-11,dbfull,2.5249999999999995,19.25
15,2024-11-29,2024-11-29 09:48:00,2024-11-29 09:48:00,SHORT,NQ,NQ,20870.0,20884.25,20795.0,20884.25,2024-11-29 09:51:45,SL,False,,14.25,1.43,-14.25,-1.425,6028.25,6031.0,6013.25,6031.0,SL,-1.375,15:48:00,15:51:45,2024-11,dbfull,1.0999999999999994,17.875
16,2024-12-04,2024-12-04 09:30:00,2024-12-04 09:30:00,SHORT,NQ,NQ,21414.75,21429.75,21339.75,21429.75,2024-12-04 09:30:30,SL,False,,15.0,1.5,-15.0,-1.5,6079.75,6082.0,6064.75,6082.0,SL,-1.125,15:30:00,15:30:30,2024-12,dbfull,-0.4000000000000006,16.75
17,2024-12-05,2024-12-05 09:33:00,2024-12-05 09:33:15,SHORT,NQ,NQ,21533.5,21550.0,21458.5,21550.0,2024-12-05 09:35:30,SL,False,,16.5,1.65,-16.5,-1.65,6098.75,6100.25,6083.75,6100.25,SL,-0.75,15:33:15,15:35:30,2024-12,dbfull,-2.0500000000000007,16.0
18,2024-12-05,2024-12-05 09:48:00,2024-12-05 09:48:00,SHORT,NQ,ES,21533.75,21541.25,21458.75,21533.75,2024-12-05 10:10:00,BE,True,2024-12-05 09:49:45,7.5,0.75,-0.0,-0.0,6099.0,6100.0,6084.0,6100.0,SL,-0.5,15:48:00,16:10:00,2024-12,dbfull,-2.0500000000000007,15.5
19,2024-12-09,2024-12-09 09:30:00,2024-12-09 09:30:00,SHORT,NQ,NQ,21610.75,21619.0,21535.75,21610.75,2024-12-09 09:31:15,BE,True,2024-12-09 09:30:15,8.25,0.82,-0.0,-0.0,6094.5,6097.5,6079.5,6094.5,BE,-0.0,15:30:00,15:31:15,2024-12,dbfull,-2.0500000000000007,15.5
20,2024-12-11,2024-12-11 09:56:00,2024-12-11 09:56:00,SHORT,NQ,ES,21673.0,21697.0,21598.0,21697.0,2024-12-11 10:00:00,SL,False,,24.0,2.4,-24.0,-2.4,6082.0,6084.0,6067.0,6084.0,SL,-1.0,15:56:00,16:00:00,2024-12,dbfull,-4.450000000000001,14.5
21,2024-12-12,2024-12-12 09:40:45,2024-12-12 09:40:45,SHORT,NQ,NQ,21675.5,21691.0,21600.5,21691.0,2024-12-12 09:42:15,SL,False,,15.5,1.55,-15.5,-1.55,6076.0,6078.25,6061.0,6078.25,SL,-1.125,15:40:45,15:42:15,2024-12,dbfull,-6.000000000000001,13.375
22,2024-12-12,2024-12-12 09:46:15,2024-12-12 09:46:15,SHORT,NQ,NQ,21679.25,21689.0,21604.25,21679.25,2024-12-12 09:51:45,BE,True,2024-12-12 09:50:00,9.75,0.97,-0.0,-0.0,6077.25,6080.0,6062.25,6077.25,BE,-0.0,15:46:15,15:51:45,2024-12,dbfull,-6.000000000000001,13.375
23,2024-12-12,2024-12-12 09:56:00,2024-12-12 09:56:15,SHORT,NQ,ES,21670.0,21685.0,21595.0,21685.0,2024-12-12 09:59:45,SL,False,,15.0,1.5,-15.0,-1.5,6073.5,6075.0,6058.5,6075.0,SL,-0.75,15:56:15,15:59:45,2024-12,dbfull,-7.500000000000001,12.625
24,2024-12-16,2024-12-16 09:43:45,2024-12-16 09:44:00,SHORT,NQ,NQ,21921.0,21951.0,21846.0,21951.0,2024-12-16 09:53:15,SL,False,,30.0,3.0,-30.0,-3.0,6143.0,6148.5,6128.0,6148.5,SL,-2.75,15:44:00,15:53:15,2024-12,dbfull,-10.5,9.875
25,2024-12-16,2024-12-16 09:56:00,2024-12-16 09:56:15,SHORT,NQ,NQ,21960.75,21969.5,21885.75,21969.5,2024-12-16 09:59:45,SL,False,,8.75,0.88,-8.75,-0.875,6146.75,6149.0,6131.75,6149.0,SL,-1.125,15:56:15,15:59:45,2024-12,dbfull,-11.375,8.75
26,2024-12-17,2024-12-17 09:37:00,2024-12-17 09:37:15,SHORT,NQ,NQ,22291.0,22315.0,22216.0,22291.0,2024-12-17 09:37:45,BE,True,2024-12-17 09:37:30,24.0,2.4,-0.0,-0.0,6123.5,6127.75,6108.5,6127.75,SL,-2.125,15:37:15,15:37:45,2024-12,dbfull,-11.375,6.625
27,2024-12-17,2024-12-17 09:50:00,2024-12-17 09:50:45,SHORT,NQ,NQ,22330.5,22358.75,22255.5,22255.5,2024-12-17 10:20:15,TP,True,2024-12-17 10:00:30,28.25,2.83,75.0,7.5,6131.25,6133.0,6116.25,6133.0,SL,-0.875,15:50:45,16:20:15,2024-12,dbfull,-3.875,5.75
28,2024-12-23,2024-12-23 09:37:00,2024-12-23 09:37:30,SHORT,NQ,NQ,21636.5,21675.5,21561.5,21636.5,2024-12-23 09:45:30,BE,True,2024-12-23 09:44:30,39.0,3.9,-0.0,-0.0,5999.75,6006.75,5984.75,5999.75,BE,-0.0,15:37:30,15:45:30,2024-12,dbfull,-3.875,5.75
29,2024-12-26,2024-12-26 09:40:30,2024-12-26 09:40:45,SHORT,NQ,NQ,21989.5,22007.75,21914.5,21914.5,2024-12-26 09:53:15,TP,True,2024-12-26 09:49:00,18.25,1.82,75.0,7.5,6083.0,6086.0,6068.0,6068.0,TP,7.5,15:40:45,15:53:15,2024-12,dbfull,3.625,13.25
30,2024-12-30,2024-12-30 09:53:00,2024-12-30 09:53:15,SHORT,NQ,ES,21333.75,21359.25,21258.75,21258.75,2024-12-30 10:00:15,TP,True,2024-12-30 09:57:30,25.5,2.55,75.0,7.5,5935.5,5939.5,5920.5,5935.5,BE,-0.0,15:53:15,16:00:15,2024-12,dbfull,11.125,13.25
31,2025-01-06,2025-01-06 09:51:30,2025-01-06 09:51:45,SHORT,NQ,NQ,21819.0,21839.25,21744.0,21839.25,2025-01-06 09:53:00,SL,False,,20.25,2.02,-20.25,-2.025,6047.25,6051.75,6032.25,6051.75,SL,-2.25,15:51:45,15:53:00,2025-01,dbfull,9.1,11.0
32,2025-01-08,2025-01-08 09:36:00,2025-01-08 09:36:00,SHORT,NQ,ES,21350.5,21384.75,21275.5,21350.5,2025-01-08 09:42:15,BE,True,2025-01-08 09:38:30,34.25,3.42,-0.0,-0.0,5947.0,5950.5,5932.0,5950.5,SL,-1.75,15:36:00,15:42:15,2025-01,dbfull,9.1,9.25
33,2025-01-13,2025-01-13 09:42:00,2025-01-13 09:42:00,SHORT,NQ,ES,20706.25,20729.5,20631.25,20729.5,2025-01-13 09:43:00,SL,False,,23.25,2.33,-23.25,-2.325,5814.25,5817.75,5799.25,5817.75,SL,-1.75,15:42:00,15:43:00,2025-01,dbfull,6.7749999999999995,7.5
34,2025-01-14,2025-01-14 09:30:00,2025-01-14 09:30:00,SHORT,NQ,NQ,21047.25,21082.25,20972.25,21047.25,2025-01-14 09:31:00,BE,True,2025-01-14 09:30:45,35.0,3.5,-0.0,-0.0,5898.75,5905.25,5883.75,5898.75,BE,-0.0,15:30:00,15:31:00,2025-01,dbfull,6.7749999999999995,7.5
35,2025-01-14,2025-01-14 09:46:30,2025-01-14 09:46:45,SHORT,NQ,NQ,21081.5,21115.5,21006.5,21006.5,2025-01-14 09:53:45,TP,True,2025-01-14 09:47:00,34.0,3.4,75.0,7.5,5901.5,5909.0,5886.5,5886.5,TP,7.5,15:46:45,15:53:45,2025-01,dbfull,14.274999999999999,15.0
36,2025-01-15,2025-01-15 09:53:15,2025-01-15 09:53:30,SHORT,NQ,NQ,21312.75,21341.75,21237.75,21341.75,2025-01-15 10:00:00,SL,False,,29.0,2.9,-29.0,-2.9,5975.0,5982.25,5960.0,5975.0,BE,-0.0,15:53:30,16:00:00,2025-01,dbfull,11.374999999999998,15.0
37,2025-01-16,2025-01-16 09:37:00,2025-01-16 09:37:00,SHORT,NQ,NQ,21429.0,21450.5,21354.0,21450.5,2025-01-16 09:39:45,SL,False,,21.5,2.15,-21.5,-2.15,5996.75,6001.5,5981.75,6001.5,SL,-2.375,15:37:00,15:39:45,2025-01,dbfull,9.224999999999998,12.625
38,2025-01-20,2025-01-20 09:39:45,2025-01-20 09:40:00,SHORT,NQ,ES,21737.5,21753.5,21662.5,21753.5,2025-01-20 09:40:45,SL,False,,16.0,1.6,-16.0,-1.6,6067.25,6069.25,6052.25,6069.25,SL,-1.0,15:40:00,15:40:45,2025-01,dbfull,7.624999999999998,11.625
39,2025-01-20,2025-01-20 09:46:00,2025-01-20 09:46:00,SHORT,NQ,NQ,21762.0,21776.0,21687.0,21687.0,2025-01-20 10:21:30,TP,True,2025-01-20 09:57:30,14.0,1.4,75.0,7.5,6073.75,6077.0,6058.75,6058.75,TP,7.5,15:46:00,16:21:30,2025-01,dbfull,15.124999999999998,19.125
40,2025-01-22,2025-01-22 09:42:45,2025-01-22 09:43:00,SHORT,NQ,NQ,21944.0,21969.0,21869.0,21969.0,2025-01-22 09:45:30,SL,False,,25.0,2.5,-25.0,-2.5,6112.5,6115.25,6097.5,6115.25,SL,-1.375,15:43:00,15:45:30,2025-01,dbfull,12.624999999999998,17.75
41,2025-01-22,2025-01-22 09:47:00,2025-01-22 09:47:00,SHORT,NQ,NQ,21956.75,21980.25,21881.75,21980.25,2025-01-22 09:49:45,SL,False,,23.5,2.35,-23.5,-2.35,6114.25,6116.0,6099.25,6116.0,SL,-0.875,15:47:00,15:49:45,2025-01,dbfull,10.274999999999999,16.875
42,2025-01-23,2025-01-23 09:42:00,2025-01-23 09:42:00,SHORT,NQ,NQ,21894.5,21912.75,21819.5,21912.75,2025-01-23 09:44:00,SL,False,,18.25,1.82,-18.25,-1.825,6114.75,6118.75,6099.75,6118.75,SL,-2.0,15:42:00,15:44:00,2025-01,dbfull,8.45,14.875
43,2025-01-23,2025-01-23 09:53:00,2025-01-23 09:53:00,SHORT,NQ,ES,21897.75,21918.0,21822.75,21918.0,2025-01-23 10:34:15,SL,False,,20.25,2.02,-20.25,-2.025,6117.25,6118.75,6102.25,6117.25,BE,-0.0,15:53:00,16:34:15,2025-01,dbfull,6.424999999999999,14.875
44,2025-01-24,2025-01-24 09:33:00,2025-01-24 09:33:00,SHORT,NQ,ES,22016.0,22044.25,21941.0,22016.0,2025-01-24 09:36:00,BE,True,2025-01-24 09:35:45,28.25,2.83,-0.0,-0.0,6152.5,6153.75,6137.5,6153.75,SL,-0.625,15:33:00,15:36:00,2025-01,dbfull,6.424999999999999,14.25
45,2025-01-24,2025-01-24 09:44:00,2025-01-24 09:44:30,SHORT,NQ,ES,22027.0,22042.5,21952.0,22042.5,2025-01-24 09:45:00,SL,False,,15.5,1.55,-15.5,-1.55,6155.75,6158.0,6140.75,6158.0,SL,-1.125,15:44:30,15:45:00,2025-01,dbfull,4.874999999999999,13.125
46,2025-01-31,2025-01-31 09:57:00,2025-01-31 09:57:15,SHORT,NQ,NQ,21844.5,21861.0,21769.5,21861.0,2025-01-31 09:59:30,SL,False,,16.5,1.65,-16.5,-1.65,6126.0,6128.0,6111.0,6128.0,SL,-1.0,15:57:15,15:59:30,2025-01,dbfull,3.224999999999999,12.125
47,2025-02-03,2025-02-03 09:45:00,2025-02-03 09:45:00,SHORT,NQ,NQ,21250.75,21279.25,21175.75,21175.75,2025-02-03 09:53:45,TP,True,2025-02-03 09:46:45,28.5,2.85,75.0,7.5,5978.75,5983.0,5963.75,5963.75,TP,7.5,15:45:00,15:53:45,2025-02,dbfull,10.725,19.625
48,2025-02-05,2025-02-05 09:32:15,2025-02-05 09:32:30,SHORT,NQ,ES,21521.0,21550.25,21446.0,21550.25,2025-02-05 09:34:15,SL,False,,29.25,2.92,-29.25,-2.925,6047.25,6050.25,6032.25,6050.25,SL,-1.5,15:32:30,15:34:15,2025-02,dbfull,7.8,18.125
49,2025-02-05,2025-02-05 09:40:30,2025-02-05 09:40:45,SHORT,NQ,ES,21566.5,21588.0,21491.5,21588.0,2025-02-05 09:48:30,SL,False,,21.5,2.15,-21.5,-2.15,6053.5,6055.5,6038.5,6053.5,BE,-0.0,15:40:45,15:48:30,2025-02,dbfull,5.65,18.125
50,2025-02-06,2025-02-06 09:37:00,2025-02-06 09:37:00,SHORT,NQ,NQ,21763.0,21777.25,21688.0,21777.25,2025-02-06 09:44:30,SL,False,,14.25,1.43,-14.25,-1.425,6097.25,6102.0,6082.25,6097.25,BE,-0.0,15:37:00,15:44:30,2025-02,dbfull,4.2250000000000005,18.125
51,2025-02-06,2025-02-06 09:56:30,2025-02-06 09:56:30,SHORT,NQ,ES,21792.75,21818.5,21717.75,21792.75,2025-02-06 10:00:30,BE,True,2025-02-06 09:59:00,25.75,2.58,-0.0,-0.0,6097.0,6101.0,6082.0,6097.0,BE,-0.0,15:56:30,16:00:30,2025-02,dbfull,4.2250000000000005,18.125
52,2025-02-10,2025-02-10 09:33:00,2025-02-10 09:33:15,SHORT,NQ,NQ,21753.75,21769.75,21678.75,21769.75,2025-02-10 09:35:45,SL,False,,16.0,1.6,-16.0,-1.6,6077.25,6081.25,6062.25,6077.25,BE,-0.0,15:33:15,15:35:45,2025-02,dbfull,2.6250000000000004,18.125
53,2025-02-12,2025-02-12 09:58:00,2025-02-12 09:58:00,SHORT,NQ,NQ,21671.25,21681.25,21596.25,21681.25,2025-02-12 09:58:30,SL,False,,10.0,1.0,-10.0,-1.0,6051.0,6052.75,6036.0,6052.75,SL,-0.875,15:58:00,15:58:30,2025-02,dbfull,1.6250000000000004,17.25
54,2025-02-14,2025-02-14 09:32:00,2025-02-14 09:32:15,SHORT,NQ,ES,22108.25,22138.0,22033.25,22108.25,2025-02-14 09:38:30,BE,True,2025-02-14 09:36:30,29.75,2.98,-0.0,-0.0,6135.75,6139.0,6120.75,6135.75,BE,-0.0,15:32:15,15:38:30,2025-02,dbfull,1.6250000000000004,17.25
55,2025-02-18,2025-02-18 09:59:30,2025-02-18 09:59:45,SHORT,NQ,NQ,22202.5,22224.75,22127.5,22202.5,2025-02-18 10:13:00,BE,True,2025-02-18 10:01:30,22.25,2.23,-0.0,-0.0,6135.75,6139.75,6120.75,6135.75,BE,-0.0,15:59:45,16:13:00,2025-02,dbfull,1.6250000000000004,17.25
56,2025-02-25,2025-02-25 09:43:00,2025-02-25 09:43:00,SHORT,NQ,ES,21327.75,21364.5,21252.75,21327.75,2025-02-25 09:45:30,BE,True,2025-02-25 09:44:45,36.75,3.67,-0.0,-0.0,5998.0,6003.5,5983.0,5983.0,TP,7.5,15:43:00,15:45:30,2025-02,dbfull,1.6250000000000004,24.75
57,2025-02-28,2025-02-28 09:50:30,2025-02-28 09:50:45,SHORT,NQ,NQ,20590.75,20620.75,20515.75,20620.75,2025-02-28 09:51:15,SL,False,,30.0,3.0,-30.0,-3.0,5877.5,5882.25,5862.5,5882.25,SL,-2.375,15:50:45,15:51:15,2025-02,dbfull,-1.3749999999999996,22.375
58,2025-03-05,2025-03-05 09:33:15,2025-03-05 09:33:15,SHORT,NQ,NQ,20393.5,20431.0,20318.5,20431.0,2025-03-05 09:35:15,SL,False,,37.5,3.75,-37.5,-3.75,5788.5,5796.5,5773.5,5796.5,SL,-4.0,15:33:15,15:35:15,2025-03,dbfull,-5.125,18.375
59,2025-03-06,2025-03-06 09:57:00,2025-03-06 09:57:00,SHORT,NQ,NQ,20269.0,20308.0,20194.0,20308.0,2025-03-06 10:00:45,SL,False,,39.0,3.9,-39.0,-3.9,5761.25,5767.5,5746.25,5767.5,SL,-3.125,15:57:00,16:00:45,2025-03,dbfull,-9.025,15.25
60,2025-03-14,2025-03-14 09:52:00,2025-03-14 09:52:00,SHORT,NQ,ES,19594.0,19620.75,19519.0,19519.0,2025-03-14 10:00:00,TP,True,2025-03-14 09:57:15,26.75,2.67,75.0,7.5,5600.25,5604.5,5585.25,5604.5,SL,-2.125,14:52:00,15:00:00,2025-03,dbfull,-1.5250000000000004,13.125
61,2025-03-19,2025-03-19 09:35:00,2025-03-19 09:35:15,SHORT,NQ,ES,19778.75,19814.0,19703.75,19778.75,2025-03-19 09:38:15,BE,True,2025-03-19 09:36:00,35.25,3.52,-0.0,-0.0,5686.5,5690.5,5671.5,5686.5,BE,-0.0,14:35:15,14:38:15,2025-03,dbfull,-1.5250000000000004,13.125
62,2025-03-25,2025-03-25 09:35:00,2025-03-25 09:35:15,SHORT,NQ,NQ,20394.75,20413.25,20319.75,20394.75,2025-03-25 09:37:00,BE,True,2025-03-25 09:36:00,18.5,1.85,-0.0,-0.0,5821.5,5827.0,5806.5,5821.5,BE,-0.0,14:35:15,14:37:00,2025-03,dbfull,-1.5250000000000004,13.125
63,2025-03-25,2025-03-25 09:48:00,2025-03-25 09:48:00,SHORT,NQ,ES,20383.0,20408.5,20308.0,20383.0,2025-03-25 09:51:30,BE,True,2025-03-25 09:48:45,25.5,2.55,-0.0,-0.0,5819.25,5822.0,5804.25,5819.25,BE,-0.0,14:48:00,14:51:30,2025-03,dbfull,-1.5250000000000004,13.125
64,2025-03-26,2025-03-26 09:42:15,2025-03-26 09:42:30,SHORT,NQ,NQ,20439.75,20465.0,20364.75,20439.75,2025-03-26 09:43:45,BE,True,2025-03-26 09:43:30,25.25,2.52,-0.0,-0.0,5828.75,5834.5,5813.75,5813.75,TP,7.5,14:42:30,14:43:45,2025-03,dbfull,-1.5250000000000004,20.625
65,2025-04-17,2025-04-17 09:57:15,2025-04-17 09:57:15,SHORT,NQ,ES,18444.75,18482.0,18369.75,18444.75,2025-04-17 09:58:15,BE,True,2025-04-17 09:58:00,37.25,3.73,-0.0,-0.0,5328.5,5336.5,5313.5,5336.5,SL,-4.0,15:57:15,15:58:15,2025-04,dbfull,-1.5250000000000004,16.625
66,2025-04-21,2025-04-21 09:34:00,2025-04-21 09:34:15,SHORT,NQ,NQ,18140.0,18157.25,18065.0,18157.25,2025-04-21 09:35:15,SL,False,,17.25,1.73,-17.25,-1.725,5248.0,5254.5,5233.0,5248.0,BE,-0.0,15:34:15,15:35:15,2025-04,dbfull,-3.2500000000000004,16.625
67,2025-04-21,2025-04-21 09:43:00,2025-04-21 09:43:00,SHORT,NQ,NQ,18091.75,18113.5,18016.75,18091.75,2025-04-21 09:48:45,BE,True,2025-04-21 09:47:00,21.75,2.17,-0.0,-0.0,5240.0,5245.5,5225.0,5240.0,BE,-0.0,15:43:00,15:48:45,2025-04,dbfull,-3.2500000000000004,16.625
68,2025-04-22,2025-04-22 09:34:00,2025-04-22 09:34:45,SHORT,NQ,NQ,18111.0,18146.0,18036.0,18146.0,2025-04-22 09:38:00,SL,False,,35.0,3.5,-35.0,-3.5,5238.5,5244.25,5223.5,5244.25,SL,-2.875,15:34:45,15:38:00,2025-04,dbfull,-6.75,13.75
69,2025-04-25,2025-04-25 09:57:00,2025-04-25 09:57:15,SHORT,NQ,NQ,19270.25,19279.5,19195.25,19279.5,2025-04-25 09:58:45,SL,False,,9.25,0.93,-9.25,-0.925,5493.5,5499.25,5478.5,5499.25,SL,-2.875,15:57:15,15:58:45,2025-04,dbfull,-7.675,10.875
70,2025-04-28,2025-04-28 09:30:00,2025-04-28 09:30:00,SHORT,NQ,NQ,19537.25,19554.75,19462.25,19554.75,2025-04-28 09:30:45,SL,False,,17.5,1.75,-17.5,-1.75,5556.75,5560.25,5541.75,5560.25,SL,-1.75,15:30:00,15:30:45,2025-04,dbfull,-9.425,9.125
71,2025-04-29,2025-04-29 09:38:00,2025-04-29 09:38:15,SHORT,NQ,NQ,19421.5,19444.5,19346.5,19421.5,2025-04-29 09:39:15,BE,True,2025-04-29 09:38:30,23.0,2.3,-0.0,-0.0,5534.75,5539.0,5519.75,5539.0,SL,-2.125,15:38:15,15:39:15,2025-04,dbfull,-9.425,7.0
72,2025-04-29,2025-04-29 09:52:00,2025-04-29 09:52:15,SHORT,NQ,ES,19498.0,19530.5,19423.0,19498.0,2025-04-29 10:00:15,BE,True,2025-04-29 10:00:00,32.5,3.25,-0.0,-0.0,5550.0,5555.75,5535.0,5555.75,SL,-2.875,15:52:15,16:00:15,2025-04,dbfull,-9.425,4.125
73,2025-05-01,2025-05-01 09:35:00,2025-05-01 09:35:00,SHORT,NQ,NQ,19933.75,19953.0,19858.75,19953.0,2025-05-01 09:36:45,SL,False,,19.25,1.93,-19.25,-1.925,5633.25,5635.5,5618.25,5633.25,BE,-0.0,15:35:00,15:36:45,2025-05,dbfull,-11.350000000000001,4.125
74,2025-05-02,2025-05-02 09:35:00,2025-05-02 09:35:15,SHORT,NQ,NQ,20075.5,20111.0,20000.5,20075.5,2025-05-02 09:35:45,BE,True,2025-05-02 09:35:30,35.5,3.55,-0.0,-0.0,5686.0,5691.5,5671.0,5686.0,BE,-0.0,15:35:15,15:35:45,2025-05,dbfull,-11.350000000000001,4.125
75,2025-05-06,2025-05-06 09:45:00,2025-05-06 09:45:00,SHORT,NQ,ES,19845.5,19864.0,19770.5,19770.5,2025-05-06 09:51:00,TP,True,2025-05-06 09:46:00,18.5,1.85,75.0,7.5,5629.0,5631.75,5614.0,5631.75,SL,-1.375,15:45:00,15:51:00,2025-05,dbfull,-3.8500000000000014,2.75
76,2025-05-07,2025-05-07 09:35:00,2025-05-07 09:35:15,SHORT,NQ,NQ,19881.5,19909.5,19806.5,19909.5,2025-05-07 09:40:30,SL,False,,28.0,2.8,-28.0,-2.8,5633.75,5641.25,5618.75,5633.75,BE,-0.0,15:35:15,15:40:30,2025-05,dbfull,-6.650000000000001,2.75
77,2025-05-09,2025-05-09 09:39:00,2025-05-09 09:39:00,SHORT,NQ,NQ,20266.25,20279.75,20191.25,20266.25,2025-05-09 10:03:00,BE,True,2025-05-09 09:44:00,13.5,1.35,-0.0,-0.0,5707.0,5710.0,5692.0,5707.0,BE,-0.0,15:39:00,16:03:00,2025-05,dbfull,-6.650000000000001,2.75
78,2025-05-12,2025-05-12 09:30:00,2025-05-12 09:30:00,SHORT,NQ,ES,20903.0,20929.25,20828.0,20828.0,2025-05-12 09:31:45,TP,True,2025-05-12 09:30:15,26.25,2.62,75.0,7.5,5847.75,5853.5,5832.75,5832.75,TP,7.5,15:30:00,15:31:45,2025-05,dbfull,0.8499999999999988,10.25
79,2025-05-14,2025-05-14 09:40:00,2025-05-14 09:40:15,SHORT,NQ,NQ,21370.0,21387.0,21295.0,21370.0,2025-05-14 09:42:15,BE,True,2025-05-14 09:40:30,17.0,1.7,-0.0,-0.0,5918.0,5921.5,5903.0,5903.0,TP,7.5,15:40:15,15:42:15,2025-05,dbfull,0.8499999999999988,17.75
80,2025-05-14,2025-05-14 09:53:30,2025-05-14 09:53:30,SHORT,NQ,NQ,21300.0,21330.5,21225.0,21300.0,2025-05-14 09:57:00,BE,True,2025-05-14 09:56:00,30.5,3.05,-0.0,-0.0,5903.75,5909.75,5888.75,5909.75,SL,-3.0,15:53:30,15:57:00,2025-05,dbfull,0.8499999999999988,14.75
81,2025-05-15,2025-05-15 09:39:00,2025-05-15 09:39:15,SHORT,NQ,ES,21301.0,21323.5,21226.0,21301.0,2025-05-15 09:41:00,BE,True,2025-05-15 09:40:15,22.5,2.25,-0.0,-0.0,5892.0,5895.5,5877.0,5895.5,SL,-1.75,15:39:15,15:41:00,2025-05,dbfull,0.8499999999999988,13.0
82,2025-05-16,2025-05-16 09:43:30,2025-05-16 09:43:45,SHORT,NQ,NQ,21409.5,21440.0,21334.5,21440.0,2025-05-16 09:49:45,SL,False,,30.5,3.05,-30.5,-3.05,5934.75,5940.75,5919.75,5940.75,SL,-3.0,15:43:45,15:49:45,2025-05,dbfull,-2.200000000000001,10.0
83,2025-05-19,2025-05-19 09:54:00,2025-05-19 09:54:15,SHORT,NQ,NQ,21350.25,21365.25,21275.25,21365.25,2025-05-19 09:55:45,SL,False,,15.0,1.5,-15.0,-1.5,5940.75,5943.0,5925.75,5943.0,SL,-1.125,15:54:15,15:55:45,2025-05,dbfull,-3.700000000000001,8.875
84,2025-05-20,2025-05-20 09:35:30,2025-05-20 09:35:45,SHORT,NQ,ES,21414.5,21434.0,21339.5,21414.5,2025-05-20 09:37:00,BE,True,2025-05-20 09:36:15,19.5,1.95,-0.0,-0.0,5962.0,5965.75,5947.0,5962.0,BE,-0.0,15:35:45,15:37:00,2025-05,dbfull,-3.700000000000001,8.875
85,2025-05-21,2025-05-21 09:58:15,2025-05-21 09:58:30,SHORT,NQ,NQ,21374.5,21394.25,21299.5,21374.5,2025-05-21 09:59:30,BE,True,2025-05-21 09:59:15,19.75,1.98,-0.0,-0.0,5929.75,5933.75,5914.75,5933.75,SL,-2.0,15:58:30,15:59:30,2025-05,dbfull,-3.700000000000001,6.875
86,2025-05-26,2025-05-26 09:48:00,2025-05-26 09:48:00,SHORT,NQ,NQ,21299.5,21302.25,21224.5,21224.5,2025-05-26 11:03:00,TP,True,2025-05-26 09:50:30,2.75,0.28,75.0,7.5,5891.5,5892.5,5876.5,5876.5,TP,7.5,15:48:00,17:03:00,2025-05,dbfull,3.799999999999999,14.375
87,2025-05-27,2025-05-27 09:50:00,2025-05-27 09:50:00,SHORT,NQ,ES,21260.0,21277.5,21185.0,21277.5,2025-05-27 09:50:45,SL,False,,17.5,1.75,-17.5,-1.75,5882.0,5885.5,5867.0,5882.0,BE,-0.0,15:50:00,15:50:45,2025-05,dbfull,2.049999999999999,14.375
88,2025-05-28,2025-05-28 09:46:45,2025-05-28 09:47:00,SHORT,NQ,NQ,21522.5,21545.0,21447.5,21447.5,2025-05-28 10:21:45,TP,True,2025-05-28 09:47:30,22.5,2.25,75.0,7.5,5946.0,5950.0,5931.0,5931.0,TP,7.5,15:47:00,16:21:45,2025-05,dbfull,9.549999999999999,21.875
89,2025-05-29,2025-05-29 09:30:00,2025-05-29 09:30:00,SHORT,NQ,NQ,21657.0,21681.75,21582.0,21657.0,2025-05-29 09:30:45,BE,True,2025-05-29 09:30:15,24.75,2.48,-0.0,-0.0,5950.75,5956.5,5935.75,5935.75,TP,7.5,15:30:00,15:30:45,2025-05,dbfull,9.549999999999999,29.375
90,2025-05-30,2025-05-30 09:47:15,2025-05-30 09:47:30,SHORT,NQ,NQ,21304.75,21328.0,21229.75,21304.75,2025-05-30 10:01:00,BE,True,2025-05-30 09:50:45,23.25,2.33,-0.0,-0.0,5900.0,5905.25,5885.0,5885.0,TP,7.5,15:47:30,16:01:00,2025-05,dbfull,9.549999999999999,36.875
91,2025-06-02,2025-06-02 09:45:00,2025-06-02 09:45:00,SHORT,NQ,NQ,21420.75,21456.25,21345.75,21345.75,2025-06-02 09:51:45,TP,True,2025-06-02 09:46:00,35.5,3.55,75.0,7.5,5913.0,5914.75,5898.0,5898.0,TP,7.5,15:45:00,15:51:45,2025-06,dbfull,17.049999999999997,44.375
92,2025-06-03,2025-06-03 09:50:15,2025-06-03 09:50:30,SHORT,NQ,NQ,21567.75,21592.75,21492.75,21567.75,2025-06-03 09:51:30,BE,True,2025-06-03 09:51:15,25.0,2.5,-0.0,-0.0,5948.25,5951.75,5933.25,5951.75,SL,-1.75,15:50:30,15:51:30,2025-06,dbfull,17.049999999999997,42.625
93,2025-06-06,2025-06-06 09:55:00,2025-06-06 09:55:00,SHORT,NQ,ES,21831.25,21854.5,21756.25,21831.25,2025-06-06 09:59:45,BE,True,2025-06-06 09:56:00,23.25,2.33,-0.0,-0.0,6018.0,6021.0,6003.0,6018.0,BE,-0.0,15:55:00,15:59:45,2025-06,dbfull,17.049999999999997,42.625
94,2025-06-09,2025-06-09 09:56:00,2025-06-09 09:56:00,SHORT,NQ,NQ,21803.25,21819.75,21728.25,21803.25,2025-06-09 09:58:45,BE,True,2025-06-09 09:58:00,16.5,1.65,-0.0,-0.0,6008.0,6009.75,5993.0,6008.0,BE,-0.0,15:56:00,15:58:45,2025-06,dbfull,17.049999999999997,42.625
95,2025-06-10,2025-06-10 09:46:30,2025-06-10 09:46:30,SHORT,NQ,ES,21849.25,21866.0,21774.25,21866.0,2025-06-10 09:49:15,SL,False,,16.75,1.68,-16.75,-1.675,6018.0,6021.0,6003.0,6021.0,SL,-1.5,15:46:30,15:49:15,2025-06,dbfull,15.374999999999996,41.125
96,2025-06-11,2025-06-11 09:45:00,2025-06-11 09:45:15,SHORT,NQ,NQ,21966.5,21983.0,21891.5,21966.5,2025-06-11 09:51:00,BE,True,2025-06-11 09:46:00,16.5,1.65,-0.0,-0.0,6045.0,6047.75,6030.0,6045.0,BE,-0.0,15:45:15,15:51:00,2025-06,dbfull,15.374999999999996,41.125
97,2025-06-12,2025-06-12 09:35:00,2025-06-12 09:35:15,SHORT,NQ,NQ,21845.25,21868.0,21770.25,21868.0,2025-06-12 09:38:30,SL,False,,22.75,2.27,-22.75,-2.275,6010.0,6014.5,5995.0,6010.0,BE,-0.0,15:35:15,15:38:30,2025-06,dbfull,13.099999999999996,41.125
98,2025-06-13,2025-06-13 09:44:00,2025-06-13 09:44:15,SHORT,NQ,NQ,21759.0,21779.0,21684.0,21779.0,2025-06-13 09:50:45,SL,False,,20.0,2.0,-20.0,-2.0,6006.5,6010.0,5991.5,6006.5,BE,-0.0,15:44:15,15:50:45,2025-06,dbfull,11.099999999999996,41.125
99,2025-06-16,2025-06-16 09:43:00,2025-06-16 09:43:00,SHORT,NQ,NQ,22077.5,22087.25,22002.5,22087.25,2025-06-16 09:43:45,SL,False,,9.75,0.97,-9.75,-0.975,6077.0,6079.75,6062.0,6079.75,SL,-1.375,15:43:00,15:43:45,2025-06,dbfull,10.124999999999996,39.75
100,2025-06-16,2025-06-16 09:47:00,2025-06-16 09:47:00,SHORT,NQ,ES,22084.75,22102.75,22009.75,22084.75,2025-06-16 09:49:15,BE,True,2025-06-16 09:47:30,18.0,1.8,-0.0,-0.0,6079.5,6082.0,6064.5,6082.0,SL,-1.25,15:47:00,15:49:15,2025-06,dbfull,10.124999999999996,38.5
101,2025-06-17,2025-06-17 09:36:15,2025-06-17 09:36:45,SHORT,NQ,ES,22078.0,22090.0,22003.0,22090.0,2025-06-17 09:40:15,SL,False,,12.0,1.2,-12.0,-1.2,6064.5,6067.75,6049.5,6067.75,SL,-1.625,15:36:45,15:40:15,2025-06,dbfull,8.924999999999997,36.875
102,2025-06-18,2025-06-18 09:30:00,2025-06-18 09:30:00,SHORT,NQ,ES,21973.0,21999.75,21898.0,21973.0,2025-06-18 09:41:30,BE,True,2025-06-18 09:32:15,26.75,2.67,-0.0,-0.0,6039.5,6046.25,6024.5,6039.5,BE,-0.0,15:30:00,15:41:30,2025-06,dbfull,8.924999999999997,36.875
103,2025-06-18,2025-06-18 09:43:00,2025-06-18 09:43:15,SHORT,NQ,NQ,21967.0,21978.0,21892.0,21978.0,2025-06-18 09:44:00,SL,False,,11.0,1.1,-11.0,-1.1,6040.25,6042.25,6025.25,6042.25,SL,-1.0,15:43:15,15:44:00,2025-06,dbfull,7.8249999999999975,35.875
104,2025-06-24,2025-06-24 09:33:45,2025-06-24 09:34:00,SHORT,NQ,ES,22281.25,22314.75,22206.25,22314.75,2025-06-24 09:38:00,SL,False,,33.5,3.35,-33.5,-3.35,6119.25,6123.25,6104.25,6123.25,SL,-2.0,15:34:00,15:38:00,2025-06,dbfull,4.474999999999998,33.875
105,2025-06-25,2025-06-25 09:55:00,2025-06-25 09:55:15,SHORT,NQ,NQ,22508.25,22543.5,22433.25,22508.25,2025-06-25 10:44:00,BE,True,2025-06-25 10:11:15,35.25,3.52,-0.0,-0.0,6153.25,6159.5,6138.25,6159.5,SL,-3.125,15:55:15,16:44:00,2025-06,dbfull,4.474999999999998,30.75
106,2025-06-27,2025-06-27 09:47:00,2025-06-27 09:47:00,SHORT,NQ,NQ,22737.75,22745.0,22662.75,22745.0,2025-06-27 09:53:00,SL,False,,7.25,0.72,-7.25,-0.725,6211.5,6212.5,6196.5,6212.5,SL,-0.5,15:47:00,15:53:00,2025-06,dbfull,3.749999999999998,30.25
107,2025-06-30,2025-06-30 09:40:30,2025-06-30 09:40:30,SHORT,NQ,NQ,22831.0,22847.0,22756.0,22831.0,2025-06-30 09:59:15,BE,True,2025-06-30 09:44:00,16.0,1.6,-0.0,-0.0,6240.5,6243.25,6225.5,6240.5,BE,-0.0,15:40:30,15:59:15,2025-06,dbfull,3.749999999999998,30.25
108,2025-07-01,2025-07-01 09:35:00,2025-07-01 09:35:00,SHORT,NQ,NQ,22797.25,22814.0,22722.25,22814.0,2025-07-01 09:36:30,SL,False,,16.75,1.68,-16.75,-1.675,6236.25,6240.25,6221.25,6240.25,SL,-2.0,15:35:00,15:36:30,2025-07,dbfull,2.0749999999999975,28.25
109,2025-07-02,2025-07-02 09:34:00,2025-07-02 09:34:00,SHORT,NQ,NQ,22674.0,22688.25,22599.0,22688.25,2025-07-02 09:36:15,SL,False,,14.25,1.43,-14.25,-1.425,6240.75,6244.0,6225.75,6244.0,SL,-1.625,15:34:00,15:36:15,2025-07,dbfull,0.6499999999999975,26.625
110,2025-07-02,2025-07-02 09:41:00,2025-07-02 09:41:15,SHORT,NQ,ES,22680.0,22703.25,22605.0,22703.25,2025-07-02 09:45:00,SL,False,,23.25,2.33,-23.25,-2.325,6243.5,6245.75,6228.5,6245.75,SL,-1.125,15:41:15,15:45:00,2025-07,dbfull,-1.6750000000000027,25.5
111,2025-07-02,2025-07-02 09:56:00,2025-07-02 09:56:15,SHORT,NQ,NQ,22710.25,22726.5,22635.25,22710.25,2025-07-02 09:57:15,BE,True,2025-07-02 09:57:00,16.25,1.62,-0.0,-0.0,6244.25,6247.0,6229.25,6244.25,BE,-0.0,15:56:15,15:57:15,2025-07,dbfull,-1.6750000000000027,25.5
112,2025-07-03,2025-07-03 09:53:00,2025-07-03 09:53:00,SHORT,NQ,ES,22982.75,22992.5,22907.75,22992.5,2025-07-03 09:54:00,SL,False,,9.75,0.97,-9.75,-0.975,6310.5,6311.75,6295.5,6311.75,SL,-0.625,15:53:00,15:54:00,2025-07,dbfull,-2.6500000000000026,24.875
113,2025-07-04,2025-07-04 09:32:00,2025-07-04 09:32:00,SHORT,NQ,NQ,22912.25,22924.0,22837.25,22912.25,2025-07-04 09:40:45,BE,True,2025-07-04 09:35:15,11.75,1.18,-0.0,-0.0,6283.25,6285.25,6268.25,6283.25,BE,-0.0,15:32:00,15:40:45,2025-07,dbfull,-2.6500000000000026,24.875
114,2025-07-04,2025-07-04 09:47:45,2025-07-04 09:48:00,SHORT,NQ,ES,22925.75,22935.0,22850.75,22935.0,2025-07-04 10:30:30,SL,False,,9.25,0.93,-9.25,-0.925,6285.5,6287.0,6270.5,6287.0,SL,-0.75,15:48:00,16:30:30,2025-07,dbfull,-3.575000000000003,24.125
115,2025-07-07,2025-07-07 09:32:15,2025-07-07 09:32:45,SHORT,NQ,NQ,22952.25,22973.5,22877.25,22952.25,2025-07-07 09:42:15,BE,True,2025-07-07 09:33:30,21.25,2.12,-0.0,-0.0,6301.5,6307.75,6286.5,6301.5,BE,-0.0,15:32:45,15:42:15,2025-07,dbfull,-3.575000000000003,24.125
116,2025-07-09,2025-07-09 09:56:00,2025-07-09 09:56:15,SHORT,NQ,NQ,23081.25,23093.75,23006.25,23081.25,2025-07-09 09:59:15,BE,True,2025-07-09 09:58:00,12.5,1.25,-0.0,-0.0,6310.0,6312.5,6295.0,6312.5,SL,-1.25,15:56:15,15:59:15,2025-07,dbfull,-3.575000000000003,22.875
117,2025-07-10,2025-07-10 09:32:15,2025-07-10 09:33:00,SHORT,NQ,ES,23041.75,23080.25,22966.75,23041.75,2025-07-10 09:35:45,BE,True,2025-07-10 09:33:15,38.5,3.85,-0.0,-0.0,6305.25,6308.5,6290.25,6305.25,BE,-0.0,15:33:00,15:35:45,2025-07,dbfull,-3.575000000000003,22.875
118,2025-07-11,2025-07-11 09:34:45,2025-07-11 09:35:00,SHORT,NQ,NQ,22922.75,22953.5,22847.75,22922.75,2025-07-11 09:48:30,BE,True,2025-07-11 09:37:00,30.75,3.08,-0.0,-0.0,6288.0,6295.25,6273.0,6288.0,BE,-0.0,15:35:00,15:48:30,2025-07,dbfull,-3.575000000000003,22.875
119,2025-07-14,2025-07-14 09:35:00,2025-07-14 09:35:00,SHORT,NQ,NQ,22929.0,22950.25,22854.0,22929.0,2025-07-14 09:35:30,BE,True,2025-07-14 09:35:15,21.25,2.12,-0.0,-0.0,6289.75,6293.5,6274.75,6289.75,BE,-0.0,15:35:00,15:35:30,2025-07,dbfull,-3.575000000000003,22.875
120,2025-07-15,2025-07-15 09:33:00,2025-07-15 09:33:00,SHORT,NQ,NQ,23186.0,23206.75,23111.0,23186.0,2025-07-15 10:11:45,BE,True,2025-07-15 09:34:45,20.75,2.08,-0.0,-0.0,6335.0,6341.25,6320.0,6320.0,TP,7.5,15:33:00,16:11:45,2025-07,dbfull,-3.575000000000003,30.375
121,2025-07-16,2025-07-16 09:38:00,2025-07-16 09:38:15,SHORT,NQ,NQ,23023.0,23048.75,22948.0,23023.0,2025-07-16 09:42:30,BE,True,2025-07-16 09:41:45,25.75,2.58,-0.0,-0.0,6295.25,6300.5,6280.25,6280.25,TP,7.5,15:38:15,15:42:30,2025-07,dbfull,-3.575000000000003,37.875
122,2025-07-17,2025-07-17 09:34:00,2025-07-17 09:34:00,SHORT,NQ,ES,23070.25,23109.0,22995.25,23109.0,2025-07-17 09:41:15,SL,False,,38.75,3.88,-38.75,-3.875,6305.75,6309.0,6290.75,6309.0,SL,-1.625,15:34:00,15:41:15,2025-07,dbfull,-7.450000000000003,36.25
123,2025-07-18,2025-07-18 09:35:00,2025-07-18 09:35:45,SHORT,NQ,ES,23285.25,23310.0,23210.25,23285.25,2025-07-18 09:46:30,BE,True,2025-07-18 09:38:15,24.75,2.48,-0.0,-0.0,6347.75,6350.5,6332.75,6347.75,BE,-0.0,15:35:45,15:46:30,2025-07,dbfull,-7.450000000000003,36.25
124,2025-07-18,2025-07-18 09:55:00,2025-07-18 09:55:15,SHORT,NQ,ES,23260.25,23295.0,23185.25,23260.25,2025-07-18 09:58:15,BE,True,2025-07-18 09:57:00,34.75,3.48,-0.0,-0.0,6345.0,6346.25,6330.0,6346.25,SL,-0.625,15:55:15,15:58:15,2025-07,dbfull,-7.450000000000003,35.625
125,2025-07-23,2025-07-23 09:40:00,2025-07-23 09:40:30,SHORT,NQ,NQ,23222.25,23235.0,23147.25,23222.25,2025-07-23 09:41:15,BE,True,2025-07-23 09:40:45,12.75,1.27,-0.0,-0.0,6368.25,6371.5,6353.25,6368.25,BE,-0.0,15:40:30,15:41:15,2025-07,dbfull,-7.450000000000003,35.625
126,2025-07-24,2025-07-24 09:39:15,2025-07-24 09:39:30,SHORT,NQ,NQ,23351.5,23374.75,23276.5,23374.75,2025-07-24 09:45:30,SL,False,,23.25,2.33,-23.25,-2.325,6399.5,6403.5,6384.5,6403.5,SL,-2.0,15:39:30,15:45:30,2025-07,dbfull,-9.775000000000002,33.625
127,2025-07-28,2025-07-28 09:48:00,2025-07-28 09:48:00,SHORT,NQ,ES,23502.75,23514.5,23427.75,23514.5,2025-07-28 09:52:30,SL,False,,11.75,1.18,-11.75,-1.175,6427.5,6429.5,6412.5,6429.5,SL,-1.0,15:48:00,15:52:30,2025-07,dbfull,-10.950000000000003,32.625
128,2025-07-29,2025-07-29 09:42:15,2025-07-29 09:42:30,SHORT,NQ,NQ,23635.0,23645.75,23560.0,23560.0,2025-07-29 09:50:45,TP,True,2025-07-29 09:43:15,10.75,1.07,75.0,7.5,6436.5,6439.0,6421.5,6421.5,TP,7.5,15:42:30,15:50:45,2025-07,dbfull,-3.450000000000003,40.125
129,2025-07-30,2025-07-30 09:31:00,2025-07-30 09:31:15,SHORT,NQ,NQ,23473.0,23491.0,23398.0,23473.0,2025-07-30 09:33:45,BE,True,2025-07-30 09:32:30,18.0,1.8,-0.0,-0.0,6407.75,6413.25,6392.75,6413.25,SL,-2.75,15:31:15,15:33:45,2025-07,dbfull,-3.450000000000003,37.375
130,2025-07-30,2025-07-30 09:47:00,2025-07-30 09:47:15,SHORT,NQ,ES,23508.5,23526.25,23433.5,23508.5,2025-07-30 10:22:30,BE,True,2025-07-30 09:50:15,17.75,1.77,-0.0,-0.0,6413.0,6414.5,6398.0,6414.5,SL,-0.75,15:47:15,16:22:30,2025-07,dbfull,-3.450000000000003,36.625
131,2025-08-04,2025-08-04 09:51:00,2025-08-04 09:51:00,SHORT,NQ,NQ,23209.0,23220.0,23134.0,23220.0,2025-08-04 09:54:00,SL,False,,11.0,1.1,-11.0,-1.1,6327.75,6330.75,6312.75,6330.75,SL,-1.5,15:51:00,15:54:00,2025-08,dbfull,-4.5500000000000025,35.125
132,2025-08-05,2025-08-05 09:51:15,2025-08-05 09:51:15,SHORT,NQ,NQ,23372.5,23393.75,23297.5,23297.5,2025-08-05 10:17:45,TP,True,2025-08-05 10:00:00,21.25,2.12,75.0,7.5,6366.5,6370.25,6351.5,6351.5,TP,7.5,15:51:15,16:17:45,2025-08,dbfull,2.9499999999999975,42.625
133,2025-08-06,2025-08-06 09:36:00,2025-08-06 09:36:30,SHORT,NQ,ES,23192.0,23228.25,23117.0,23192.0,2025-08-06 09:44:30,BE,True,2025-08-06 09:39:15,36.25,3.62,-0.0,-0.0,6334.75,6339.0,6319.75,6334.75,BE,-0.0,15:36:30,15:44:30,2025-08,dbfull,2.9499999999999975,42.625
134,2025-08-08,2025-08-08 09:33:00,2025-08-08 09:33:45,SHORT,NQ,NQ,23552.75,23565.75,23477.75,23552.75,2025-08-08 09:35:15,BE,True,2025-08-08 09:34:15,13.0,1.3,-0.0,-0.0,6383.75,6387.0,6368.75,6383.75,BE,-0.0,15:33:45,15:35:15,2025-08,dbfull,2.9499999999999975,42.625
135,2025-08-08,2025-08-08 09:50:00,2025-08-08 09:50:00,SHORT,NQ,ES,23621.5,23644.5,23546.5,23644.5,2025-08-08 09:56:00,SL,False,,23.0,2.3,-23.0,-2.3,6394.75,6396.5,6379.75,6396.5,SL,-0.875,15:50:00,15:56:00,2025-08,dbfull,0.6499999999999977,41.75
136,2025-08-11,2025-08-11 09:32:15,2025-08-11 09:32:15,SHORT,NQ,ES,23695.75,23722.5,23620.75,23695.75,2025-08-11 09:35:00,BE,True,2025-08-11 09:33:30,26.75,2.67,-0.0,-0.0,6413.25,6416.25,6398.25,6413.25,BE,-0.0,15:32:15,15:35:00,2025-08,dbfull,0.6499999999999977,41.75
137,2025-08-11,2025-08-11 09:42:00,2025-08-11 09:42:00,SHORT,NQ,NQ,23706.0,23716.5,23631.0,23716.5,2025-08-11 09:42:15,SL,False,,10.5,1.05,-10.5,-1.05,6413.5,6417.25,6398.5,6417.25,SL,-1.875,15:42:00,15:42:15,2025-08,dbfull,-0.40000000000000235,39.875
138,2025-08-13,2025-08-13 09:40:00,2025-08-13 09:40:00,SHORT,NQ,ES,24049.25,24063.0,23974.25,24049.25,2025-08-13 09:50:45,BE,True,2025-08-13 09:42:30,13.75,1.38,-0.0,-0.0,6493.5,6495.25,6478.5,6495.25,SL,-0.875,15:40:00,15:50:45,2025-08,dbfull,-0.40000000000000235,39.0
139,2025-08-13,2025-08-13 09:59:00,2025-08-13 09:59:15,SHORT,NQ,NQ,24015.5,24031.5,23940.5,23940.5,2025-08-13 10:47:00,TP,True,2025-08-13 10:00:15,16.0,1.6,75.0,7.5,6495.75,6498.5,6480.75,6495.75,BE,-0.0,15:59:15,16:47:00,2025-08,dbfull,7.099999999999998,39.0
140,2025-08-15,2025-08-15 09:30:00,2025-08-15 09:30:00,SHORT,NQ,ES,23888.0,23921.75,23813.0,23813.0,2025-08-15 09:45:45,TP,True,2025-08-15 09:30:30,33.75,3.38,75.0,7.5,6494.75,6499.75,6479.75,6479.75,TP,7.5,15:30:00,15:45:45,2025-08,dbfull,14.599999999999998,46.5
141,2025-08-18,2025-08-18 09:32:30,2025-08-18 09:32:30,SHORT,NQ,NQ,23787.75,23807.5,23712.75,23807.5,2025-08-18 09:34:15,SL,False,,19.75,1.98,-19.75,-1.975,6465.75,6469.0,6450.75,6469.0,SL,-1.625,15:32:30,15:34:15,2025-08,dbfull,12.624999999999998,44.875
142,2025-08-18,2025-08-18 09:38:00,2025-08-18 09:38:15,SHORT,NQ,NQ,23797.25,23807.25,23722.25,23807.25,2025-08-18 09:39:15,SL,False,,10.0,1.0,-10.0,-1.0,6468.0,6469.75,6453.0,6469.75,SL,-0.875,15:38:15,15:39:15,2025-08,dbfull,11.624999999999998,44.0
143,2025-08-20,2025-08-20 09:40:00,2025-08-20 09:40:15,SHORT,NQ,NQ,23364.5,23384.75,23289.5,23364.5,2025-08-20 09:42:45,BE,True,2025-08-20 09:41:00,20.25,2.02,-0.0,-0.0,6419.5,6423.75,6404.5,6419.5,BE,-0.0,15:40:15,15:42:45,2025-08,dbfull,11.624999999999998,44.0
144,2025-08-21,2025-08-21 09:45:00,2025-08-21 09:45:00,SHORT,NQ,NQ,23244.75,23266.5,23169.75,23244.75,2025-08-21 09:48:00,BE,True,2025-08-21 09:45:15,21.75,2.17,-0.0,-0.0,6388.75,6394.25,6373.75,6388.75,BE,-0.0,15:45:00,15:48:00,2025-08,dbfull,11.624999999999998,44.0
145,2025-08-22,2025-08-22 09:52:00,2025-08-22 09:52:00,SHORT,NQ,NQ,23322.25,23342.25,23247.25,23247.25,2025-08-22 09:58:45,TP,True,2025-08-22 09:56:45,20.0,2.0,75.0,7.5,6422.75,6425.5,6407.75,6425.5,SL,-1.375,15:52:00,15:58:45,2025-08,dbfull,19.125,42.625
146,2025-08-25,2025-08-25 09:51:00,2025-08-25 09:51:00,SHORT,NQ,ES,23480.25,23492.5,23405.25,23492.5,2025-08-25 09:52:15,SL,False,,12.25,1.23,-12.25,-1.225,6468.25,6470.5,6453.25,6470.5,SL,-1.125,15:51:00,15:52:15,2025-08,dbfull,17.9,41.5
147,2025-08-26,2025-08-26 09:35:15,2025-08-26 09:35:30,SHORT,NQ,NQ,23493.5,23513.0,23418.5,23493.5,2025-08-26 09:40:00,BE,True,2025-08-26 09:38:15,19.5,1.95,-0.0,-0.0,6453.75,6456.75,6438.75,6456.75,SL,-1.5,15:35:30,15:40:00,2025-08,dbfull,17.9,40.0
148,2025-08-28,2025-08-28 09:44:00,2025-08-28 09:44:15,SHORT,NQ,ES,23705.5,23727.75,23630.5,23630.5,2025-08-28 09:50:30,TP,True,2025-08-28 09:45:30,22.25,2.23,75.0,7.5,6500.0,6503.0,6485.0,6485.0,TP,7.5,15:44:15,15:50:30,2025-08,dbfull,25.4,47.5
149,2025-08-29,2025-08-29 09:34:30,2025-08-29 09:35:00,SHORT,NQ,NQ,23631.0,23658.75,23556.0,23631.0,2025-08-29 09:38:30,BE,True,2025-08-29 09:37:00,27.75,2.77,-0.0,-0.0,6497.0,6501.75,6482.0,6497.0,BE,-0.0,15:35:00,15:38:30,2025-08,dbfull,25.4,47.5
150,2025-09-01,2025-09-01 09:55:00,2025-09-01 09:55:00,SHORT,NQ,NQ,23489.0,23493.25,23414.0,23489.0,2025-09-01 10:32:00,BE,True,2025-09-01 10:14:30,4.25,0.42,-0.0,-0.0,6478.0,6478.75,6463.0,6478.75,SL,-0.375,15:55:00,16:32:00,2025-09,dbfull,25.4,47.125
151,2025-09-04,2025-09-04 09:53:15,2025-09-04 09:53:30,SHORT,NQ,ES,23471.75,23503.0,23396.75,23471.75,2025-09-04 09:56:15,BE,True,2025-09-04 09:55:45,31.25,3.12,-0.0,-0.0,6469.0,6473.0,6454.0,6473.0,SL,-2.0,15:53:30,15:56:15,2025-09,dbfull,25.4,45.125
152,2025-09-05,2025-09-05 09:38:30,2025-09-05 09:38:45,SHORT,NQ,ES,23826.25,23853.75,23751.25,23853.75,2025-09-05 09:40:30,SL,False,,27.5,2.75,-27.5,-2.75,6533.75,6537.0,6518.75,6537.0,SL,-1.625,15:38:45,15:40:30,2025-09,dbfull,22.65,43.5
153,2025-09-05,2025-09-05 09:56:00,2025-09-05 09:56:45,SHORT,NQ,NQ,23842.0,23864.0,23767.0,23767.0,2025-09-05 10:13:00,TP,True,2025-09-05 10:00:15,22.0,2.2,75.0,7.5,6528.75,6532.5,6513.75,6528.75,BE,-0.0,15:56:45,16:13:00,2025-09,dbfull,30.15,43.5
154,2025-09-08,2025-09-08 09:47:00,2025-09-08 09:47:00,SHORT,NQ,NQ,23827.75,23844.5,23752.75,23844.5,2025-09-08 09:49:30,SL,False,,16.75,1.68,-16.75,-1.675,6500.5,6503.5,6485.5,6500.5,BE,-0.0,15:47:00,15:49:30,2025-09,dbfull,28.474999999999998,43.5
155,2025-09-09,2025-09-09 09:39:00,2025-09-09 09:39:00,SHORT,NQ,NQ,23834.75,23842.0,23759.75,23842.0,2025-09-09 09:39:15,SL,False,,7.25,0.72,-7.25,-0.725,6511.25,6512.75,6496.25,6511.25,BE,-0.0,15:39:00,15:39:15,2025-09,dbfull,27.749999999999996,43.5
156,2025-09-10,2025-09-10 09:37:00,2025-09-10 09:37:15,SHORT,NQ,NQ,23948.5,23976.0,23873.5,23948.5,2025-09-10 09:43:45,BE,True,2025-09-10 09:39:15,27.5,2.75,-0.0,-0.0,6549.0,6554.25,6534.0,6554.25,SL,-2.625,15:37:15,15:43:45,2025-09,dbfull,27.749999999999996,40.875
157,2025-09-10,2025-09-10 09:53:30,2025-09-10 09:53:30,SHORT,NQ,NQ,23924.0,23953.0,23849.0,23953.0,2025-09-10 10:01:45,SL,False,,29.0,2.9,-29.0,-2.9,6548.0,6555.75,6533.0,6555.75,SL,-3.875,15:53:30,16:01:45,2025-09,dbfull,24.849999999999998,37.0
158,2025-09-11,2025-09-11 09:36:00,2025-09-11 09:36:15,SHORT,NQ,NQ,23963.75,23987.25,23888.75,23963.75,2025-09-11 09:37:15,BE,True,2025-09-11 09:36:45,23.5,2.35,-0.0,-0.0,6558.5,6562.0,6543.5,6558.5,BE,-0.0,15:36:15,15:37:15,2025-09,dbfull,24.849999999999998,37.0
159,2025-09-11,2025-09-11 09:50:00,2025-09-11 09:50:30,SHORT,NQ,ES,23946.25,23965.5,23871.25,23965.5,2025-09-11 09:51:45,SL,False,,19.25,1.93,-19.25,-1.925,6559.75,6562.5,6544.75,6562.5,SL,-1.375,15:50:30,15:51:45,2025-09,dbfull,22.924999999999997,35.625
160,2025-09-12,2025-09-12 09:52:00,2025-09-12 09:52:15,SHORT,NQ,NQ,24020.0,24034.25,23945.0,24034.25,2025-09-12 09:55:15,SL,False,,14.25,1.43,-14.25,-1.425,6588.0,6589.75,6573.0,6589.75,SL,-0.875,15:52:15,15:55:15,2025-09,dbfull,21.499999999999996,34.75
161,2025-09-16,2025-09-16 09:35:15,2025-09-16 09:35:30,SHORT,NQ,NQ,24573.0,24593.0,24498.0,24573.0,2025-09-16 09:44:15,BE,True,2025-09-16 09:37:45,20.0,2.0,-0.0,-0.0,6684.0,6687.25,6669.0,6684.0,BE,-0.0,15:35:30,15:44:15,2025-09,dbfull,21.499999999999996,34.75
162,2025-09-17,2025-09-17 09:34:00,2025-09-17 09:34:15,SHORT,NQ,ES,24502.25,24534.25,24427.25,24502.25,2025-09-17 09:34:45,BE,True,2025-09-17 09:34:30,32.0,3.2,-0.0,-0.0,6671.0,6672.75,6656.0,6672.75,SL,-0.875,15:34:15,15:34:45,2025-09,dbfull,21.499999999999996,33.875
163,2025-09-17,2025-09-17 09:55:00,2025-09-17 09:55:45,SHORT,NQ,ES,24498.25,24520.5,24423.25,24423.25,2025-09-17 10:45:30,TP,True,2025-09-17 09:56:45,22.25,2.23,75.0,7.5,6670.75,6675.75,6655.75,6655.75,TP,7.5,15:55:45,16:45:30,2025-09,dbfull,28.999999999999996,41.375
164,2025-09-18,2025-09-18 09:39:15,2025-09-18 09:39:15,SHORT,NQ,NQ,24675.0,24705.75,24600.0,24600.0,2025-09-18 09:46:30,TP,True,2025-09-18 09:40:30,30.75,3.08,75.0,7.5,6685.5,6691.75,6670.5,6670.5,TP,7.5,15:39:15,15:46:30,2025-09,dbfull,36.5,48.875
165,2025-09-18,2025-09-18 09:55:00,2025-09-18 09:55:15,SHORT,NQ,NQ,24662.25,24683.75,24587.25,24662.25,2025-09-18 09:57:30,BE,True,2025-09-18 09:55:30,21.5,2.15,-0.0,-0.0,6681.5,6689.5,6666.5,6681.5,BE,-0.0,15:55:15,15:57:30,2025-09,dbfull,36.5,48.875
166,2025-09-19,2025-09-19 09:30:00,2025-09-19 09:30:00,SHORT,NQ,NQ,24765.25,24784.75,24690.25,24765.25,2025-09-19 09:32:00,BE,True,2025-09-19 09:31:45,19.5,1.95,-0.0,-0.0,6704.25,6712.25,6689.25,6704.25,BE,-0.0,15:30:00,15:32:00,2025-09,dbfull,36.5,48.875
167,2025-09-22,2025-09-22 09:56:30,2025-09-22 09:56:45,SHORT,NQ,ES,24867.25,24880.5,24792.25,24880.5,2025-09-22 10:02:30,SL,False,,13.25,1.32,-13.25,-1.325,6717.25,6719.25,6702.25,6719.25,SL,-1.0,15:56:45,16:02:30,2025-09,dbfull,35.175,47.875
168,2025-09-23,2025-09-23 09:36:00,2025-09-23 09:36:30,SHORT,NQ,ES,24978.5,25009.75,24903.5,24978.5,2025-09-23 09:37:00,BE,True,2025-09-23 09:36:45,31.25,3.12,-0.0,-0.0,6753.0,6754.5,6738.0,6754.5,SL,-0.75,15:36:30,15:37:00,2025-09,dbfull,35.175,47.125
169,2025-09-23,2025-09-23 09:40:00,2025-09-23 09:40:15,SHORT,NQ,NQ,24978.25,24990.75,24903.25,24903.25,2025-09-23 13:18:45,TP,True,2025-09-23 09:40:30,12.5,1.25,75.0,7.5,6753.75,6755.75,6738.75,6753.75,BE,-0.0,15:40:15,19:18:45,2025-09,dbfull,42.675,47.125
170,2025-09-25,2025-09-25 09:30:00,2025-09-25 09:30:00,SHORT,NQ,NQ,24559.25,24582.0,24484.25,24559.25,2025-09-25 09:33:30,BE,True,2025-09-25 09:30:15,22.75,2.27,-0.0,-0.0,6657.75,6661.5,6642.75,6657.75,BE,-0.0,15:30:00,15:33:30,2025-09,dbfull,42.675,47.125
171,2025-09-26,2025-09-26 09:30:00,2025-09-26 09:30:00,SHORT,NQ,ES,24628.0,24662.5,24553.0,24628.0,2025-09-26 09:31:15,BE,True,2025-09-26 09:30:30,34.5,3.45,-0.0,-0.0,6671.75,6674.75,6656.75,6671.75,BE,-0.0,15:30:00,15:31:15,2025-09,dbfull,42.675,47.125
172,2025-09-29,2025-09-29 09:39:00,2025-09-29 09:39:00,SHORT,NQ,NQ,24873.75,24888.0,24798.75,24888.0,2025-09-29 09:41:00,SL,False,,14.25,1.43,-14.25,-1.425,6718.5,6722.25,6703.5,6718.5,BE,-0.0,15:39:00,15:41:00,2025-09,dbfull,41.25,47.125
173,2025-09-29,2025-09-29 09:51:00,2025-09-29 09:51:30,SHORT,NQ,NQ,24935.5,24951.75,24860.5,24951.75,2025-09-29 09:54:00,SL,False,,16.25,1.62,-16.25,-1.625,6722.0,6725.5,6707.0,6725.5,SL,-1.75,15:51:30,15:54:00,2025-09,dbfull,39.625,45.375
174,2025-09-29,2025-09-29 09:56:15,2025-09-29 09:56:30,SHORT,NQ,NQ,24936.25,24954.75,24861.25,24954.75,2025-09-29 10:00:30,SL,False,,18.5,1.85,-18.5,-1.85,6723.0,6726.0,6708.0,6726.0,SL,-1.5,15:56:30,16:00:30,2025-09,dbfull,37.775,43.875
175,2025-10-02,2025-10-02 09:35:00,2025-10-02 09:35:15,SHORT,NQ,NQ,25121.25,25139.5,25046.25,25046.25,2025-10-02 09:41:30,TP,True,2025-10-02 09:36:30,18.25,1.82,75.0,7.5,6776.75,6780.25,6761.75,6761.75,TP,7.5,15:35:15,15:41:30,2025-10,dbfull,45.275,51.375
176,2025-10-03,2025-10-03 09:41:00,2025-10-03 09:41:00,SHORT,NQ,NQ,25150.0,25165.5,25075.0,25150.0,2025-10-03 09:47:15,BE,True,2025-10-03 09:41:15,15.5,1.55,-0.0,-0.0,6782.5,6786.0,6767.5,6786.0,SL,-1.75,15:41:00,15:47:15,2025-10,dbfull,45.275,49.625
177,2025-10-06,2025-10-06 09:35:30,2025-10-06 09:35:45,SHORT,NQ,NQ,25168.5,25185.25,25093.5,25185.25,2025-10-06 09:37:15,SL,False,,16.75,1.68,-16.75,-1.675,6780.25,6785.25,6765.25,6780.25,BE,-0.0,15:35:45,15:37:15,2025-10,dbfull,43.6,49.625
178,2025-10-06,2025-10-06 09:43:00,2025-10-06 09:43:00,SHORT,NQ,ES,25146.25,25176.5,25071.25,25146.25,2025-10-06 09:45:00,BE,True,2025-10-06 09:43:30,30.25,3.02,-0.0,-0.0,6777.75,6782.0,6762.75,6777.75,BE,-0.0,15:43:00,15:45:00,2025-10,dbfull,43.6,49.625
179,2025-10-06,2025-10-06 09:55:00,2025-10-06 09:55:00,SHORT,NQ,NQ,25138.75,25156.25,25063.75,25156.25,2025-10-06 09:59:00,SL,False,,17.5,1.75,-17.5,-1.75,6773.25,6776.25,6758.25,6773.25,BE,-0.0,15:55:00,15:59:00,2025-10,dbfull,41.85,49.625
180,2025-10-07,2025-10-07 09:30:00,2025-10-07 09:30:00,SHORT,NQ,ES,25231.25,25241.5,25156.25,25231.25,2025-10-07 09:30:30,BE,True,2025-10-07 09:30:15,10.25,1.02,-0.0,-0.0,6795.75,6798.5,6780.75,6795.75,BE,-0.0,15:30:00,15:30:30,2025-10,dbfull,41.85,49.625
181,2025-10-07,2025-10-07 09:48:00,2025-10-07 09:48:15,SHORT,NQ,NQ,25236.0,25253.0,25161.0,25253.0,2025-10-07 09:55:00,SL,False,,17.0,1.7,-17.0,-1.7,6795.25,6798.25,6780.25,6795.25,BE,-0.0,15:48:15,15:55:00,2025-10,dbfull,40.15,49.625
182,2025-10-08,2025-10-08 09:43:00,2025-10-08 09:43:15,SHORT,NQ,ES,25122.5,25153.0,25047.5,25153.0,2025-10-08 09:47:30,SL,False,,30.5,3.05,-30.5,-3.05,6766.25,6770.5,6751.25,6770.5,SL,-2.125,15:43:15,15:47:30,2025-10,dbfull,37.1,47.5
183,2025-10-09,2025-10-09 09:34:30,2025-10-09 09:34:45,SHORT,NQ,NQ,25306.75,25325.75,25231.75,25306.75,2025-10-09 09:35:45,BE,True,2025-10-09 09:35:15,19.0,1.9,-0.0,-0.0,6803.25,6809.5,6788.25,6788.25,TP,7.5,15:34:45,15:35:45,2025-10,dbfull,37.1,55.0
184,2025-10-13,2025-10-13 09:30:00,2025-10-13 09:30:00,SHORT,NQ,NQ,24811.5,24835.75,24736.5,24835.75,2025-10-13 09:30:30,SL,False,,24.25,2.42,-24.25,-2.425,6670.0,6673.25,6655.0,6673.25,SL,-1.625,15:30:00,15:30:30,2025-10,dbfull,34.675000000000004,53.375
185,2025-10-14,2025-10-14 09:31:00,2025-10-14 09:31:00,SHORT,NQ,NQ,24603.75,24641.5,24528.75,24528.75,2025-10-14 09:36:00,TP,True,2025-10-14 09:33:45,37.75,3.77,75.0,7.5,6629.0,6636.5,6614.0,6629.0,BE,-0.0,15:31:00,15:36:00,2025-10,dbfull,42.175000000000004,53.375
186,2025-10-15,2025-10-15 09:38:00,2025-10-15 09:38:00,SHORT,NQ,ES,24956.25,24994.5,24881.25,24956.25,2025-10-15 09:41:00,BE,True,2025-10-15 09:38:15,38.25,3.83,-0.0,-0.0,6733.0,6738.5,6718.0,6738.5,SL,-2.75,15:38:00,15:41:00,2025-10,dbfull,42.175000000000004,50.625
187,2025-10-15,2025-10-15 09:47:00,2025-10-15 09:47:30,SHORT,NQ,NQ,24942.5,24979.75,24867.5,24942.5,2025-10-15 09:51:00,BE,True,2025-10-15 09:48:00,37.25,3.73,-0.0,-0.0,6734.25,6742.0,6719.25,6734.25,BE,-0.0,15:47:30,15:51:00,2025-10,dbfull,42.175000000000004,50.625
188,2025-10-16,2025-10-16 09:36:00,2025-10-16 09:36:00,SHORT,NQ,NQ,25074.5,25090.25,24999.5,25074.5,2025-10-16 09:42:15,BE,True,2025-10-16 09:40:30,15.75,1.57,-0.0,-0.0,6730.0,6733.25,6715.0,6733.25,SL,-1.625,15:36:00,15:42:15,2025-10,dbfull,42.175000000000004,49.0
189,2025-10-16,2025-10-16 09:57:45,2025-10-16 09:58:00,SHORT,NQ,ES,25059.5,25096.25,24984.5,25059.5,2025-10-16 10:15:45,BE,True,2025-10-16 10:12:15,36.75,3.67,-0.0,-0.0,6729.75,6735.75,6714.75,6729.75,BE,-0.0,15:58:00,16:15:45,2025-10,dbfull,42.175000000000004,49.0
190,2025-10-20,2025-10-20 09:40:00,2025-10-20 09:40:00,SHORT,NQ,NQ,25204.75,25220.75,25129.75,25220.75,2025-10-20 09:49:30,SL,False,,16.0,1.6,-16.0,-1.6,6746.0,6749.5,6731.0,6746.0,BE,-0.0,15:40:00,15:49:30,2025-10,dbfull,40.575,49.0
191,2025-10-20,2025-10-20 09:56:15,2025-10-20 09:56:45,SHORT,NQ,ES,25218.25,25240.0,25143.25,25240.0,2025-10-20 10:04:00,SL,False,,21.75,2.17,-21.75,-2.175,6748.0,6752.25,6733.0,6752.25,SL,-2.125,15:56:45,16:04:00,2025-10,dbfull,38.400000000000006,46.875
192,2025-10-21,2025-10-21 09:31:00,2025-10-21 09:31:30,SHORT,NQ,ES,25271.75,25304.5,25196.75,25271.75,2025-10-21 09:32:15,BE,True,2025-10-21 09:32:00,32.75,3.27,-0.0,-0.0,6771.75,6774.75,6756.75,6771.75,BE,-0.0,15:31:30,15:32:15,2025-10,dbfull,38.400000000000006,46.875
193,2025-10-21,2025-10-21 09:55:00,2025-10-21 09:55:00,SHORT,NQ,ES,25242.25,25270.75,25167.25,25242.25,2025-10-21 10:00:00,BE,True,2025-10-21 09:55:15,28.5,2.85,-0.0,-0.0,6766.75,6770.5,6751.75,6766.75,BE,-0.0,15:55:00,16:00:00,2025-10,dbfull,38.400000000000006,46.875
194,2025-10-22,2025-10-22 09:46:00,2025-10-22 09:46:15,SHORT,NQ,NQ,25242.75,25261.5,25167.75,25261.5,2025-10-22 09:50:45,SL,False,,18.75,1.88,-18.75,-1.875,6771.5,6777.5,6756.5,6771.5,BE,-0.0,15:46:15,15:50:45,2025-10,dbfull,36.525000000000006,46.875
195,2025-10-22,2025-10-22 09:53:00,2025-10-22 09:53:15,SHORT,NQ,NQ,25270.0,25278.5,25195.0,25278.5,2025-10-22 09:54:00,SL,False,,8.5,0.85,-8.5,-0.85,6773.0,6775.0,6758.0,6775.0,SL,-1.0,15:53:15,15:54:00,2025-10,dbfull,35.675000000000004,45.875
196,2025-10-22,2025-10-22 09:56:00,2025-10-22 09:56:15,SHORT,NQ,ES,25268.25,25282.5,25193.25,25268.25,2025-10-22 10:08:30,BE,True,2025-10-22 10:05:00,14.25,1.43,-0.0,-0.0,6773.0,6775.75,6758.0,6758.0,TP,7.5,15:56:15,16:08:30,2025-10,dbfull,35.675000000000004,53.375
197,2025-10-23,2025-10-23 09:35:00,2025-10-23 09:35:00,SHORT,NQ,NQ,25029.0,25041.25,24954.0,25041.25,2025-10-23 09:35:45,SL,False,,12.25,1.23,-12.25,-1.225,6741.0,6744.25,6726.0,6744.25,SL,-1.625,15:35:00,15:35:45,2025-10,dbfull,34.45,51.75
198,2025-10-23,2025-10-23 09:58:45,2025-10-23 09:59:00,SHORT,NQ,NQ,25151.5,25173.5,25076.5,25173.5,2025-10-23 10:00:00,SL,False,,22.0,2.2,-22.0,-2.2,6756.0,6763.25,6741.0,6756.0,BE,-0.0,15:59:00,16:00:00,2025-10,dbfull,32.25,51.75
199,2025-10-24,2025-10-24 09:40:00,2025-10-24 09:40:30,SHORT,NQ,NQ,25506.0,25530.5,25431.0,25530.5,2025-10-24 09:45:00,SL,False,,24.5,2.45,-24.5,-2.45,6826.25,6833.75,6811.25,6833.75,SL,-3.75,15:40:30,15:45:00,2025-10,dbfull,29.8,48.0
200,2025-10-28,2025-10-28 09:35:15,2025-10-28 09:35:30,SHORT,NQ,ES,26058.0,26094.75,25983.0,26058.0,2025-10-28 09:36:30,BE,True,2025-10-28 09:35:45,36.75,3.67,-0.0,-0.0,6920.25,6924.5,6905.25,6905.25,TP,7.5,14:35:30,14:36:30,2025-10,dbfull,29.8,55.5
201,2025-10-31,2025-10-31 09:31:00,2025-10-31 09:31:00,SHORT,NQ,NQ,26176.75,26199.5,26101.75,26176.75,2025-10-31 09:31:30,BE,True,2025-10-31 09:31:15,22.75,2.27,-0.0,-0.0,6899.0,6902.5,6884.0,6884.0,TP,7.5,14:31:00,14:31:30,2025-10,dbfull,29.8,63.0
202,2025-11-06,2025-11-06 09:40:30,2025-11-06 09:40:30,SHORT,NQ,NQ,25633.25,25664.5,25558.25,25633.25,2025-11-06 09:45:30,BE,True,2025-11-06 09:41:00,31.25,3.12,-0.0,-0.0,6813.25,6819.25,6798.25,6813.25,BE,-0.0,15:40:30,15:45:30,2025-11,dbfull,29.8,63.0
203,2025-11-06,2025-11-06 09:50:00,2025-11-06 09:50:15,SHORT,NQ,NQ,25636.5,25670.0,25561.5,25561.5,2025-11-06 09:52:30,TP,True,2025-11-06 09:50:30,33.5,3.35,75.0,7.5,6809.75,6817.0,6794.75,6794.75,TP,7.5,15:50:15,15:52:30,2025-11,dbfull,37.3,70.5
204,2025-11-10,2025-11-10 09:30:00,2025-11-10 09:30:00,SHORT,NQ,NQ,25528.0,25547.25,25453.0,25547.25,2025-11-10 09:30:15,SL,False,,19.25,1.93,-19.25,-1.925,6814.75,6818.0,6799.75,6818.0,SL,-1.625,15:30:00,15:30:15,2025-11,dbfull,35.375,68.875
205,2025-11-10,2025-11-10 09:48:00,2025-11-10 09:48:15,SHORT,NQ,ES,25620.5,25647.0,25545.5,25620.5,2025-11-10 09:55:30,BE,True,2025-11-10 09:50:00,26.5,2.65,-0.0,-0.0,6829.5,6835.5,6814.5,6829.5,BE,-0.0,15:48:15,15:55:30,2025-11,dbfull,35.375,68.875
206,2025-11-11,2025-11-11 09:38:30,2025-11-11 09:38:45,SHORT,NQ,ES,25619.0,25646.0,25544.0,25619.0,2025-11-11 09:41:00,BE,True,2025-11-11 09:40:15,27.0,2.7,-0.0,-0.0,6845.25,6848.5,6830.25,6845.25,BE,-0.0,15:38:45,15:41:00,2025-11,dbfull,35.375,68.875
207,2025-11-19,2025-11-19 09:30:00,2025-11-19 09:30:00,SHORT,NQ,NQ,24588.0,24624.25,24513.0,24624.25,2025-11-19 09:30:30,SL,False,,36.25,3.62,-36.25,-3.625,6637.75,6644.0,6622.75,6644.0,SL,-3.125,15:30:00,15:30:30,2025-11,dbfull,31.75,65.75
208,2025-11-19,2025-11-19 09:31:00,2025-11-19 09:31:00,SHORT,NQ,NQ,24601.0,24633.25,24526.0,24633.25,2025-11-19 09:34:00,SL,False,,32.25,3.23,-32.25,-3.225,6640.0,6645.0,6625.0,6645.0,SL,-2.5,15:31:00,15:34:00,2025-11,dbfull,28.525,63.25
209,2025-11-28,2025-11-28 09:52:00,2025-11-28 09:52:00,SHORT,NQ,NQ,25369.75,25395.0,25294.75,25395.0,2025-11-28 10:19:00,SL,False,,25.25,2.52,-25.25,-2.525,6837.75,6841.5,6822.75,6841.5,SL,-1.875,15:52:00,16:19:00,2025-11,dbfull,26.0,61.375
210,2025-12-02,2025-12-02 09:55:45,2025-12-02 09:55:45,SHORT,NQ,NQ,25576.5,25609.75,25501.5,25609.75,2025-12-02 10:00:30,SL,False,,33.25,3.33,-33.25,-3.325,6842.5,6848.25,6827.5,6848.25,SL,-2.875,15:55:45,16:00:30,2025-12,dbfull,22.675,58.5
211,2025-12-03,2025-12-03 09:43:00,2025-12-03 09:43:15,SHORT,NQ,ES,25480.75,25508.0,25405.75,25480.75,2025-12-03 09:54:30,BE,True,2025-12-03 09:53:00,27.25,2.73,-0.0,-0.0,6834.5,6838.25,6819.5,6834.5,BE,-0.0,15:43:15,15:54:30,2025-12,dbfull,22.675,58.5
212,2025-12-09,2025-12-09 09:48:15,2025-12-09 09:48:15,SHORT,NQ,ES,25604.5,25635.0,25529.5,25635.0,2025-12-09 10:00:30,SL,False,,30.5,3.05,-30.5,-3.05,6857.25,6859.75,6842.25,6859.75,SL,-1.25,15:48:15,16:00:30,2025-12,dbfull,19.625,57.25
213,2025-12-10,2025-12-10 09:31:00,2025-12-10 09:31:00,SHORT,NQ,NQ,25635.5,25663.75,25560.5,25635.5,2025-12-10 09:33:30,BE,True,2025-12-10 09:31:30,28.25,2.83,-0.0,-0.0,6841.75,6845.5,6826.75,6841.75,BE,-0.0,15:31:00,15:33:30,2025-12,dbfull,19.625,57.25
214,2025-12-10,2025-12-10 09:52:00,2025-12-10 09:52:00,SHORT,NQ,NQ,25631.5,25651.25,25556.5,25631.5,2025-12-10 09:59:30,BE,True,2025-12-10 09:55:30,19.75,1.98,-0.0,-0.0,6846.75,6851.0,6831.75,6846.75,BE,-0.0,15:52:00,15:59:30,2025-12,dbfull,19.625,57.25
215,2025-12-11,2025-12-11 09:30:00,2025-12-11 09:30:15,SHORT,NQ,NQ,25618.75,25654.0,25543.75,25618.75,2025-12-11 09:32:15,BE,True,2025-12-11 09:30:30,35.25,3.52,-0.0,-0.0,6867.75,6869.75,6852.75,6867.75,BE,-0.0,15:30:15,15:32:15,2025-12,dbfull,19.625,57.25
216,2025-12-15,2025-12-15 09:31:00,2025-12-15 09:31:30,SHORT,NQ,NQ,25640.75,25668.0,25565.75,25565.75,2025-12-15 09:39:00,TP,True,2025-12-15 09:33:30,27.25,2.73,75.0,7.5,6924.25,6931.75,6909.25,6909.25,TP,7.5,15:31:30,15:39:00,2025-12,dbfull,27.125,64.75
217,2025-12-15,2025-12-15 09:43:15,2025-12-15 09:43:15,SHORT,NQ,NQ,25557.5,25592.25,25482.5,25557.5,2025-12-15 09:49:45,BE,True,2025-12-15 09:45:30,34.75,3.48,-0.0,-0.0,6912.5,6918.0,6897.5,6897.5,TP,7.5,15:43:15,15:49:45,2025-12,dbfull,27.125,72.25
218,2025-12-22,2025-12-22 09:30:00,2025-12-22 09:30:00,SHORT,NQ,NQ,25760.0,25785.25,25685.0,25785.25,2025-12-22 09:31:45,SL,False,,25.25,2.52,-25.25,-2.525,6917.0,6922.25,6902.0,6922.25,SL,-2.625,15:30:00,15:31:45,2025-12,dbfull,24.6,69.625
219,2025-12-23,2025-12-23 09:50:00,2025-12-23 09:50:15,SHORT,NQ,ES,25732.5,25751.25,25657.5,25732.5,2025-12-23 09:51:45,BE,True,2025-12-23 09:50:30,18.75,1.88,-0.0,-0.0,6940.25,6943.25,6925.25,6940.25,BE,-0.0,15:50:15,15:51:45,2025-12,dbfull,24.6,69.625
220,2025-12-24,2025-12-24 09:39:15,2025-12-24 09:39:45,SHORT,NQ,ES,25791.0,25822.25,25716.0,25822.25,2025-12-24 10:05:30,SL,False,,31.25,3.12,-31.25,-3.125,6960.25,6962.75,6945.25,6962.75,SL,-1.25,15:39:45,16:05:30,2025-12,dbfull,21.475,68.375
221,2025-12-26,2025-12-26 09:31:45,2025-12-26 09:31:45,SHORT,NQ,NQ,25882.25,25910.25,25807.25,25910.25,2025-12-26 09:34:00,SL,False,,28.0,2.8,-28.0,-2.8,6980.75,6986.5,6965.75,6986.5,SL,-2.875,15:31:45,15:34:00,2025-12,dbfull,18.675,65.5
222,2025-12-29,2025-12-29 09:55:00,2025-12-29 09:55:15,SHORT,NQ,NQ,25726.5,25754.0,25651.5,25726.5,2025-12-29 10:00:45,BE,True,2025-12-29 10:00:15,27.5,2.75,-0.0,-0.0,6952.25,6957.5,6937.25,6952.25,BE,-0.0,15:55:15,16:00:45,2025-12,dbfull,18.675,65.5
223,2025-12-30,2025-12-30 09:59:15,2025-12-30 09:59:30,SHORT,NQ,ES,25757.5,25773.75,25682.5,25682.5,2025-12-30 10:43:30,TP,True,2025-12-30 10:07:15,16.25,1.62,75.0,7.5,6956.75,6959.75,6941.75,6941.75,TP,7.5,15:59:30,16:43:30,2025-12,dbfull,26.175,73.0
224,2025-12-31,2025-12-31 09:32:00,2025-12-31 09:32:15,SHORT,NQ,NQ,25676.0,25692.0,25601.0,25676.0,2025-12-31 09:35:15,BE,True,2025-12-31 09:33:00,16.0,1.6,-0.0,-0.0,6944.5,6947.25,6929.5,6929.5,TP,7.5,15:32:15,15:35:15,2025-12,dbfull,26.175,80.5
225,2025-12-31,2025-12-31 09:56:00,2025-12-31 09:56:15,SHORT,NQ,NQ,25624.75,25635.25,25549.75,25549.75,2025-12-31 10:55:30,TP,True,2025-12-31 10:11:30,10.5,1.05,75.0,7.5,6935.75,6937.5,6920.75,6920.75,TP,7.5,15:56:15,16:55:30,2025-12,dbfull,33.675,88.0
226,2026-01-06,2026-01-06 09:38:00,2026-01-06 09:38:15,SHORT,NQ,NQ,25639.75,25669.5,25564.75,25639.75,2026-01-06 09:43:45,BE,True,2026-01-06 09:41:00,29.75,2.98,-0.0,-0.0,6949.5,6952.0,6934.5,6949.5,BE,-0.0,15:38:15,15:43:45,2026-01,dbfull,33.675,88.0
227,2026-01-07,2026-01-07 09:31:30,2026-01-07 09:32:15,SHORT,NQ,NQ,25780.75,25810.75,25705.75,25810.75,2026-01-07 09:33:00,SL,False,,30.0,3.0,-30.0,-3.0,6985.25,6991.5,6970.25,6985.25,BE,-0.0,15:32:15,15:33:00,2026-01,dbfull,30.674999999999997,88.0
228,2026-01-07,2026-01-07 09:37:00,2026-01-07 09:37:15,SHORT,NQ,ES,25805.5,25832.75,25730.5,25832.75,2026-01-07 09:39:45,SL,False,,27.25,2.73,-27.25,-2.725,6988.0,6991.25,6973.0,6991.25,SL,-1.625,15:37:15,15:39:45,2026-01,dbfull,27.949999999999996,86.375
229,2026-01-07,2026-01-07 09:51:00,2026-01-07 09:51:00,SHORT,NQ,NQ,25850.0,25868.0,25775.0,25868.0,2026-01-07 09:53:30,SL,False,,18.0,1.8,-18.0,-1.8,6991.25,6995.75,6976.25,6991.25,BE,-0.0,15:51:00,15:53:30,2026-01,dbfull,26.149999999999995,86.375
230,2026-01-09,2026-01-09 09:55:15,2026-01-09 09:55:30,SHORT,NQ,ES,25723.75,25757.75,25648.75,25757.75,2026-01-09 10:00:15,SL,False,,34.0,3.4,-34.0,-3.4,6976.75,6981.75,6961.75,6981.75,SL,-2.5,15:55:30,16:00:15,2026-01,dbfull,22.749999999999996,83.875
231,2026-01-13,2026-01-13 09:48:00,2026-01-13 09:48:00,SHORT,NQ,NQ,25982.25,26002.75,25907.25,25982.25,2026-01-13 09:50:00,BE,True,2026-01-13 09:49:15,20.5,2.05,-0.0,-0.0,7010.25,7014.75,6995.25,6995.25,TP,7.5,15:48:00,15:50:00,2026-01,dbfull,22.749999999999996,91.375
232,2026-01-15,2026-01-15 09:30:00,2026-01-15 09:30:15,SHORT,NQ,NQ,25913.5,25949.0,25838.5,25913.5,2026-01-15 09:31:00,BE,True,2026-01-15 09:30:45,35.5,3.55,-0.0,-0.0,7003.75,7011.25,6988.75,7003.75,BE,-0.0,15:30:15,15:31:00,2026-01,dbfull,22.749999999999996,91.375
233,2026-01-16,2026-01-16 09:33:00,2026-01-16 09:33:15,SHORT,NQ,ES,25839.25,25876.5,25764.25,25876.5,2026-01-16 09:36:45,SL,False,,37.25,3.73,-37.25,-3.725,6996.75,7000.0,6981.75,7000.0,SL,-1.625,15:33:15,15:36:45,2026-01,dbfull,19.024999999999995,89.75
234,2026-01-19,2026-01-19 09:31:30,2026-01-19 09:31:30,SHORT,NQ,NQ,25282.0,25297.0,25207.0,25282.0,2026-01-19 09:52:30,BE,True,2026-01-19 09:32:30,15.0,1.5,-0.0,-0.0,6894.5,6897.25,6879.5,6894.5,BE,-0.0,15:31:30,15:52:30,2026-01,dbfull,19.024999999999995,89.75
235,2026-01-19,2026-01-19 09:53:00,2026-01-19 09:53:15,SHORT,NQ,NQ,25275.25,25284.5,25200.25,25284.5,2026-01-19 09:54:30,SL,False,,9.25,0.93,-9.25,-0.925,6893.25,6894.75,6878.25,6894.75,SL,-0.75,15:53:15,15:54:30,2026-01,dbfull,18.099999999999994,89.0
236,2026-01-22,2026-01-22 09:36:00,2026-01-22 09:36:00,SHORT,NQ,ES,25639.75,25677.75,25564.75,25677.75,2026-01-22 09:38:00,SL,False,,38.0,3.8,-38.0,-3.8,6953.5,6958.5,6938.5,6958.5,SL,-2.5,15:36:00,15:38:00,2026-01,dbfull,14.299999999999994,86.5
237,2026-01-23,2026-01-23 09:38:00,2026-01-23 09:38:15,SHORT,NQ,ES,25577.5,25615.25,25502.5,25615.25,2026-01-23 09:41:00,SL,False,,37.75,3.77,-37.75,-3.775,6928.5,6933.0,6913.5,6928.5,BE,-0.0,15:38:15,15:41:00,2026-01,dbfull,10.524999999999993,86.5
238,2026-01-27,2026-01-27 09:30:00,2026-01-27 09:30:00,SHORT,NQ,ES,25971.75,26001.25,25896.75,25971.75,2026-01-27 09:30:45,BE,True,2026-01-27 09:30:15,29.5,2.95,-0.0,-0.0,6994.0,6996.25,6979.0,6994.0,BE,-0.0,15:30:00,15:30:45,2026-01,dbfull,10.524999999999993,86.5
239,2026-02-02,2026-02-02 09:57:15,2026-02-02 09:57:30,SHORT,NQ,NQ,25759.25,25780.25,25684.25,25759.25,2026-02-02 10:00:00,BE,True,2026-02-02 09:58:00,21.0,2.1,-0.0,-0.0,6977.0,6982.0,6962.0,6977.0,BE,-0.0,15:57:30,16:00:00,2026-02,dbfull,10.524999999999993,86.5
240,2026-02-11,2026-02-11 09:53:00,2026-02-11 09:53:00,SHORT,NQ,NQ,25365.75,25394.5,25290.75,25394.5,2026-02-11 09:55:00,SL,False,,28.75,2.88,-28.75,-2.875,6991.25,6996.0,6976.25,6976.25,TP,7.5,15:53:00,15:55:00,2026-02,dbfull,7.649999999999993,94.0
241,2026-02-12,2026-02-12 09:36:00,2026-02-12 09:36:00,SHORT,NQ,NQ,25346.5,25368.25,25271.5,25368.25,2026-02-12 09:36:45,SL,False,,21.75,2.17,-21.75,-2.175,6986.0,6990.0,6971.0,6990.0,SL,-2.0,15:36:00,15:36:45,2026-02,dbfull,5.474999999999993,92.0
242,2026-02-16,2026-02-16 09:34:45,2026-02-16 09:35:00,SHORT,NQ,ES,24755.5,24776.5,24680.5,24755.5,2026-02-16 09:38:30,BE,True,2026-02-16 09:36:30,21.0,2.1,-0.0,-0.0,6857.75,6861.0,6842.75,6857.75,BE,-0.0,15:35:00,15:38:30,2026-02,dbfull,5.474999999999993,92.0
243,2026-02-17,2026-02-17 09:42:00,2026-02-17 09:42:15,SHORT,NQ,NQ,24781.25,24810.0,24706.25,24706.25,2026-02-17 09:44:00,TP,True,2026-02-17 09:43:30,28.75,2.88,75.0,7.5,6856.25,6862.0,6841.25,6841.25,TP,7.5,15:42:15,15:44:00,2026-02,dbfull,12.974999999999994,99.5
244,2026-02-25,2026-02-25 09:56:00,2026-02-25 09:56:00,SHORT,NQ,NQ,25325.75,25340.75,25250.75,25325.75,2026-02-25 09:57:45,BE,True,2026-02-25 09:57:00,15.0,1.5,-0.0,-0.0,6940.25,6948.0,6925.25,6940.25,BE,-0.0,15:56:00,15:57:45,2026-02,dbfull,12.974999999999994,99.5
245,2026-02-26,2026-02-26 09:57:15,2026-02-26 09:57:30,SHORT,NQ,NQ,25208.25,25234.75,25133.25,25208.25,2026-02-26 09:59:30,BE,True,2026-02-26 09:58:00,26.5,2.65,-0.0,-0.0,6936.25,6941.75,6921.25,6936.25,BE,-0.0,15:57:30,15:59:30,2026-02,dbfull,12.974999999999994,99.5
22,2026-03-06,2026-03-06 09:55:15,2026-03-06 09:55:30,SHORT,NQ,NQ,24678.75,24705.75,24603.75,24678.75,2026-03-06 09:57:00,BE,True,2026-03-06 09:56:00,27.0,2.7,-0.0,-0.0,6724.0,6730.5,6709.0,6724.0,BE,-0.0,15:55:30,15:57:00,2026-03,vendata,12.974999999999994,99.5
23,2026-03-06,2026-03-06 09:56:45,2026-03-06 09:57:00,SHORT,NQ,NQ,24660.5,24692.5,24585.5,24660.5,2026-03-06 09:59:15,BE,True,2026-03-06 09:59:00,32.0,3.2,-0.0,-0.0,6722.25,6727.0,6707.25,6722.25,BE,-0.0,15:57:00,15:59:15,2026-03,vendata,12.974999999999994,99.5
24,2026-03-10,2026-03-10 09:52:00,2026-03-10 09:52:00,SHORT,NQ,NQ,25025.25,25045.0,24950.25,24950.25,2026-03-10 09:58:45,TP,True,2026-03-10 09:54:45,19.75,1.98,75.0,7.5,6785.25,6790.0,6770.25,6770.25,TP,7.5,14:52:00,14:58:45,2026-03,vendata,20.474999999999994,107.0
25,2026-03-11,2026-03-11 09:47:00,2026-03-11 09:47:00,SHORT,NQ,NQ,25068.0,25087.25,24993.0,25068.0,2026-03-11 09:53:00,BE,True,2026-03-11 09:50:30,19.25,1.93,-0.0,-0.0,6789.25,6793.75,6774.25,6789.25,BE,-0.0,14:47:00,14:53:00,2026-03,vendata,20.474999999999994,107.0
26,2026-03-17,2026-03-17 09:58:15,2026-03-17 09:58:30,SHORT,NQ,NQ,25080.75,25098.0,25005.75,25098.0,2026-03-17 10:00:00,SL,False,,17.25,1.73,-17.25,-1.725,6802.0,6805.75,6787.0,6787.0,TP,7.5,14:58:30,15:00:00,2026-03,vendata,18.749999999999993,114.5
27,2026-03-19,2026-03-19 09:56:30,2026-03-19 09:57:00,SHORT,NQ,ES,24479.0,24517.25,24404.0,24517.25,2026-03-19 10:00:45,SL,False,,38.25,3.83,-38.25,-3.825,6642.5,6649.0,6627.5,6649.0,SL,-3.25,14:57:00,15:00:45,2026-03,vendata,14.924999999999994,111.25
28,2026-03-26,2026-03-26 09:36:15,2026-03-26 09:36:30,SHORT,NQ,NQ,24100.0,24127.5,24025.0,24127.5,2026-03-26 09:37:15,SL,False,,27.5,2.75,-27.5,-2.75,6584.75,6589.75,6569.75,6589.75,SL,-2.5,14:36:30,14:37:15,2026-03,vendata,12.174999999999994,108.75
29,2026-04-06,2026-04-06 09:55:00,2026-04-06 09:55:15,SHORT,NQ,NQ,24375.5,24403.0,24300.5,24403.0,2026-04-06 09:59:45,SL,False,,27.5,2.75,-27.5,-2.75,6638.75,6642.75,6623.75,6642.75,SL,-2.0,15:55:15,15:59:45,2026-04,vendata,9.424999999999994,106.75
30,2026-04-07,2026-04-07 09:41:30,2026-04-07 09:41:30,SHORT,NQ,NQ,24204.25,24232.5,24129.25,24232.5,2026-04-07 09:43:00,SL,False,,28.25,2.83,-28.25,-2.825,6613.5,6619.25,6598.5,6613.5,BE,-0.0,15:41:30,15:43:00,2026-04,vendata,6.599999999999993,106.75
31,2026-04-09,2026-04-09 09:48:00,2026-04-09 09:48:00,SHORT,NQ,ES,25069.0,25092.75,24994.0,24994.0,2026-04-09 10:16:00,TP,True,2026-04-09 09:51:00,23.75,2.38,75.0,7.5,6815.25,6818.5,6800.25,6818.5,SL,-1.625,15:48:00,16:16:00,2026-04,vendata,14.099999999999994,105.125
32,2026-04-13,2026-04-13 09:45:00,2026-04-13 09:45:00,SHORT,NQ,ES,25179.25,25203.5,25104.25,25179.25,2026-04-13 09:46:00,BE,True,2026-04-13 09:45:15,24.25,2.42,-0.0,-0.0,6830.25,6833.25,6815.25,6830.25,BE,-0.0,15:45:00,15:46:00,2026-04,vendata,14.099999999999994,105.125
33,2026-04-14,2026-04-14 09:58:15,2026-04-14 09:58:30,SHORT,NQ,NQ,25728.0,25740.0,25653.0,25740.0,2026-04-14 10:06:45,SL,False,,12.0,1.2,-12.0,-1.2,6956.5,6959.25,6941.5,6959.25,SL,-1.375,15:58:30,16:06:45,2026-04,vendata,12.899999999999995,103.75
34,2026-04-20,2026-04-20 09:38:00,2026-04-20 09:38:15,SHORT,NQ,NQ,26777.0,26811.25,26702.0,26777.0,2026-04-20 09:54:00,BE,True,2026-04-20 09:39:00,34.25,3.42,-0.0,-0.0,7149.5,7154.5,7134.5,7149.5,BE,-0.0,15:38:15,15:54:00,2026-04,vendata,12.899999999999995,103.75
35,2026-04-28,2026-04-28 09:51:00,2026-04-28 09:51:00,SHORT,NQ,ES,27220.5,27236.75,27145.5,27145.5,2026-04-28 09:56:00,TP,True,2026-04-28 09:52:30,16.25,1.62,75.0,7.5,7175.25,7177.5,7160.25,7177.5,SL,-1.125,15:51:00,15:56:00,2026-04,vendata,20.399999999999995,102.625
36,2026-05-05,2026-05-05 09:53:00,2026-05-05 09:53:45,SHORT,NQ,NQ,28093.5,28110.0,28018.5,28093.5,2026-05-05 09:58:15,BE,True,2026-05-05 09:54:45,16.5,1.65,-0.0,-0.0,7275.0,7276.75,7260.0,7276.75,SL,-0.875,15:53:45,15:58:15,2026-05,vendata,20.399999999999995,101.75
37,2026-05-22,2026-05-22 09:57:15,2026-05-22 09:57:30,SHORT,NQ,NQ,29597.5,29630.75,29522.5,29630.75,2026-05-22 09:59:45,SL,False,,33.25,3.33,-33.25,-3.325,7503.5,7508.0,7488.5,7508.0,SL,-2.25,15:57:30,15:59:45,2026-05,vendata,17.074999999999996,99.5
38,2026-05-25,2026-05-25 09:54:00,2026-05-25 09:54:00,SHORT,NQ,NQ,29984.0,29986.5,29909.0,29986.5,2026-05-25 09:54:45,SL,False,,2.5,0.25,-2.5,-0.25,7563.75,7564.75,7548.75,7564.75,SL,-0.5,15:54:00,15:54:45,2026-05,vendata,16.824999999999996,99.0
39,2026-05-25,2026-05-25 09:57:00,2026-05-25 09:57:15,SHORT,NQ,NQ,29988.0,29991.75,29913.0,29991.75,2026-05-25 09:57:45,SL,False,,3.75,0.38,-3.75,-0.375,7564.5,7565.25,7549.5,7565.25,SL,-0.375,15:57:15,15:57:45,2026-05,vendata,16.449999999999996,98.625
40,2026-05-28,2026-05-28 09:32:00,2026-05-28 09:32:30,SHORT,NQ,NQ,30072.25,30112.0,29997.25,29997.25,2026-05-28 09:35:15,TP,True,2026-05-28 09:33:15,39.75,3.98,75.0,7.5,7532.75,7536.0,7517.75,7532.75,BE,-0.0,15:32:30,15:35:15,2026-05,vendata,23.949999999999996,98.625
41,2026-06-01,2026-06-01 09:49:00,2026-06-01 09:49:15,SHORT,NQ,NQ,30438.5,30465.5,30363.5,30363.5,2026-06-01 09:55:15,TP,True,2026-06-01 09:51:45,27.0,2.7,75.0,7.5,7592.25,7596.0,7577.25,7596.0,SL,-1.875,15:49:15,15:55:15,2026-06,vendata,31.449999999999996,96.75
42,2026-06-16,2026-06-16 09:45:00,2026-06-16 09:45:00,SHORT,NQ,NQ,30816.0,30850.0,30741.0,30850.0,2026-06-16 09:46:15,SL,False,,34.0,3.4,-34.0,-3.4,7630.0,7632.75,7615.0,7632.75,SL,-1.375,15:45:00,15:46:15,2026-06,vendata,28.049999999999997,95.375
43,2026-06-16,2026-06-16 09:53:15,2026-06-16 09:53:30,SHORT,NQ,NQ,30851.25,30883.0,30776.25,30883.0,2026-06-16 09:55:00,SL,False,,31.75,3.17,-31.75,-3.175,7630.25,7634.5,7615.25,7630.25,BE,-0.0,15:53:30,15:55:00,2026-06,vendata,24.874999999999996,95.375
44,2026-06-17,2026-06-17 09:38:00,2026-06-17 09:38:00,SHORT,NQ,NQ,30437.0,30474.25,30362.0,30437.0,2026-06-17 09:40:45,BE,True,2026-06-17 09:38:30,37.25,3.73,-0.0,-0.0,7589.25,7593.25,7574.25,7589.25,BE,-0.0,15:38:00,15:40:45,2026-06,vendata,24.874999999999996,95.375
45,2026-06-17,2026-06-17 09:56:00,2026-06-17 09:56:00,SHORT,NQ,ES,30438.5,30477.5,30363.5,30363.5,2026-06-17 09:57:30,TP,True,2026-06-17 09:56:15,39.0,3.9,75.0,7.5,7592.75,7596.25,7577.75,7592.75,BE,-0.0,15:56:00,15:57:30,2026-06,vendata,32.375,95.375
46,2026-07-03,2026-07-03 09:50:00,2026-07-03 09:50:15,SHORT,NQ,NQ,29921.0,29933.0,29846.0,29933.0,2026-07-03 09:51:30,SL,False,,12.0,1.2,-12.0,-1.2,7550.0,7554.0,7535.0,7554.0,SL,-2.0,15:50:15,15:51:30,2026-07,vendata,31.175,93.375
47,2026-07-07,2026-07-07 09:50:00,2026-07-07 09:50:30,SHORT,NQ,NQ,29510.0,29550.0,29435.0,29510.0,2026-07-07 09:51:15,BE,True,2026-07-07 09:51:00,40.0,4.0,-0.0,-0.0,7574.75,7578.75,7559.75,7574.75,BE,-0.0,15:50:30,15:51:15,2026-07,vendata,31.175,93.375
48,2026-07-22,2026-07-22 09:48:00,2026-07-22 09:48:30,SHORT,NQ,ES,29164.5,29204.0,29089.5,29204.0,2026-07-22 09:51:15,SL,False,,39.5,3.95,-39.5,-3.95,7538.25,7541.25,7523.25,7541.25,SL,-1.5,15:48:30,15:51:15,2026-07,vendata,27.225,91.875
49,2026-07-29,2026-07-29 09:43:00,2026-07-29 09:43:00,SHORT,NQ,NQ,27874.0,27905.0,27799.0,27905.0,2026-07-29 09:44:30,SL,False,,31.0,3.1,-31.0,-3.1,7450.5,7455.0,7435.5,7455.0,SL,-2.25,15:43:00,15:44:30,2026-07,vendata,24.125,89.625
50,2026-08-07,2026-08-07 09:42:00,2026-08-07 09:42:00,SHORT,NQ,NQ,29720.5,29754.5,29645.5,29754.5,2026-08-07 09:43:15,SL,False,,34.0,3.4,-34.0,-3.4,7757.75,7764.0,7742.75,7764.0,SL,-3.125,15:42:00,15:43:15,2026-08,vendata,20.725,86.5
51,2026-08-10,2026-08-10 09:51:15,2026-08-10 09:51:15,SHORT,NQ,NQ,29799.5,29832.75,29724.5,29799.5,2026-08-10 09:58:00,BE,True,2026-08-10 09:52:45,33.25,3.33,-0.0,-0.0,7773.5,7781.0,7758.5,7773.5,BE,-0.0,15:51:15,15:58:00,2026-08,vendata,20.725,86.5
52,2026-08-14,2026-08-14 09:55:45,2026-08-14 09:56:00,SHORT,NQ,NQ,30236.5,30254.0,30161.5,30236.5,2026-08-14 10:02:15,BE,True,2026-08-14 09:57:45,17.5,1.75,-0.0,-0.0,7825.5,7828.5,7810.5,7828.5,SL,-1.5,15:56:00,16:02:15,2026-08,vendata,20.725,85.0
53,2026-08-17,2026-08-17 09:32:00,2026-08-17 09:32:00,SHORT,NQ,NQ,30239.0,30266.0,30164.0,30239.0,2026-08-17 09:33:30,BE,True,2026-08-17 09:32:45,27.0,2.7,-0.0,-0.0,7804.5,7809.5,7789.5,7789.5,TP,7.5,15:32:00,15:33:30,2026-08,vendata,20.725,92.5
54,2026-08-20,2026-08-20 09:45:00,2026-08-20 09:45:15,SHORT,NQ,NQ,29426.0,29457.0,29351.0,29351.0,2026-08-20 09:49:00,TP,True,2026-08-20 09:47:00,31.0,3.1,75.0,7.5,7712.25,7716.25,7697.25,7697.25,TP,7.5,15:45:15,15:49:00,2026-08,vendata,28.225,100.0
55,2026-08-25,2026-08-25 09:30:00,2026-08-25 09:30:00,SHORT,NQ,NQ,29292.0,29312.5,29217.0,29312.5,2026-08-25 09:30:15,SL,False,,20.5,2.05,-20.5,-2.05,7694.25,7697.25,7679.25,7697.25,SL,-1.5,15:30:00,15:30:15,2026-08,vendata,26.175,98.5
56,2026-08-25,2026-08-25 09:50:30,2026-08-25 09:50:30,SHORT,NQ,ES,29379.0,29414.75,29304.0,29304.0,2026-08-25 09:56:00,TP,True,2026-08-25 09:54:45,35.75,3.58,75.0,7.5,7697.0,7700.5,7682.0,7682.0,TP,7.5,15:50:30,15:56:00,2026-08,vendata,33.675,106.0
57,2026-09-01,2026-09-01 09:58:30,2026-09-01 09:58:30,SHORT,NQ,ES,29093.5,29130.0,29018.5,29130.0,2026-09-01 10:00:00,SL,False,,36.5,3.65,-36.5,-3.65,7644.5,7650.75,7629.5,7650.75,SL,-3.125,15:58:30,16:00:00,2026-09,vendata,30.025,102.875
58,2026-09-02,2026-09-02 09:36:00,2026-09-02 09:36:30,SHORT,NQ,ES,29059.0,29090.5,28984.0,29059.0,2026-09-02 09:37:45,BE,True,2026-09-02 09:37:00,31.5,3.15,-0.0,-0.0,7646.5,7650.25,7631.5,7646.5,BE,-0.0,15:36:30,15:37:45,2026-09,vendata,30.025,102.875
59,2026-09-02,2026-09-02 09:49:15,2026-09-02 09:49:30,SHORT,NQ,ES,29043.75,29082.5,28968.75,29043.75,2026-09-02 09:52:15,BE,True,2026-09-02 09:51:45,38.75,3.88,-0.0,-0.0,7646.75,7651.0,7631.75,7651.0,SL,-2.125,15:49:30,15:52:15,2026-09,vendata,30.025,100.75
60,2026-09-02,2026-09-02 09:55:00,2026-09-02 09:55:00,SHORT,NQ,ES,29029.75,29063.75,28954.75,29029.75,2026-09-02 09:55:45,BE,True,2026-09-02 09:55:15,34.0,3.4,-0.0,-0.0,7649.25,7652.0,7634.25,7652.0,SL,-1.375,15:55:00,15:55:45,2026-09,vendata,30.025,99.375
61,2026-09-07,2026-09-07 09:35:30,2026-09-07 09:35:30,SHORT,NQ,ES,29617.5,29640.25,29542.5,29617.5,2026-09-07 09:42:30,BE,True,2026-09-07 09:35:45,22.75,2.27,-0.0,-0.0,7714.0,7716.25,7699.0,7714.0,BE,-0.0,15:35:30,15:42:30,2026-09,vendata,30.025,99.375
62,2026-09-07,2026-09-07 09:55:00,2026-09-07 09:55:00,SHORT,NQ,ES,29624.0,29629.5,29549.0,29624.0,2026-09-07 09:56:00,BE,True,2026-09-07 09:55:15,5.5,0.55,-0.0,-0.0,7714.0,7714.5,7699.0,7714.0,BE,-0.0,15:55:00,15:56:00,2026-09,vendata,30.025,99.375
