id,day,hit_t,entry_t,side,asset,trigger_asset,entry,stop,tp,exit,exit_t,reason,moved_be,be_t,stop_dist,risk_R,pts,R,mnd
1,2024-11-08,2024-11-08 09:31:00,2024-11-08 09:31:15,LONG,NQ,ES,21214.0,21185.5,21289.0,21214.0,2024-11-08 09:34:15,BE,True,2024-11-08 09:33:00,28.5,2.85,0.0,0.0,2024-11
2,2024-11-08,2024-11-08 09:38:00,2024-11-08 09:38:00,SHORT,NQ,NQ,21213.25,21230.25,21138.25,21213.25,2024-11-08 09:47:30,BE,True,2024-11-08 09:45:00,17.0,1.7,-0.0,-0.0,2024-11
3,2024-11-08,2024-11-08 09:52:00,2024-11-08 09:52:15,SHORT,NQ,ES,21206.0,21219.25,21131.0,21219.25,2024-11-08 09:53:15,SL,False,,13.25,1.32,-13.25,-1.325,2024-11
4,2024-11-08,2024-11-08 09:55:00,2024-11-08 09:55:00,LONG,NQ,ES,21220.25,21182.5,21295.25,21182.5,2024-11-08 10:05:15,SL,False,,37.75,3.77,-37.75,-3.775,2024-11
5,2024-11-11,2024-11-11 09:32:00,2024-11-11 09:32:00,LONG,NQ,ES,21285.5,21271.5,21360.5,21271.5,2024-11-11 09:32:15,SL,False,,14.0,1.4,-14.0,-1.4,2024-11
6,2024-11-12,2024-11-12 09:32:00,2024-11-12 09:32:15,SHORT,NQ,ES,21185.5,21215.5,21110.5,21215.5,2024-11-12 09:35:00,SL,False,,30.0,3.0,-30.0,-3.0,2024-11
7,2024-11-13,2024-11-13 09:33:00,2024-11-13 09:33:15,LONG,NQ,NQ,21171.25,21150.25,21246.25,21150.25,2024-11-13 09:37:30,SL,False,,21.0,2.1,-21.0,-2.1,2024-11
8,2024-11-13,2024-11-13 09:40:15,2024-11-13 09:40:30,SHORT,NQ,NQ,21146.25,21164.5,21071.25,21164.5,2024-11-13 09:41:30,SL,False,,18.25,1.82,-18.25,-1.825,2024-11
9,2024-11-14,2024-11-14 09:31:15,2024-11-14 09:31:30,LONG,NQ,NQ,21152.5,21129.75,21227.5,21152.5,2024-11-14 09:38:15,BE,True,2024-11-14 09:37:30,22.75,2.27,0.0,0.0,2024-11
10,2024-11-15,2024-11-15 09:44:45,2024-11-15 09:45:00,SHORT,NQ,ES,20693.75,20730.0,20618.75,20730.0,2024-11-15 09:49:15,SL,False,,36.25,3.62,-36.25,-3.625,2024-11
11,2024-11-18,2024-11-18 09:30:00,2024-11-18 09:30:00,SHORT,NQ,ES,20546.75,20568.75,20471.75,20546.75,2024-11-18 09:37:15,BE,True,2024-11-18 09:30:15,22.0,2.2,-0.0,-0.0,2024-11
12,2024-11-18,2024-11-18 09:39:00,2024-11-18 09:39:15,LONG,NQ,NQ,20559.5,20539.25,20634.5,20539.25,2024-11-18 09:42:45,SL,False,,20.25,2.02,-20.25,-2.025,2024-11
13,2024-11-18,2024-11-18 09:48:00,2024-11-18 09:48:00,SHORT,NQ,NQ,20517.0,20536.75,20442.0,20536.75,2024-11-18 10:00:30,SL,False,,19.75,1.98,-19.75,-1.975,2024-11
14,2024-11-19,2024-11-19 09:30:00,2024-11-19 09:30:00,LONG,NQ,NQ,20532.0,20512.25,20607.0,20532.0,2024-11-19 09:32:15,BE,True,2024-11-19 09:31:30,19.75,1.98,0.0,0.0,2024-11
15,2024-11-22,2024-11-22 09:55:00,2024-11-22 09:55:15,LONG,NQ,NQ,20817.75,20798.25,20892.75,20817.75,2024-11-22 10:03:45,BE,True,2024-11-22 09:58:30,19.5,1.95,0.0,0.0,2024-11
16,2024-11-25,2024-11-25 09:30:00,2024-11-25 09:30:00,SHORT,NQ,NQ,20993.75,21022.0,20918.75,20993.75,2024-11-25 09:32:45,BE,True,2024-11-25 09:30:30,28.25,2.83,-0.0,-0.0,2024-11
17,2024-11-25,2024-11-25 09:45:00,2024-11-25 09:45:30,SHORT,NQ,NQ,21061.0,21081.0,20986.0,20986.0,2024-11-25 09:51:30,TP,True,2024-11-25 09:48:00,20.0,2.0,75.0,7.5,2024-11
18,2024-11-26,2024-11-26 09:40:15,2024-11-26 09:40:30,SHORT,NQ,NQ,20979.0,21002.25,20904.0,20979.0,2024-11-26 09:42:30,BE,True,2024-11-26 09:41:15,23.25,2.33,-0.0,-0.0,2024-11
19,2024-11-27,2024-11-27 09:42:00,2024-11-27 09:42:00,LONG,NQ,NQ,20881.75,20868.25,20956.75,20881.75,2024-11-27 09:44:15,BE,True,2024-11-27 09:44:00,13.5,1.35,0.0,0.0,2024-11
20,2024-11-27,2024-11-27 09:56:00,2024-11-27 09:56:00,LONG,NQ,NQ,20850.0,20839.0,20925.0,20839.0,2024-11-27 10:01:15,SL,False,,11.0,1.1,-11.0,-1.1,2024-11
21,2024-11-28,2024-11-28 09:43:30,2024-11-28 09:44:00,LONG,NQ,ES,20885.0,20874.5,20960.0,20885.0,2024-11-28 09:47:00,BE,True,2024-11-28 09:45:45,10.5,1.05,0.0,0.0,2024-11
22,2024-11-29,2024-11-29 09:34:30,2024-11-29 09:35:00,SHORT,NQ,ES,20812.5,20839.5,20737.5,20839.5,2024-11-29 09:36:30,SL,False,,27.0,2.7,-27.0,-2.7,2024-11
23,2024-12-03,2024-12-03 09:45:00,2024-12-03 09:45:00,LONG,NQ,ES,21195.75,21175.25,21270.75,21195.75,2024-12-03 09:46:30,BE,True,2024-12-03 09:45:15,20.5,2.05,0.0,0.0,2024-12
24,2024-12-04,2024-12-04 09:30:00,2024-12-04 09:30:00,SHORT,NQ,NQ,21414.75,21429.75,21339.75,21429.75,2024-12-04 09:30:30,SL,False,,15.0,1.5,-15.0,-1.5,2024-12
25,2024-12-04,2024-12-04 09:33:15,2024-12-04 09:33:30,LONG,NQ,ES,21429.25,21401.25,21504.25,21429.25,2024-12-04 09:34:15,BE,True,2024-12-04 09:34:00,28.0,2.8,0.0,0.0,2024-12
26,2024-12-04,2024-12-04 09:39:00,2024-12-04 09:39:00,LONG,NQ,NQ,21406.75,21397.0,21481.75,21397.0,2024-12-04 09:39:30,SL,False,,9.75,0.97,-9.75,-0.975,2024-12
27,2024-12-04,2024-12-04 09:45:00,2024-12-04 09:45:00,LONG,NQ,NQ,21419.25,21400.5,21494.25,21400.5,2024-12-04 10:00:00,SL,False,,18.75,1.88,-18.75,-1.875,2024-12
28,2024-12-05,2024-12-05 09:33:00,2024-12-05 09:33:15,SHORT,NQ,NQ,21533.5,21550.0,21458.5,21550.0,2024-12-05 09:35:30,SL,False,,16.5,1.65,-16.5,-1.65,2024-12
29,2024-12-05,2024-12-05 09:44:00,2024-12-05 09:44:45,LONG,NQ,ES,21533.75,21522.25,21608.75,21522.25,2024-12-05 09:49:45,SL,False,,11.5,1.15,-11.5,-1.15,2024-12
30,2024-12-09,2024-12-09 09:30:00,2024-12-09 09:30:00,SHORT,NQ,NQ,21610.75,21619.0,21535.75,21610.75,2024-12-09 09:31:15,BE,True,2024-12-09 09:30:15,8.25,0.82,-0.0,-0.0,2024-12
31,2024-12-09,2024-12-09 09:45:00,2024-12-09 09:45:00,LONG,NQ,NQ,21629.75,21616.75,21704.75,21629.75,2024-12-09 09:51:15,BE,True,2024-12-09 09:49:15,13.0,1.3,0.0,0.0,2024-12
32,2024-12-11,2024-12-11 09:56:00,2024-12-11 09:56:00,SHORT,NQ,ES,21673.0,21697.0,21598.0,21697.0,2024-12-11 10:00:00,SL,False,,24.0,2.4,-24.0,-2.4,2024-12
33,2024-12-12,2024-12-12 09:35:00,2024-12-12 09:35:00,LONG,NQ,ES,21683.5,21661.25,21758.5,21661.25,2024-12-12 09:36:00,SL,False,,22.25,2.23,-22.25,-2.225,2024-12
34,2024-12-12,2024-12-12 09:39:00,2024-12-12 09:39:00,LONG,NQ,ES,21689.5,21663.5,21764.5,21663.5,2024-12-12 09:50:00,SL,False,,26.0,2.6,-26.0,-2.6,2024-12
35,2024-12-16,2024-12-16 09:30:00,2024-12-16 09:30:00,LONG,NQ,ES,21907.75,21888.5,21982.75,21907.75,2024-12-16 09:31:45,BE,True,2024-12-16 09:30:15,19.25,1.93,0.0,0.0,2024-12
36,2024-12-16,2024-12-16 09:47:00,2024-12-16 09:47:30,LONG,NQ,NQ,21932.5,21921.25,22007.5,21921.25,2024-12-16 09:48:15,SL,False,,11.25,1.12,-11.25,-1.125,2024-12
37,2024-12-16,2024-12-16 09:49:00,2024-12-16 09:49:15,LONG,NQ,NQ,21934.0,21919.25,22009.0,21934.0,2024-12-16 10:21:00,BE,True,2024-12-16 09:53:15,14.75,1.48,0.0,0.0,2024-12
38,2024-12-17,2024-12-17 09:37:00,2024-12-17 09:37:15,SHORT,NQ,NQ,22291.0,22315.0,22216.0,22291.0,2024-12-17 09:37:45,BE,True,2024-12-17 09:37:30,24.0,2.4,-0.0,-0.0,2024-12
39,2024-12-17,2024-12-17 09:47:00,2024-12-17 09:47:15,LONG,NQ,NQ,22348.5,22310.5,22423.5,22310.5,2024-12-17 09:59:15,SL,False,,38.0,3.8,-38.0,-3.8,2024-12
40,2024-12-19,2024-12-19 09:58:00,2024-12-19 09:58:00,LONG,NQ,NQ,21593.5,21574.75,21668.5,21574.75,2024-12-19 09:58:45,SL,False,,18.75,1.88,-18.75,-1.875,2024-12
41,2024-12-23,2024-12-23 09:37:00,2024-12-23 09:37:30,SHORT,NQ,NQ,21636.5,21675.5,21561.5,21636.5,2024-12-23 09:45:30,BE,True,2024-12-23 09:44:30,39.0,3.9,-0.0,-0.0,2024-12
42,2024-12-24,2024-12-24 09:39:45,2024-12-24 09:40:00,LONG,NQ,NQ,21849.0,21822.25,21924.0,21924.0,2024-12-24 10:01:15,TP,False,,26.75,2.67,75.0,7.5,2024-12
43,2024-12-26,2024-12-26 09:30:15,2024-12-26 09:30:30,LONG,NQ,NQ,21979.5,21955.0,22054.5,21979.5,2024-12-26 09:43:30,BE,True,2024-12-26 09:37:00,24.5,2.45,0.0,0.0,2024-12
44,2024-12-26,2024-12-26 09:44:00,2024-12-26 09:44:15,SHORT,NQ,ES,21978.5,21994.25,21903.5,21903.5,2024-12-26 09:53:15,TP,True,2024-12-26 09:49:00,15.75,1.57,75.0,7.5,2024-12
45,2024-12-27,2024-12-27 09:31:00,2024-12-27 09:31:00,LONG,NQ,NQ,21854.25,21838.5,21929.25,21838.5,2024-12-27 09:31:30,SL,False,,15.75,1.57,-15.75,-1.575,2024-12
46,2024-12-27,2024-12-27 09:57:00,2024-12-27 09:57:15,LONG,NQ,NQ,21708.25,21692.0,21783.25,21692.0,2024-12-27 09:59:30,SL,False,,16.25,1.62,-16.25,-1.625,2024-12
47,2024-12-30,2024-12-30 09:52:15,2024-12-30 09:52:15,LONG,NQ,ES,21352.75,21320.75,21427.75,21320.75,2024-12-30 09:54:00,SL,False,,32.0,3.2,-32.0,-3.2,2024-12
48,2025-01-06,2025-01-06 09:51:30,2025-01-06 09:51:45,SHORT,NQ,NQ,21819.0,21839.25,21744.0,21839.25,2025-01-06 09:53:00,SL,False,,20.25,2.02,-20.25,-2.025,2025-01
49,2025-01-07,2025-01-07 09:41:00,2025-01-07 09:41:15,LONG,NQ,NQ,21723.5,21695.75,21798.5,21723.5,2025-01-07 09:57:15,BE,True,2025-01-07 09:44:00,27.75,2.77,0.0,0.0,2025-01
50,2025-01-08,2025-01-08 09:36:00,2025-01-08 09:36:00,SHORT,NQ,ES,21350.5,21384.75,21275.5,21350.5,2025-01-08 09:42:15,BE,True,2025-01-08 09:38:30,34.25,3.42,-0.0,-0.0,2025-01
51,2025-01-10,2025-01-10 09:57:00,2025-01-10 09:57:00,LONG,NQ,ES,21049.0,21028.0,21124.0,21049.0,2025-01-10 09:59:15,BE,True,2025-01-10 09:57:45,21.0,2.1,0.0,0.0,2025-01
52,2025-01-13,2025-01-13 09:42:00,2025-01-13 09:42:00,SHORT,NQ,ES,20706.25,20729.5,20631.25,20729.5,2025-01-13 09:43:00,SL,False,,23.25,2.33,-23.25,-2.325,2025-01
53,2025-01-14,2025-01-14 09:30:00,2025-01-14 09:30:00,SHORT,NQ,NQ,21047.25,21082.25,20972.25,21047.25,2025-01-14 09:31:00,BE,True,2025-01-14 09:30:45,35.0,3.5,-0.0,-0.0,2025-01
54,2025-01-14,2025-01-14 09:46:30,2025-01-14 09:46:45,SHORT,NQ,NQ,21081.5,21115.5,21006.5,21006.5,2025-01-14 09:53:45,TP,True,2025-01-14 09:47:00,34.0,3.4,75.0,7.5,2025-01
55,2025-01-15,2025-01-15 09:53:15,2025-01-15 09:53:30,SHORT,NQ,NQ,21312.75,21341.75,21237.75,21341.75,2025-01-15 10:00:00,SL,False,,29.0,2.9,-29.0,-2.9,2025-01
56,2025-01-16,2025-01-16 09:37:00,2025-01-16 09:37:00,SHORT,NQ,NQ,21429.0,21450.5,21354.0,21450.5,2025-01-16 09:39:45,SL,False,,21.5,2.15,-21.5,-2.15,2025-01
57,2025-01-17,2025-01-17 09:56:30,2025-01-17 09:56:45,LONG,NQ,ES,21540.0,21521.0,21615.0,21521.0,2025-01-17 09:58:15,SL,False,,19.0,1.9,-19.0,-1.9,2025-01
58,2025-01-20,2025-01-20 09:39:45,2025-01-20 09:40:00,SHORT,NQ,ES,21737.5,21753.5,21662.5,21753.5,2025-01-20 09:40:45,SL,False,,16.0,1.6,-16.0,-1.6,2025-01
59,2025-01-20,2025-01-20 09:46:00,2025-01-20 09:46:00,SHORT,NQ,NQ,21762.0,21776.0,21687.0,21687.0,2025-01-20 10:21:30,TP,True,2025-01-20 09:57:30,14.0,1.4,75.0,7.5,2025-01
60,2025-01-21,2025-01-21 09:30:00,2025-01-21 09:30:00,LONG,NQ,ES,21717.25,21694.75,21792.25,21694.75,2025-01-21 09:30:45,SL,False,,22.5,2.25,-22.5,-2.25,2025-01
61,2025-01-21,2025-01-21 09:34:00,2025-01-21 09:34:00,LONG,NQ,NQ,21700.25,21690.25,21775.25,21690.25,2025-01-21 09:34:45,SL,False,,10.0,1.0,-10.0,-1.0,2025-01
62,2025-01-22,2025-01-22 09:40:00,2025-01-22 09:40:00,LONG,NQ,ES,21959.5,21934.5,22034.5,21959.5,2025-01-22 09:40:30,BE,True,2025-01-22 09:40:15,25.0,2.5,0.0,0.0,2025-01
63,2025-01-22,2025-01-22 09:42:45,2025-01-22 09:43:00,SHORT,NQ,NQ,21944.0,21969.0,21869.0,21969.0,2025-01-22 09:45:30,SL,False,,25.0,2.5,-25.0,-2.5,2025-01
64,2025-01-23,2025-01-23 09:39:00,2025-01-23 09:39:00,LONG,NQ,NQ,21895.5,21882.0,21970.5,21882.0,2025-01-23 09:56:30,SL,False,,13.5,1.35,-13.5,-1.35,2025-01
65,2025-01-23,2025-01-23 09:58:15,2025-01-23 09:58:30,SHORT,NQ,ES,21888.25,21909.75,21813.25,21909.75,2025-01-23 10:33:00,SL,False,,21.5,2.15,-21.5,-2.15,2025-01
66,2025-01-24,2025-01-24 09:33:00,2025-01-24 09:33:00,SHORT,NQ,ES,22016.0,22044.25,21941.0,22016.0,2025-01-24 09:36:00,BE,True,2025-01-24 09:35:45,28.25,2.83,-0.0,-0.0,2025-01
67,2025-01-24,2025-01-24 09:44:00,2025-01-24 09:44:30,SHORT,NQ,ES,22027.0,22042.5,21952.0,22042.5,2025-01-24 09:45:00,SL,False,,15.5,1.55,-15.5,-1.55,2025-01
68,2025-01-31,2025-01-31 09:47:15,2025-01-31 09:47:30,LONG,NQ,NQ,21828.5,21800.25,21903.5,21903.5,2025-01-31 10:02:30,TP,True,2025-01-31 09:52:15,28.25,2.83,75.0,7.5,2025-01
69,2025-02-03,2025-02-03 09:45:00,2025-02-03 09:45:00,SHORT,NQ,NQ,21250.75,21279.25,21175.75,21175.75,2025-02-03 09:53:45,TP,True,2025-02-03 09:46:45,28.5,2.85,75.0,7.5,2025-02
70,2025-02-05,2025-02-05 09:32:15,2025-02-05 09:32:30,SHORT,NQ,ES,21521.0,21550.25,21446.0,21550.25,2025-02-05 09:34:15,SL,False,,29.25,2.92,-29.25,-2.925,2025-02
71,2025-02-06,2025-02-06 09:33:30,2025-02-06 09:34:00,LONG,NQ,NQ,21767.0,21738.25,21842.0,21767.0,2025-02-06 10:02:15,BE,True,2025-02-06 09:44:30,28.75,2.88,0.0,0.0,2025-02
72,2025-02-10,2025-02-10 09:33:00,2025-02-10 09:33:15,SHORT,NQ,NQ,21753.75,21769.75,21678.75,21769.75,2025-02-10 09:35:45,SL,False,,16.0,1.6,-16.0,-1.6,2025-02
73,2025-02-11,2025-02-11 09:30:00,2025-02-11 09:30:00,LONG,NQ,NQ,21718.25,21701.25,21793.25,21793.25,2025-02-11 09:36:30,TP,True,2025-02-11 09:30:15,17.0,1.7,75.0,7.5,2025-02
74,2025-02-12,2025-02-12 09:58:00,2025-02-12 09:58:00,SHORT,NQ,NQ,21671.25,21681.25,21596.25,21681.25,2025-02-12 09:58:30,SL,False,,10.0,1.0,-10.0,-1.0,2025-02
75,2025-02-13,2025-02-13 09:51:15,2025-02-13 09:51:15,LONG,NQ,NQ,21883.0,21865.0,21958.0,21958.0,2025-02-13 10:02:45,TP,True,2025-02-13 09:56:00,18.0,1.8,75.0,7.5,2025-02
76,2025-02-14,2025-02-14 09:32:00,2025-02-14 09:32:15,SHORT,NQ,ES,22108.25,22138.0,22033.25,22108.25,2025-02-14 09:38:30,BE,True,2025-02-14 09:36:30,29.75,2.98,-0.0,-0.0,2025-02
77,2025-02-14,2025-02-14 09:46:00,2025-02-14 09:46:30,LONG,NQ,NQ,22112.0,22096.0,22187.0,22112.0,2025-02-14 09:47:15,BE,True,2025-02-14 09:47:00,16.0,1.6,0.0,0.0,2025-02
78,2025-02-18,2025-02-18 09:38:15,2025-02-18 09:38:15,LONG,NQ,NQ,22240.5,22226.5,22315.5,22226.5,2025-02-18 09:44:30,SL,False,,14.0,1.4,-14.0,-1.4,2025-02
79,2025-02-18,2025-02-18 09:59:30,2025-02-18 09:59:45,SHORT,NQ,NQ,22202.5,22224.75,22127.5,22202.5,2025-02-18 10:13:00,BE,True,2025-02-18 10:01:30,22.25,2.23,-0.0,-0.0,2025-02
80,2025-02-19,2025-02-19 09:34:30,2025-02-19 09:34:30,LONG,NQ,NQ,22195.0,22176.75,22270.0,22195.0,2025-02-19 09:39:15,BE,True,2025-02-19 09:35:30,18.25,1.82,0.0,0.0,2025-02
81,2025-02-19,2025-02-19 09:53:45,2025-02-19 09:54:15,LONG,NQ,ES,22186.0,22171.25,22261.0,22171.25,2025-02-19 09:57:30,SL,False,,14.75,1.48,-14.75,-1.475,2025-02
82,2025-02-20,2025-02-20 09:37:00,2025-02-20 09:37:00,LONG,NQ,ES,22200.75,22180.25,22275.75,22180.25,2025-02-20 09:44:00,SL,False,,20.5,2.05,-20.5,-2.05,2025-02
83,2025-02-24,2025-02-24 09:41:00,2025-02-24 09:41:15,LONG,NQ,NQ,21717.0,21698.0,21792.0,21698.0,2025-02-24 09:41:45,SL,False,,19.0,1.9,-19.0,-1.9,2025-02
84,2025-02-25,2025-02-25 09:43:00,2025-02-25 09:43:00,SHORT,NQ,ES,21327.75,21364.5,21252.75,21327.75,2025-02-25 09:45:30,BE,True,2025-02-25 09:44:45,36.75,3.67,-0.0,-0.0,2025-02
85,2025-02-26,2025-02-26 09:36:00,2025-02-26 09:36:15,LONG,NQ,NQ,21218.25,21189.0,21293.25,21218.25,2025-02-26 09:42:15,BE,True,2025-02-26 09:37:30,29.25,2.92,0.0,0.0,2025-02
86,2025-02-28,2025-02-28 09:50:30,2025-02-28 09:50:45,SHORT,NQ,NQ,20590.75,20620.75,20515.75,20620.75,2025-02-28 09:51:15,SL,False,,30.0,3.0,-30.0,-3.0,2025-02
87,2025-03-05,2025-03-05 09:33:15,2025-03-05 09:33:15,SHORT,NQ,NQ,20393.5,20431.0,20318.5,20431.0,2025-03-05 09:35:15,SL,False,,37.5,3.75,-37.5,-3.75,2025-03
88,2025-03-06,2025-03-06 09:50:00,2025-03-06 09:50:00,LONG,NQ,NQ,20296.5,20267.25,20371.5,20296.5,2025-03-06 09:53:45,BE,True,2025-03-06 09:50:15,29.25,2.92,0.0,0.0,2025-03
89,2025-03-06,2025-03-06 09:57:00,2025-03-06 09:57:00,SHORT,NQ,NQ,20269.0,20308.0,20194.0,20308.0,2025-03-06 10:00:45,SL,False,,39.0,3.9,-39.0,-3.9,2025-03
90,2025-03-11,2025-03-11 09:31:00,2025-03-11 09:31:00,LONG,NQ,NQ,19435.25,19411.75,19510.25,19411.75,2025-03-11 09:32:00,SL,False,,23.5,2.35,-23.5,-2.35,2025-03
91,2025-03-13,2025-03-13 09:42:00,2025-03-13 09:42:00,LONG,NQ,ES,19544.25,19511.5,19619.25,19511.5,2025-03-13 09:43:15,SL,False,,32.75,3.27,-32.75,-3.275,2025-03
92,2025-03-14,2025-03-14 09:52:00,2025-03-14 09:52:00,SHORT,NQ,ES,19594.0,19620.75,19519.0,19519.0,2025-03-14 10:00:00,TP,True,2025-03-14 09:57:15,26.75,2.67,75.0,7.5,2025-03
93,2025-03-19,2025-03-19 09:35:00,2025-03-19 09:35:15,SHORT,NQ,ES,19778.75,19814.0,19703.75,19778.75,2025-03-19 09:38:15,BE,True,2025-03-19 09:36:00,35.25,3.52,-0.0,-0.0,2025-03
94,2025-03-21,2025-03-21 09:50:00,2025-03-21 09:50:15,LONG,NQ,NQ,19712.5,19692.25,19787.5,19712.5,2025-03-21 09:51:00,BE,True,2025-03-21 09:50:45,20.25,2.02,0.0,0.0,2025-03
95,2025-03-21,2025-03-21 09:57:00,2025-03-21 09:57:15,LONG,NQ,NQ,19721.5,19706.0,19796.5,19721.5,2025-03-21 09:59:15,BE,True,2025-03-21 09:58:00,15.5,1.55,0.0,0.0,2025-03
96,2025-03-25,2025-03-25 09:31:00,2025-03-25 09:31:15,LONG,NQ,ES,20417.5,20386.0,20492.5,20386.0,2025-03-25 09:36:00,SL,False,,31.5,3.15,-31.5,-3.15,2025-03
97,2025-03-26,2025-03-26 09:31:00,2025-03-26 09:31:15,LONG,NQ,NQ,20446.25,20432.5,20521.25,20446.25,2025-03-26 09:32:30,BE,True,2025-03-26 09:32:15,13.75,1.38,0.0,0.0,2025-03
98,2025-03-26,2025-03-26 09:42:15,2025-03-26 09:42:30,SHORT,NQ,NQ,20439.75,20465.0,20364.75,20439.75,2025-03-26 09:43:45,BE,True,2025-03-26 09:43:30,25.25,2.52,-0.0,-0.0,2025-03
99,2025-04-16,2025-04-16 09:42:00,2025-04-16 09:42:15,LONG,NQ,NQ,18674.5,18642.25,18749.5,18674.5,2025-04-16 09:43:00,BE,True,2025-04-16 09:42:45,32.25,3.23,0.0,0.0,2025-04
100,2025-04-17,2025-04-17 09:40:00,2025-04-17 09:40:15,LONG,NQ,NQ,18406.0,18383.75,18481.0,18406.0,2025-04-17 09:45:00,BE,True,2025-04-17 09:41:15,22.25,2.23,0.0,0.0,2025-04
101,2025-04-17,2025-04-17 09:57:15,2025-04-17 09:57:15,SHORT,NQ,ES,18444.75,18482.0,18369.75,18444.75,2025-04-17 09:58:15,BE,True,2025-04-17 09:58:00,37.25,3.73,-0.0,-0.0,2025-04
102,2025-04-21,2025-04-21 09:34:00,2025-04-21 09:34:15,SHORT,NQ,NQ,18140.0,18157.25,18065.0,18157.25,2025-04-21 09:35:15,SL,False,,17.25,1.73,-17.25,-1.725,2025-04
103,2025-04-21,2025-04-21 09:43:00,2025-04-21 09:43:00,SHORT,NQ,NQ,18091.75,18113.5,18016.75,18091.75,2025-04-21 09:48:45,BE,True,2025-04-21 09:47:00,21.75,2.17,-0.0,-0.0,2025-04
104,2025-04-22,2025-04-22 09:34:00,2025-04-22 09:34:45,SHORT,NQ,NQ,18111.0,18146.0,18036.0,18146.0,2025-04-22 09:38:00,SL,False,,35.0,3.5,-35.0,-3.5,2025-04
105,2025-04-25,2025-04-25 09:30:00,2025-04-25 09:30:00,LONG,NQ,NQ,19316.5,19294.0,19391.5,19294.0,2025-04-25 09:31:30,SL,False,,22.5,2.25,-22.5,-2.25,2025-04
106,2025-04-25,2025-04-25 09:55:00,2025-04-25 09:55:00,LONG,NQ,NQ,19264.5,19240.5,19339.5,19339.5,2025-04-25 10:01:00,TP,True,2025-04-25 10:00:00,24.0,2.4,75.0,7.5,2025-04
107,2025-04-28,2025-04-28 09:30:00,2025-04-28 09:30:00,SHORT,NQ,NQ,19537.25,19554.75,19462.25,19554.75,2025-04-28 09:30:45,SL,False,,17.5,1.75,-17.5,-1.75,2025-04
108,2025-04-29,2025-04-29 09:38:00,2025-04-29 09:38:15,SHORT,NQ,NQ,19421.5,19444.5,19346.5,19421.5,2025-04-29 09:39:15,BE,True,2025-04-29 09:38:30,23.0,2.3,-0.0,-0.0,2025-04
109,2025-04-29,2025-04-29 09:52:00,2025-04-29 09:52:15,SHORT,NQ,ES,19498.0,19530.5,19423.0,19498.0,2025-04-29 10:00:15,BE,True,2025-04-29 10:00:00,32.5,3.25,-0.0,-0.0,2025-04
110,2025-05-01,2025-05-01 09:35:00,2025-05-01 09:35:00,SHORT,NQ,NQ,19933.75,19953.0,19858.75,19953.0,2025-05-01 09:36:45,SL,False,,19.25,1.93,-19.25,-1.925,2025-05
111,2025-05-02,2025-05-02 09:32:45,2025-05-02 09:33:00,LONG,NQ,NQ,20112.25,20080.0,20187.25,20080.0,2025-05-02 09:35:15,SL,False,,32.25,3.23,-32.25,-3.225,2025-05
112,2025-05-05,2025-05-05 09:34:00,2025-05-05 09:34:00,LONG,NQ,NQ,20021.75,20011.0,20096.75,20021.75,2025-05-05 09:39:45,BE,True,2025-05-05 09:35:00,10.75,1.07,0.0,0.0,2025-05
113,2025-05-05,2025-05-05 09:56:30,2025-05-05 09:56:45,LONG,NQ,NQ,20054.5,20025.75,20129.5,20054.5,2025-05-05 09:59:45,BE,True,2025-05-05 09:57:00,28.75,2.88,0.0,0.0,2025-05
114,2025-05-06,2025-05-06 09:30:00,2025-05-06 09:30:00,LONG,NQ,NQ,19797.0,19789.5,19872.0,19797.0,2025-05-06 09:30:30,BE,True,2025-05-06 09:30:15,7.5,0.75,0.0,0.0,2025-05
115,2025-05-06,2025-05-06 09:45:00,2025-05-06 09:45:00,SHORT,NQ,ES,19845.5,19864.0,19770.5,19770.5,2025-05-06 09:51:00,TP,True,2025-05-06 09:46:00,18.5,1.85,75.0,7.5,2025-05
116,2025-05-07,2025-05-07 09:35:00,2025-05-07 09:35:15,SHORT,NQ,NQ,19881.5,19909.5,19806.5,19909.5,2025-05-07 09:40:30,SL,False,,28.0,2.8,-28.0,-2.8,2025-05
117,2025-05-08,2025-05-08 09:41:15,2025-05-08 09:41:15,LONG,NQ,NQ,20120.75,20099.0,20195.75,20099.0,2025-05-08 09:47:15,SL,False,,21.75,2.17,-21.75,-2.175,2025-05
118,2025-05-09,2025-05-09 09:35:00,2025-05-09 09:35:15,LONG,NQ,ES,20264.75,20232.75,20339.75,20232.75,2025-05-09 09:44:00,SL,False,,32.0,3.2,-32.0,-3.2,2025-05
119,2025-05-12,2025-05-12 09:30:00,2025-05-12 09:30:00,SHORT,NQ,ES,20903.0,20929.25,20828.0,20828.0,2025-05-12 09:31:45,TP,True,2025-05-12 09:30:15,26.25,2.62,75.0,7.5,2025-05
120,2025-05-13,2025-05-13 09:34:15,2025-05-13 09:34:30,LONG,NQ,ES,21029.0,20995.75,21104.0,21104.0,2025-05-13 09:53:00,TP,True,2025-05-13 09:39:00,33.25,3.33,75.0,7.5,2025-05
121,2025-05-14,2025-05-14 09:33:00,2025-05-14 09:33:00,LONG,NQ,ES,21365.5,21336.5,21440.5,21365.5,2025-05-14 09:40:30,BE,True,2025-05-14 09:34:00,29.0,2.9,0.0,0.0,2025-05
122,2025-05-14,2025-05-14 09:53:30,2025-05-14 09:53:30,SHORT,NQ,NQ,21300.0,21330.5,21225.0,21300.0,2025-05-14 09:57:00,BE,True,2025-05-14 09:56:00,30.5,3.05,-0.0,-0.0,2025-05
123,2025-05-15,2025-05-15 09:39:00,2025-05-15 09:39:15,SHORT,NQ,ES,21301.0,21323.5,21226.0,21301.0,2025-05-15 09:41:00,BE,True,2025-05-15 09:40:15,22.5,2.25,-0.0,-0.0,2025-05
124,2025-05-16,2025-05-16 09:43:30,2025-05-16 09:43:45,SHORT,NQ,NQ,21409.5,21440.0,21334.5,21440.0,2025-05-16 09:49:45,SL,False,,30.5,3.05,-30.5,-3.05,2025-05
125,2025-05-19,2025-05-19 09:54:00,2025-05-19 09:54:15,SHORT,NQ,NQ,21350.25,21365.25,21275.25,21365.25,2025-05-19 09:55:45,SL,False,,15.0,1.5,-15.0,-1.5,2025-05
126,2025-05-20,2025-05-20 09:35:30,2025-05-20 09:35:45,SHORT,NQ,ES,21414.5,21434.0,21339.5,21414.5,2025-05-20 09:37:00,BE,True,2025-05-20 09:36:15,19.5,1.95,-0.0,-0.0,2025-05
127,2025-05-21,2025-05-21 09:30:00,2025-05-21 09:30:00,LONG,NQ,ES,21293.0,21273.5,21368.0,21293.0,2025-05-21 09:30:45,BE,True,2025-05-21 09:30:30,19.5,1.95,0.0,0.0,2025-05
128,2025-05-21,2025-05-21 09:58:15,2025-05-21 09:58:30,SHORT,NQ,NQ,21374.5,21394.25,21299.5,21374.5,2025-05-21 09:59:30,BE,True,2025-05-21 09:59:15,19.75,1.98,-0.0,-0.0,2025-05
129,2025-05-22,2025-05-22 09:31:15,2025-05-22 09:31:30,LONG,NQ,ES,21186.5,21162.25,21261.5,21186.5,2025-05-22 09:32:45,BE,True,2025-05-22 09:31:45,24.25,2.42,0.0,0.0,2025-05
130,2025-05-23,2025-05-23 09:59:00,2025-05-23 09:59:15,LONG,NQ,NQ,20884.75,20872.5,20959.75,20884.75,2025-05-23 10:00:45,BE,True,2025-05-23 10:00:15,12.25,1.23,0.0,0.0,2025-05
131,2025-05-26,2025-05-26 09:48:00,2025-05-26 09:48:00,SHORT,NQ,NQ,21299.5,21302.25,21224.5,21224.5,2025-05-26 11:03:00,TP,True,2025-05-26 09:50:30,2.75,0.28,75.0,7.5,2025-05
132,2025-05-27,2025-05-27 09:50:00,2025-05-27 09:50:00,SHORT,NQ,ES,21260.0,21277.5,21185.0,21277.5,2025-05-27 09:50:45,SL,False,,17.5,1.75,-17.5,-1.75,2025-05
133,2025-05-28,2025-05-28 09:30:00,2025-05-28 09:30:00,LONG,NQ,NQ,21510.5,21495.0,21585.5,21510.5,2025-05-28 09:30:30,BE,True,2025-05-28 09:30:15,15.5,1.55,0.0,0.0,2025-05
134,2025-05-28,2025-05-28 09:33:30,2025-05-28 09:34:00,LONG,NQ,NQ,21518.75,21494.5,21593.75,21518.75,2025-05-28 09:46:00,BE,True,2025-05-28 09:39:00,24.25,2.42,0.0,0.0,2025-05
135,2025-05-28,2025-05-28 09:59:00,2025-05-28 09:59:15,LONG,NQ,NQ,21474.5,21461.25,21549.5,21461.25,2025-05-28 10:12:15,SL,False,,13.25,1.32,-13.25,-1.325,2025-05
136,2025-05-29,2025-05-29 09:30:00,2025-05-29 09:30:00,SHORT,NQ,NQ,21657.0,21681.75,21582.0,21657.0,2025-05-29 09:30:45,BE,True,2025-05-29 09:30:15,24.75,2.48,-0.0,-0.0,2025-05
137,2025-05-30,2025-05-30 09:47:15,2025-05-30 09:47:30,SHORT,NQ,NQ,21304.75,21328.0,21229.75,21304.75,2025-05-30 10:01:00,BE,True,2025-05-30 09:50:45,23.25,2.33,-0.0,-0.0,2025-05
138,2025-06-02,2025-06-02 09:45:00,2025-06-02 09:45:00,SHORT,NQ,NQ,21420.75,21456.25,21345.75,21345.75,2025-06-02 09:51:45,TP,True,2025-06-02 09:46:00,35.5,3.55,75.0,7.5,2025-06
139,2025-06-03,2025-06-03 09:59:00,2025-06-03 09:59:15,SHORT,NQ,NQ,21595.75,21605.75,21520.75,21605.75,2025-06-03 10:00:00,SL,False,,10.0,1.0,-10.0,-1.0,2025-06
140,2025-06-04,2025-06-04 09:32:15,2025-06-04 09:32:15,LONG,NQ,NQ,21739.5,21716.75,21814.5,21739.5,2025-06-04 09:51:45,BE,True,2025-06-04 09:34:15,22.75,2.27,0.0,0.0,2025-06
141,2025-06-06,2025-06-06 09:55:00,2025-06-06 09:55:00,SHORT,NQ,ES,21831.25,21854.5,21756.25,21831.25,2025-06-06 09:59:45,BE,True,2025-06-06 09:56:00,23.25,2.33,-0.0,-0.0,2025-06
142,2025-06-09,2025-06-09 09:40:00,2025-06-09 09:40:00,LONG,NQ,NQ,21763.0,21750.75,21838.0,21838.0,2025-06-09 10:12:15,TP,True,2025-06-09 09:42:00,12.25,1.23,75.0,7.5,2025-06
143,2025-06-10,2025-06-10 09:36:00,2025-06-10 09:36:15,LONG,NQ,NQ,21837.25,21824.0,21912.25,21837.25,2025-06-10 09:44:00,BE,True,2025-06-10 09:39:15,13.25,1.32,0.0,0.0,2025-06
144,2025-06-10,2025-06-10 09:46:30,2025-06-10 09:46:30,SHORT,NQ,ES,21849.25,21866.0,21774.25,21866.0,2025-06-10 09:49:15,SL,False,,16.75,1.68,-16.75,-1.675,2025-06
145,2025-06-11,2025-06-11 09:45:00,2025-06-11 09:45:15,SHORT,NQ,NQ,21966.5,21983.0,21891.5,21966.5,2025-06-11 09:51:00,BE,True,2025-06-11 09:46:00,16.5,1.65,-0.0,-0.0,2025-06
146,2025-06-12,2025-06-12 09:35:00,2025-06-12 09:35:15,SHORT,NQ,NQ,21845.25,21868.0,21770.25,21868.0,2025-06-12 09:38:30,SL,False,,22.75,2.27,-22.75,-2.275,2025-06
147,2025-06-13,2025-06-13 09:44:00,2025-06-13 09:44:15,SHORT,NQ,NQ,21759.0,21779.0,21684.0,21779.0,2025-06-13 09:50:45,SL,False,,20.0,2.0,-20.0,-2.0,2025-06
148,2025-06-16,2025-06-16 09:43:00,2025-06-16 09:43:00,SHORT,NQ,NQ,22077.5,22087.25,22002.5,22087.25,2025-06-16 09:43:45,SL,False,,9.75,0.97,-9.75,-0.975,2025-06
149,2025-06-16,2025-06-16 09:47:00,2025-06-16 09:47:00,SHORT,NQ,ES,22084.75,22102.75,22009.75,22084.75,2025-06-16 09:49:15,BE,True,2025-06-16 09:47:30,18.0,1.8,-0.0,-0.0,2025-06
150,2025-06-17,2025-06-17 09:36:15,2025-06-17 09:36:45,SHORT,NQ,ES,22078.0,22090.0,22003.0,22090.0,2025-06-17 09:40:15,SL,False,,12.0,1.2,-12.0,-1.2,2025-06
151,2025-06-17,2025-06-17 09:47:45,2025-06-17 09:48:00,LONG,NQ,ES,22065.75,22039.0,22140.75,22065.75,2025-06-17 09:55:45,BE,True,2025-06-17 09:52:30,26.75,2.67,0.0,0.0,2025-06
152,2025-06-18,2025-06-18 09:30:00,2025-06-18 09:30:00,SHORT,NQ,ES,21973.0,21999.75,21898.0,21973.0,2025-06-18 09:41:30,BE,True,2025-06-18 09:32:15,26.75,2.67,-0.0,-0.0,2025-06
153,2025-06-18,2025-06-18 09:43:00,2025-06-18 09:43:15,SHORT,NQ,NQ,21967.0,21978.0,21892.0,21978.0,2025-06-18 09:44:00,SL,False,,11.0,1.1,-11.0,-1.1,2025-06
154,2025-06-19,2025-06-19 09:58:30,2025-06-19 09:59:00,LONG,NQ,NQ,21692.75,21665.5,21767.75,21692.75,2025-06-19 10:34:15,BE,True,2025-06-19 10:29:15,27.25,2.73,0.0,0.0,2025-06
155,2025-06-24,2025-06-24 09:33:45,2025-06-24 09:34:00,SHORT,NQ,ES,22281.25,22314.75,22206.25,22314.75,2025-06-24 09:38:00,SL,False,,33.5,3.35,-33.5,-3.35,2025-06
156,2025-06-25,2025-06-25 09:55:00,2025-06-25 09:55:15,SHORT,NQ,NQ,22508.25,22543.5,22433.25,22508.25,2025-06-25 10:44:00,BE,True,2025-06-25 10:11:15,35.25,3.52,-0.0,-0.0,2025-06
157,2025-06-26,2025-06-26 09:55:45,2025-06-26 09:56:00,LONG,NQ,ES,22516.0,22476.5,22591.0,22591.0,2025-06-26 10:31:15,TP,True,2025-06-26 09:58:30,39.5,3.95,75.0,7.5,2025-06
158,2025-06-27,2025-06-27 09:43:15,2025-06-27 09:43:45,LONG,NQ,NQ,22736.25,22727.5,22811.25,22736.25,2025-06-27 09:47:00,BE,True,2025-06-27 09:45:30,8.75,0.88,0.0,0.0,2025-06
159,2025-06-30,2025-06-30 09:40:30,2025-06-30 09:40:30,SHORT,NQ,NQ,22831.0,22847.0,22756.0,22831.0,2025-06-30 09:59:15,BE,True,2025-06-30 09:44:00,16.0,1.6,-0.0,-0.0,2025-06
160,2025-07-01,2025-07-01 09:30:00,2025-07-01 09:30:00,LONG,NQ,NQ,22813.0,22797.25,22888.0,22813.0,2025-07-01 09:30:30,BE,True,2025-07-01 09:30:15,15.75,1.57,0.0,0.0,2025-07
161,2025-07-01,2025-07-01 09:35:00,2025-07-01 09:35:00,SHORT,NQ,NQ,22797.25,22814.0,22722.25,22814.0,2025-07-01 09:36:30,SL,False,,16.75,1.68,-16.75,-1.675,2025-07
162,2025-07-02,2025-07-02 09:34:00,2025-07-02 09:34:00,SHORT,NQ,NQ,22674.0,22688.25,22599.0,22688.25,2025-07-02 09:36:15,SL,False,,14.25,1.43,-14.25,-1.425,2025-07
163,2025-07-02,2025-07-02 09:41:00,2025-07-02 09:41:15,SHORT,NQ,ES,22680.0,22703.25,22605.0,22703.25,2025-07-02 09:45:00,SL,False,,23.25,2.33,-23.25,-2.325,2025-07
164,2025-07-03,2025-07-03 09:53:00,2025-07-03 09:53:00,SHORT,NQ,ES,22982.75,22992.5,22907.75,22992.5,2025-07-03 09:54:00,SL,False,,9.75,0.97,-9.75,-0.975,2025-07
165,2025-07-04,2025-07-04 09:31:00,2025-07-04 09:31:15,LONG,NQ,ES,22920.5,22907.75,22995.5,22907.75,2025-07-04 09:32:30,SL,False,,12.75,1.27,-12.75,-1.275,2025-07
166,2025-07-04,2025-07-04 09:47:45,2025-07-04 09:48:00,SHORT,NQ,ES,22925.75,22935.0,22850.75,22935.0,2025-07-04 10:30:30,SL,False,,9.25,0.93,-9.25,-0.925,2025-07
167,2025-07-07,2025-07-07 09:32:15,2025-07-07 09:32:45,SHORT,NQ,NQ,22952.25,22973.5,22877.25,22952.25,2025-07-07 09:42:15,BE,True,2025-07-07 09:33:30,21.25,2.12,-0.0,-0.0,2025-07
168,2025-07-07,2025-07-07 09:57:15,2025-07-07 09:57:30,LONG,NQ,NQ,22952.5,22920.25,23027.5,22920.25,2025-07-07 10:02:00,SL,False,,32.25,3.23,-32.25,-3.225,2025-07
169,2025-07-08,2025-07-08 09:38:00,2025-07-08 09:38:00,LONG,NQ,NQ,22910.25,22903.5,22985.25,22903.5,2025-07-08 09:38:45,SL,False,,6.75,0.68,-6.75,-0.675,2025-07
170,2025-07-09,2025-07-09 09:56:00,2025-07-09 09:56:15,SHORT,NQ,NQ,23081.25,23093.75,23006.25,23081.25,2025-07-09 09:59:15,BE,True,2025-07-09 09:58:00,12.5,1.25,-0.0,-0.0,2025-07
171,2025-07-10,2025-07-10 09:32:15,2025-07-10 09:33:00,SHORT,NQ,ES,23041.75,23080.25,22966.75,23041.75,2025-07-10 09:35:45,BE,True,2025-07-10 09:33:15,38.5,3.85,-0.0,-0.0,2025-07
172,2025-07-11,2025-07-11 09:30:00,2025-07-11 09:30:00,LONG,NQ,NQ,22939.5,22906.25,23014.5,22939.5,2025-07-11 09:30:45,BE,True,2025-07-11 09:30:15,33.25,3.33,0.0,0.0,2025-07
173,2025-07-11,2025-07-11 09:34:45,2025-07-11 09:35:00,SHORT,NQ,NQ,22922.75,22953.5,22847.75,22922.75,2025-07-11 09:48:30,BE,True,2025-07-11 09:37:00,30.75,3.08,-0.0,-0.0,2025-07
174,2025-07-14,2025-07-14 09:35:00,2025-07-14 09:35:00,SHORT,NQ,NQ,22929.0,22950.25,22854.0,22929.0,2025-07-14 09:35:30,BE,True,2025-07-14 09:35:15,21.25,2.12,-0.0,-0.0,2025-07
175,2025-07-15,2025-07-15 09:33:00,2025-07-15 09:33:00,SHORT,NQ,NQ,23186.0,23206.75,23111.0,23186.0,2025-07-15 10:11:45,BE,True,2025-07-15 09:34:45,20.75,2.08,-0.0,-0.0,2025-07
176,2025-07-16,2025-07-16 09:38:00,2025-07-16 09:38:15,SHORT,NQ,NQ,23023.0,23048.75,22948.0,23023.0,2025-07-16 09:42:30,BE,True,2025-07-16 09:41:45,25.75,2.58,-0.0,-0.0,2025-07
177,2025-07-17,2025-07-17 09:34:00,2025-07-17 09:34:00,SHORT,NQ,ES,23070.25,23109.0,22995.25,23109.0,2025-07-17 09:41:15,SL,False,,38.75,3.88,-38.75,-3.875,2025-07
178,2025-07-18,2025-07-18 09:35:00,2025-07-18 09:35:45,SHORT,NQ,ES,23285.25,23310.0,23210.25,23285.25,2025-07-18 09:46:30,BE,True,2025-07-18 09:38:15,24.75,2.48,-0.0,-0.0,2025-07
179,2025-07-18,2025-07-18 09:47:00,2025-07-18 09:47:00,LONG,NQ,ES,23285.75,23269.0,23360.75,23285.75,2025-07-18 09:49:30,BE,True,2025-07-18 09:48:30,16.75,1.68,0.0,0.0,2025-07
180,2025-07-18,2025-07-18 09:55:00,2025-07-18 09:55:15,SHORT,NQ,ES,23260.25,23295.0,23185.25,23260.25,2025-07-18 09:58:15,BE,True,2025-07-18 09:57:00,34.75,3.48,-0.0,-0.0,2025-07
181,2025-07-21,2025-07-21 09:30:00,2025-07-21 09:30:00,LONG,NQ,ES,23275.25,23249.75,23350.25,23350.25,2025-07-21 09:45:00,TP,True,2025-07-21 09:30:15,25.5,2.55,75.0,7.5,2025-07
182,2025-07-23,2025-07-23 09:40:00,2025-07-23 09:40:30,SHORT,NQ,NQ,23222.25,23235.0,23147.25,23222.25,2025-07-23 09:41:15,BE,True,2025-07-23 09:40:45,12.75,1.27,-0.0,-0.0,2025-07
183,2025-07-24,2025-07-24 09:39:15,2025-07-24 09:39:30,SHORT,NQ,NQ,23351.5,23374.75,23276.5,23374.75,2025-07-24 09:45:30,SL,False,,23.25,2.33,-23.25,-2.325,2025-07
184,2025-07-25,2025-07-25 09:35:00,2025-07-25 09:35:00,LONG,NQ,NQ,23368.75,23353.75,23443.75,23368.75,2025-07-25 09:36:00,BE,True,2025-07-25 09:35:15,15.0,1.5,0.0,0.0,2025-07
185,2025-07-25,2025-07-25 09:56:00,2025-07-25 09:56:00,LONG,NQ,ES,23405.75,23390.5,23480.75,23390.5,2025-07-25 09:57:30,SL,False,,15.25,1.52,-15.25,-1.525,2025-07
186,2025-07-28,2025-07-28 09:45:00,2025-07-28 09:45:00,LONG,NQ,NQ,23500.0,23490.75,23575.0,23500.0,2025-07-28 09:48:30,BE,True,2025-07-28 09:45:15,9.25,0.93,0.0,0.0,2025-07
187,2025-07-28,2025-07-28 09:50:00,2025-07-28 09:50:00,LONG,NQ,ES,23502.75,23488.5,23577.75,23502.75,2025-07-28 09:55:15,BE,True,2025-07-28 09:54:15,14.25,1.43,0.0,0.0,2025-07
188,2025-07-28,2025-07-28 09:56:15,2025-07-28 09:56:30,SHORT,NQ,NQ,23508.0,23520.5,23433.0,23520.5,2025-07-28 09:59:45,SL,False,,12.5,1.25,-12.5,-1.25,2025-07
189,2025-07-29,2025-07-29 09:42:15,2025-07-29 09:42:30,SHORT,NQ,NQ,23635.0,23645.75,23560.0,23560.0,2025-07-29 09:50:45,TP,True,2025-07-29 09:43:15,10.75,1.07,75.0,7.5,2025-07
190,2025-07-30,2025-07-30 09:31:00,2025-07-30 09:31:15,SHORT,NQ,NQ,23473.0,23491.0,23398.0,23473.0,2025-07-30 09:33:45,BE,True,2025-07-30 09:32:30,18.0,1.8,-0.0,-0.0,2025-07
191,2025-07-30,2025-07-30 09:47:00,2025-07-30 09:47:15,SHORT,NQ,ES,23508.5,23526.25,23433.5,23508.5,2025-07-30 10:22:30,BE,True,2025-07-30 09:50:15,17.75,1.77,-0.0,-0.0,2025-07
192,2025-08-01,2025-08-01 09:56:00,2025-08-01 09:56:00,LONG,NQ,ES,22895.75,22872.5,22970.75,22872.5,2025-08-01 09:59:15,SL,False,,23.25,2.33,-23.25,-2.325,2025-08
193,2025-08-04,2025-08-04 09:51:00,2025-08-04 09:51:00,SHORT,NQ,NQ,23209.0,23220.0,23134.0,23220.0,2025-08-04 09:54:00,SL,False,,11.0,1.1,-11.0,-1.1,2025-08
194,2025-08-05,2025-08-05 09:30:00,2025-08-05 09:30:00,LONG,NQ,NQ,23354.25,23341.75,23429.25,23341.75,2025-08-05 09:30:15,SL,False,,12.5,1.25,-12.5,-1.25,2025-08
195,2025-08-05,2025-08-05 09:51:15,2025-08-05 09:51:15,SHORT,NQ,NQ,23372.5,23393.75,23297.5,23297.5,2025-08-05 10:17:45,TP,True,2025-08-05 10:00:00,21.25,2.12,75.0,7.5,2025-08
196,2025-08-06,2025-08-06 09:33:00,2025-08-06 09:33:30,LONG,NQ,ES,23203.25,23164.0,23278.25,23203.25,2025-08-06 09:35:45,BE,True,2025-08-06 09:35:00,39.25,3.92,0.0,0.0,2025-08
197,2025-08-07,2025-08-07 09:32:00,2025-08-07 09:32:15,LONG,NQ,NQ,23600.5,23582.0,23675.5,23600.5,2025-08-07 09:35:00,BE,True,2025-08-07 09:32:45,18.5,1.85,0.0,0.0,2025-08
198,2025-08-08,2025-08-08 09:31:45,2025-08-08 09:31:45,LONG,NQ,NQ,23563.0,23541.5,23638.0,23541.5,2025-08-08 09:34:00,SL,False,,21.5,2.15,-21.5,-2.15,2025-08
199,2025-08-08,2025-08-08 09:50:00,2025-08-08 09:50:00,SHORT,NQ,ES,23621.5,23644.5,23546.5,23644.5,2025-08-08 09:56:00,SL,False,,23.0,2.3,-23.0,-2.3,2025-08
200,2025-08-11,2025-08-11 09:32:15,2025-08-11 09:32:15,SHORT,NQ,ES,23695.75,23722.5,23620.75,23695.75,2025-08-11 09:35:00,BE,True,2025-08-11 09:33:30,26.75,2.67,-0.0,-0.0,2025-08
201,2025-08-11,2025-08-11 09:42:00,2025-08-11 09:42:00,SHORT,NQ,NQ,23706.0,23716.5,23631.0,23716.5,2025-08-11 09:42:15,SL,False,,10.5,1.05,-10.5,-1.05,2025-08
202,2025-08-11,2025-08-11 09:44:15,2025-08-11 09:44:45,LONG,NQ,ES,23728.75,23689.0,23803.75,23728.75,2025-08-11 10:04:00,BE,True,2025-08-11 09:58:00,39.75,3.98,0.0,0.0,2025-08
203,2025-08-13,2025-08-13 09:40:00,2025-08-13 09:40:00,SHORT,NQ,ES,24049.25,24063.0,23974.25,24049.25,2025-08-13 09:50:45,BE,True,2025-08-13 09:42:30,13.75,1.38,-0.0,-0.0,2025-08
204,2025-08-13,2025-08-13 09:59:00,2025-08-13 09:59:15,SHORT,NQ,NQ,24015.5,24031.5,23940.5,23940.5,2025-08-13 10:47:00,TP,True,2025-08-13 10:00:15,16.0,1.6,75.0,7.5,2025-08
205,2025-08-15,2025-08-15 09:30:00,2025-08-15 09:30:00,SHORT,NQ,ES,23888.0,23921.75,23813.0,23813.0,2025-08-15 09:45:45,TP,True,2025-08-15 09:30:30,33.75,3.38,75.0,7.5,2025-08
206,2025-08-18,2025-08-18 09:31:15,2025-08-18 09:31:15,LONG,NQ,ES,23804.5,23768.0,23879.5,23804.5,2025-08-18 09:35:15,BE,True,2025-08-18 09:34:15,36.5,3.65,0.0,0.0,2025-08
207,2025-08-18,2025-08-18 09:35:15,2025-08-18 09:35:30,LONG,NQ,ES,23812.5,23781.0,23887.5,23781.0,2025-08-18 09:41:45,SL,False,,31.5,3.15,-31.5,-3.15,2025-08
208,2025-08-19,2025-08-19 09:30:00,2025-08-19 09:30:00,LONG,NQ,NQ,23764.25,23757.75,23839.25,23757.75,2025-08-19 09:30:30,SL,False,,6.5,0.65,-6.5,-0.65,2025-08
209,2025-08-20,2025-08-20 09:40:00,2025-08-20 09:40:15,SHORT,NQ,NQ,23364.5,23384.75,23289.5,23364.5,2025-08-20 09:42:45,BE,True,2025-08-20 09:41:00,20.25,2.02,-0.0,-0.0,2025-08
210,2025-08-21,2025-08-21 09:30:00,2025-08-21 09:30:00,LONG,NQ,NQ,23262.25,23256.75,23337.25,23256.75,2025-08-21 09:30:15,SL,False,,5.5,0.55,-5.5,-0.55,2025-08
211,2025-08-21,2025-08-21 09:36:15,2025-08-21 09:36:30,LONG,NQ,NQ,23262.25,23224.0,23337.25,23262.25,2025-08-21 09:40:00,BE,True,2025-08-21 09:37:15,38.25,3.83,0.0,0.0,2025-08
212,2025-08-21,2025-08-21 09:45:00,2025-08-21 09:45:00,SHORT,NQ,NQ,23244.75,23266.5,23169.75,23244.75,2025-08-21 09:48:00,BE,True,2025-08-21 09:45:15,21.75,2.17,-0.0,-0.0,2025-08
213,2025-08-22,2025-08-22 09:52:00,2025-08-22 09:52:00,SHORT,NQ,NQ,23322.25,23342.25,23247.25,23247.25,2025-08-22 09:58:45,TP,True,2025-08-22 09:56:45,20.0,2.0,75.0,7.5,2025-08
214,2025-08-25,2025-08-25 09:43:00,2025-08-25 09:43:00,LONG,NQ,NQ,23489.5,23478.25,23564.5,23478.25,2025-08-25 09:44:30,SL,False,,11.25,1.12,-11.25,-1.125,2025-08
215,2025-08-25,2025-08-25 09:51:00,2025-08-25 09:51:00,SHORT,NQ,ES,23480.25,23492.5,23405.25,23492.5,2025-08-25 09:52:15,SL,False,,12.25,1.23,-12.25,-1.225,2025-08
216,2025-08-26,2025-08-26 09:35:15,2025-08-26 09:35:30,SHORT,NQ,NQ,23493.5,23513.0,23418.5,23493.5,2025-08-26 09:40:00,BE,True,2025-08-26 09:38:15,19.5,1.95,-0.0,-0.0,2025-08
217,2025-08-27,2025-08-27 09:32:15,2025-08-27 09:32:30,LONG,NQ,NQ,23549.0,23524.0,23624.0,23549.0,2025-08-27 09:35:30,BE,True,2025-08-27 09:35:15,25.0,2.5,0.0,0.0,2025-08
218,2025-08-27,2025-08-27 09:53:00,2025-08-27 09:53:00,LONG,NQ,NQ,23514.25,23505.0,23589.25,23589.25,2025-08-27 10:19:30,TP,True,2025-08-27 09:54:00,9.25,0.93,75.0,7.5,2025-08
219,2025-08-28,2025-08-28 09:44:00,2025-08-28 09:44:15,SHORT,NQ,ES,23705.5,23727.75,23630.5,23630.5,2025-08-28 09:50:30,TP,True,2025-08-28 09:45:30,22.25,2.23,75.0,7.5,2025-08
220,2025-08-29,2025-08-29 09:34:30,2025-08-29 09:35:00,SHORT,NQ,NQ,23631.0,23658.75,23556.0,23631.0,2025-08-29 09:38:30,BE,True,2025-08-29 09:37:00,27.75,2.77,-0.0,-0.0,2025-08
221,2025-09-01,2025-09-01 09:55:00,2025-09-01 09:55:00,SHORT,NQ,NQ,23489.0,23493.25,23414.0,23489.0,2025-09-01 10:32:00,BE,True,2025-09-01 10:14:30,4.25,0.42,-0.0,-0.0,2025-09
222,2025-09-03,2025-09-03 09:42:00,2025-09-03 09:42:15,LONG,NQ,NQ,23393.0,23375.0,23468.0,23375.0,2025-09-03 09:48:30,SL,False,,18.0,1.8,-18.0,-1.8,2025-09
223,2025-09-03,2025-09-03 09:55:00,2025-09-03 09:55:00,LONG,NQ,NQ,23407.0,23398.5,23482.0,23398.5,2025-09-03 09:55:15,SL,False,,8.5,0.85,-8.5,-0.85,2025-09
224,2025-09-04,2025-09-04 09:53:15,2025-09-04 09:53:30,SHORT,NQ,ES,23471.75,23503.0,23396.75,23471.75,2025-09-04 09:56:15,BE,True,2025-09-04 09:55:45,31.25,3.12,-0.0,-0.0,2025-09
225,2025-09-05,2025-09-05 09:38:30,2025-09-05 09:38:45,SHORT,NQ,ES,23826.25,23853.75,23751.25,23853.75,2025-09-05 09:40:30,SL,False,,27.5,2.75,-27.5,-2.75,2025-09
226,2025-09-08,2025-09-08 09:41:30,2025-09-08 09:41:30,LONG,NQ,NQ,23831.25,23802.5,23906.25,23831.25,2025-09-08 09:50:45,BE,True,2025-09-08 09:49:45,28.75,2.88,0.0,0.0,2025-09
227,2025-09-09,2025-09-09 09:32:00,2025-09-09 09:32:15,LONG,NQ,NQ,23846.5,23823.0,23921.5,23823.0,2025-09-09 09:40:15,SL,False,,23.5,2.35,-23.5,-2.35,2025-09
228,2025-09-09,2025-09-09 09:40:30,2025-09-09 09:41:00,SHORT,NQ,NQ,23827.25,23843.25,23752.25,23843.25,2025-09-09 09:44:15,SL,False,,16.0,1.6,-16.0,-1.6,2025-09
229,2025-09-10,2025-09-10 09:37:00,2025-09-10 09:37:15,SHORT,NQ,NQ,23948.5,23976.0,23873.5,23948.5,2025-09-10 09:43:45,BE,True,2025-09-10 09:39:15,27.5,2.75,-0.0,-0.0,2025-09
230,2025-09-10,2025-09-10 09:53:30,2025-09-10 09:53:30,SHORT,NQ,NQ,23924.0,23953.0,23849.0,23953.0,2025-09-10 10:01:45,SL,False,,29.0,2.9,-29.0,-2.9,2025-09
231,2025-09-11,2025-09-11 09:36:00,2025-09-11 09:36:15,SHORT,NQ,NQ,23963.75,23987.25,23888.75,23963.75,2025-09-11 09:37:15,BE,True,2025-09-11 09:36:45,23.5,2.35,-0.0,-0.0,2025-09
232,2025-09-11,2025-09-11 09:50:00,2025-09-11 09:50:30,SHORT,NQ,ES,23946.25,23965.5,23871.25,23965.5,2025-09-11 09:51:45,SL,False,,19.25,1.93,-19.25,-1.925,2025-09
233,2025-09-12,2025-09-12 09:41:00,2025-09-12 09:41:30,LONG,NQ,NQ,24018.75,24007.25,24093.75,24018.75,2025-09-12 09:50:15,BE,True,2025-09-12 09:46:00,11.5,1.15,0.0,0.0,2025-09
234,2025-09-15,2025-09-15 09:36:00,2025-09-15 09:36:15,LONG,NQ,ES,24206.5,24188.5,24281.5,24206.5,2025-09-15 09:43:15,BE,True,2025-09-15 09:37:30,18.0,1.8,0.0,0.0,2025-09
235,2025-09-16,2025-09-16 09:35:15,2025-09-16 09:35:30,SHORT,NQ,NQ,24573.0,24593.0,24498.0,24573.0,2025-09-16 09:44:15,BE,True,2025-09-16 09:37:45,20.0,2.0,-0.0,-0.0,2025-09
236,2025-09-17,2025-09-17 09:34:00,2025-09-17 09:34:15,SHORT,NQ,ES,24502.25,24534.25,24427.25,24502.25,2025-09-17 09:34:45,BE,True,2025-09-17 09:34:30,32.0,3.2,-0.0,-0.0,2025-09
237,2025-09-17,2025-09-17 09:55:00,2025-09-17 09:55:45,SHORT,NQ,ES,24498.25,24520.5,24423.25,24423.25,2025-09-17 10:45:30,TP,True,2025-09-17 09:56:45,22.25,2.23,75.0,7.5,2025-09
238,2025-09-18,2025-09-18 09:37:00,2025-09-18 09:37:00,LONG,NQ,NQ,24710.25,24692.5,24785.25,24692.5,2025-09-18 09:38:30,SL,False,,17.75,1.77,-17.75,-1.775,2025-09
239,2025-09-18,2025-09-18 09:39:15,2025-09-18 09:39:15,SHORT,NQ,NQ,24675.0,24705.75,24600.0,24600.0,2025-09-18 09:46:30,TP,True,2025-09-18 09:40:30,30.75,3.08,75.0,7.5,2025-09
240,2025-09-19,2025-09-19 09:30:00,2025-09-19 09:30:00,SHORT,NQ,NQ,24765.25,24784.75,24690.25,24765.25,2025-09-19 09:32:00,BE,True,2025-09-19 09:31:45,19.5,1.95,-0.0,-0.0,2025-09
241,2025-09-19,2025-09-19 09:41:45,2025-09-19 09:42:00,LONG,NQ,NQ,24774.0,24737.5,24849.0,24774.0,2025-09-19 10:17:00,BE,True,2025-09-19 09:49:30,36.5,3.65,0.0,0.0,2025-09
242,2025-09-22,2025-09-22 09:35:00,2025-09-22 09:35:00,LONG,NQ,ES,24850.0,24814.25,24925.0,24850.0,2025-09-22 09:38:00,BE,True,2025-09-22 09:37:45,35.75,3.58,0.0,0.0,2025-09
243,2025-09-22,2025-09-22 09:56:30,2025-09-22 09:56:45,SHORT,NQ,ES,24867.25,24880.5,24792.25,24880.5,2025-09-22 10:02:30,SL,False,,13.25,1.32,-13.25,-1.325,2025-09
244,2025-09-23,2025-09-23 09:36:00,2025-09-23 09:36:30,SHORT,NQ,ES,24978.5,25009.75,24903.5,24978.5,2025-09-23 09:37:00,BE,True,2025-09-23 09:36:45,31.25,3.12,-0.0,-0.0,2025-09
245,2025-09-23,2025-09-23 09:40:00,2025-09-23 09:40:15,SHORT,NQ,NQ,24978.25,24990.75,24903.25,24903.25,2025-09-23 13:18:45,TP,True,2025-09-23 09:40:30,12.5,1.25,75.0,7.5,2025-09
246,2025-09-24,2025-09-24 09:43:00,2025-09-24 09:43:00,LONG,NQ,NQ,24845.5,24833.5,24920.5,24833.5,2025-09-24 09:43:45,SL,False,,12.0,1.2,-12.0,-1.2,2025-09
247,2025-09-25,2025-09-25 09:30:00,2025-09-25 09:30:00,SHORT,NQ,NQ,24559.25,24582.0,24484.25,24559.25,2025-09-25 09:33:30,BE,True,2025-09-25 09:30:15,22.75,2.27,-0.0,-0.0,2025-09
248,2025-09-26,2025-09-26 09:30:00,2025-09-26 09:30:00,SHORT,NQ,ES,24628.0,24662.5,24553.0,24628.0,2025-09-26 09:31:15,BE,True,2025-09-26 09:30:30,34.5,3.45,-0.0,-0.0,2025-09
249,2025-09-29,2025-09-29 09:39:00,2025-09-29 09:39:00,SHORT,NQ,NQ,24873.75,24888.0,24798.75,24888.0,2025-09-29 09:41:00,SL,False,,14.25,1.43,-14.25,-1.425,2025-09
250,2025-09-29,2025-09-29 09:51:00,2025-09-29 09:51:30,SHORT,NQ,NQ,24935.5,24951.75,24860.5,24951.75,2025-09-29 09:54:00,SL,False,,16.25,1.62,-16.25,-1.625,2025-09
251,2025-09-30,2025-09-30 09:30:00,2025-09-30 09:30:00,LONG,NQ,NQ,24822.75,24813.75,24897.75,24813.75,2025-09-30 09:30:30,SL,False,,9.0,0.9,-9.0,-0.9,2025-09
252,2025-10-02,2025-10-02 09:35:00,2025-10-02 09:35:15,SHORT,NQ,NQ,25121.25,25139.5,25046.25,25046.25,2025-10-02 09:41:30,TP,True,2025-10-02 09:36:30,18.25,1.82,75.0,7.5,2025-10
253,2025-10-03,2025-10-03 09:41:00,2025-10-03 09:41:00,SHORT,NQ,NQ,25150.0,25165.5,25075.0,25150.0,2025-10-03 09:47:15,BE,True,2025-10-03 09:41:15,15.5,1.55,-0.0,-0.0,2025-10
254,2025-10-06,2025-10-06 09:35:30,2025-10-06 09:35:45,SHORT,NQ,NQ,25168.5,25185.25,25093.5,25185.25,2025-10-06 09:37:15,SL,False,,16.75,1.68,-16.75,-1.675,2025-10
255,2025-10-06,2025-10-06 09:43:00,2025-10-06 09:43:00,SHORT,NQ,ES,25146.25,25176.5,25071.25,25146.25,2025-10-06 09:45:00,BE,True,2025-10-06 09:43:30,30.25,3.02,-0.0,-0.0,2025-10
256,2025-10-06,2025-10-06 09:55:00,2025-10-06 09:55:00,SHORT,NQ,NQ,25138.75,25156.25,25063.75,25156.25,2025-10-06 09:59:00,SL,False,,17.5,1.75,-17.5,-1.75,2025-10
257,2025-10-07,2025-10-07 09:30:00,2025-10-07 09:30:00,SHORT,NQ,ES,25231.25,25241.5,25156.25,25231.25,2025-10-07 09:30:30,BE,True,2025-10-07 09:30:15,10.25,1.02,-0.0,-0.0,2025-10
258,2025-10-07,2025-10-07 09:48:00,2025-10-07 09:48:15,SHORT,NQ,NQ,25236.0,25253.0,25161.0,25253.0,2025-10-07 09:55:00,SL,False,,17.0,1.7,-17.0,-1.7,2025-10
259,2025-10-08,2025-10-08 09:43:00,2025-10-08 09:43:15,SHORT,NQ,ES,25122.5,25153.0,25047.5,25153.0,2025-10-08 09:47:30,SL,False,,30.5,3.05,-30.5,-3.05,2025-10
260,2025-10-09,2025-10-09 09:34:30,2025-10-09 09:34:45,SHORT,NQ,NQ,25306.75,25325.75,25231.75,25306.75,2025-10-09 09:35:45,BE,True,2025-10-09 09:35:15,19.0,1.9,-0.0,-0.0,2025-10
261,2025-10-10,2025-10-10 09:34:45,2025-10-10 09:35:15,LONG,NQ,ES,25333.5,25293.5,25408.5,25333.5,2025-10-10 09:51:15,BE,True,2025-10-10 09:36:45,40.0,4.0,0.0,0.0,2025-10
262,2025-10-10,2025-10-10 09:56:15,2025-10-10 09:56:45,LONG,NQ,ES,25349.75,25328.25,25424.75,25349.75,2025-10-10 10:01:00,BE,True,2025-10-10 09:58:30,21.5,2.15,0.0,0.0,2025-10
263,2025-10-13,2025-10-13 09:30:00,2025-10-13 09:30:00,SHORT,NQ,NQ,24811.5,24835.75,24736.5,24835.75,2025-10-13 09:30:30,SL,False,,24.25,2.42,-24.25,-2.425,2025-10
264,2025-10-14,2025-10-14 09:31:00,2025-10-14 09:31:00,SHORT,NQ,NQ,24603.75,24641.5,24528.75,24528.75,2025-10-14 09:36:00,TP,True,2025-10-14 09:33:45,37.75,3.77,75.0,7.5,2025-10
265,2025-10-15,2025-10-15 09:36:30,2025-10-15 09:36:30,LONG,NQ,NQ,24978.5,24956.75,25053.5,24956.75,2025-10-15 09:38:00,SL,False,,21.75,2.17,-21.75,-2.175,2025-10
266,2025-10-15,2025-10-15 09:42:45,2025-10-15 09:43:00,LONG,NQ,NQ,24967.25,24940.5,25042.25,24940.5,2025-10-15 09:43:45,SL,False,,26.75,2.67,-26.75,-2.675,2025-10
267,2025-10-16,2025-10-16 09:36:00,2025-10-16 09:36:00,SHORT,NQ,NQ,25074.5,25090.25,24999.5,25074.5,2025-10-16 09:42:15,BE,True,2025-10-16 09:40:30,15.75,1.57,-0.0,-0.0,2025-10
268,2025-10-16,2025-10-16 09:57:45,2025-10-16 09:58:00,SHORT,NQ,ES,25059.5,25096.25,24984.5,25059.5,2025-10-16 10:15:45,BE,True,2025-10-16 10:12:15,36.75,3.67,-0.0,-0.0,2025-10
269,2025-10-20,2025-10-20 09:40:00,2025-10-20 09:40:00,SHORT,NQ,NQ,25204.75,25220.75,25129.75,25220.75,2025-10-20 09:49:30,SL,False,,16.0,1.6,-16.0,-1.6,2025-10
270,2025-10-20,2025-10-20 09:56:15,2025-10-20 09:56:45,SHORT,NQ,ES,25218.25,25240.0,25143.25,25240.0,2025-10-20 10:04:00,SL,False,,21.75,2.17,-21.75,-2.175,2025-10
271,2025-10-21,2025-10-21 09:31:00,2025-10-21 09:31:30,SHORT,NQ,ES,25271.75,25304.5,25196.75,25271.75,2025-10-21 09:32:15,BE,True,2025-10-21 09:32:00,32.75,3.27,-0.0,-0.0,2025-10
272,2025-10-21,2025-10-21 09:35:15,2025-10-21 09:35:15,LONG,NQ,NQ,25283.0,25256.0,25358.0,25256.0,2025-10-21 09:41:45,SL,False,,27.0,2.7,-27.0,-2.7,2025-10
273,2025-10-22,2025-10-22 09:46:00,2025-10-22 09:46:15,SHORT,NQ,NQ,25242.75,25261.5,25167.75,25261.5,2025-10-22 09:50:45,SL,False,,18.75,1.88,-18.75,-1.875,2025-10
274,2025-10-22,2025-10-22 09:53:00,2025-10-22 09:53:15,SHORT,NQ,NQ,25270.0,25278.5,25195.0,25278.5,2025-10-22 09:54:00,SL,False,,8.5,0.85,-8.5,-0.85,2025-10
275,2025-10-23,2025-10-23 09:35:00,2025-10-23 09:35:00,SHORT,NQ,NQ,25029.0,25041.25,24954.0,25041.25,2025-10-23 09:35:45,SL,False,,12.25,1.23,-12.25,-1.225,2025-10
276,2025-10-23,2025-10-23 09:58:45,2025-10-23 09:59:00,SHORT,NQ,NQ,25151.5,25173.5,25076.5,25173.5,2025-10-23 10:00:00,SL,False,,22.0,2.2,-22.0,-2.2,2025-10
277,2025-10-24,2025-10-24 09:40:00,2025-10-24 09:40:30,SHORT,NQ,NQ,25506.0,25530.5,25431.0,25530.5,2025-10-24 09:45:00,SL,False,,24.5,2.45,-24.5,-2.45,2025-10
278,2025-10-27,2025-10-27 09:47:30,2025-10-27 09:47:45,LONG,NQ,NQ,25842.25,25824.5,25917.25,25842.25,2025-10-27 09:48:15,BE,True,2025-10-27 09:48:00,17.75,1.77,0.0,0.0,2025-10
279,2025-10-28,2025-10-28 09:35:15,2025-10-28 09:35:30,SHORT,NQ,ES,26058.0,26094.75,25983.0,26058.0,2025-10-28 09:36:30,BE,True,2025-10-28 09:35:45,36.75,3.67,-0.0,-0.0,2025-10
280,2025-10-29,2025-10-29 09:32:15,2025-10-29 09:32:45,LONG,NQ,NQ,26287.5,26265.75,26362.5,26287.5,2025-10-29 09:33:15,BE,True,2025-10-29 09:33:00,21.75,2.17,0.0,0.0,2025-10
281,2025-10-31,2025-10-31 09:31:00,2025-10-31 09:31:00,SHORT,NQ,NQ,26176.75,26199.5,26101.75,26176.75,2025-10-31 09:31:30,BE,True,2025-10-31 09:31:15,22.75,2.27,-0.0,-0.0,2025-10
282,2025-11-06,2025-11-06 09:40:30,2025-11-06 09:40:30,SHORT,NQ,NQ,25633.25,25664.5,25558.25,25633.25,2025-11-06 09:45:30,BE,True,2025-11-06 09:41:00,31.25,3.12,-0.0,-0.0,2025-11
283,2025-11-06,2025-11-06 09:46:15,2025-11-06 09:46:30,LONG,NQ,ES,25638.25,25602.75,25713.25,25638.25,2025-11-06 09:49:30,BE,True,2025-11-06 09:47:00,35.5,3.55,0.0,0.0,2025-11
284,2025-11-06,2025-11-06 09:50:00,2025-11-06 09:50:15,SHORT,NQ,NQ,25636.5,25670.0,25561.5,25561.5,2025-11-06 09:52:30,TP,True,2025-11-06 09:50:30,33.5,3.35,75.0,7.5,2025-11
285,2025-11-10,2025-11-10 09:30:00,2025-11-10 09:30:00,SHORT,NQ,NQ,25528.0,25547.25,25453.0,25547.25,2025-11-10 09:30:15,SL,False,,19.25,1.93,-19.25,-1.925,2025-11
286,2025-11-10,2025-11-10 09:48:00,2025-11-10 09:48:15,SHORT,NQ,ES,25620.5,25647.0,25545.5,25620.5,2025-11-10 09:55:30,BE,True,2025-11-10 09:50:00,26.5,2.65,-0.0,-0.0,2025-11
287,2025-11-11,2025-11-11 09:38:30,2025-11-11 09:38:45,SHORT,NQ,ES,25619.0,25646.0,25544.0,25619.0,2025-11-11 09:41:00,BE,True,2025-11-11 09:40:15,27.0,2.7,-0.0,-0.0,2025-11
288,2025-11-11,2025-11-11 09:45:00,2025-11-11 09:45:00,LONG,NQ,NQ,25614.5,25600.25,25689.5,25614.5,2025-11-11 09:46:30,BE,True,2025-11-11 09:46:15,14.25,1.43,0.0,0.0,2025-11
289,2025-11-12,2025-11-12 09:59:15,2025-11-12 09:59:45,LONG,NQ,NQ,25593.25,25569.5,25668.25,25593.25,2025-11-12 10:13:15,BE,True,2025-11-12 10:01:00,23.75,2.38,0.0,0.0,2025-11
290,2025-11-19,2025-11-19 09:30:00,2025-11-19 09:30:00,SHORT,NQ,NQ,24588.0,24624.25,24513.0,24624.25,2025-11-19 09:30:30,SL,False,,36.25,3.62,-36.25,-3.625,2025-11
291,2025-11-20,2025-11-20 09:51:00,2025-11-20 09:51:30,LONG,NQ,NQ,25244.75,25212.5,25319.75,25244.75,2025-11-20 10:05:15,BE,True,2025-11-20 09:56:00,32.25,3.23,0.0,0.0,2025-11
292,2025-11-24,2025-11-24 09:58:00,2025-11-24 09:58:00,LONG,NQ,NQ,24659.75,24639.5,24734.75,24734.75,2025-11-24 10:02:30,TP,True,2025-11-24 09:59:45,20.25,2.02,75.0,7.5,2025-11
293,2025-11-27,2025-11-27 09:31:00,2025-11-27 09:31:15,LONG,NQ,ES,25311.5,25301.25,25386.5,25311.5,2025-11-27 09:32:00,BE,True,2025-11-27 09:31:45,10.25,1.02,0.0,0.0,2025-11
294,2025-11-27,2025-11-27 09:43:45,2025-11-27 09:44:15,LONG,NQ,ES,25298.0,25288.75,25373.0,25288.75,2025-11-27 09:54:30,SL,False,,9.25,0.93,-9.25,-0.925,2025-11
295,2025-11-27,2025-11-27 09:55:00,2025-11-27 09:55:00,LONG,NQ,NQ,25294.0,25288.75,25369.0,25294.0,2025-11-27 10:31:30,BE,True,2025-11-27 10:09:15,5.25,0.53,0.0,0.0,2025-11
296,2025-11-28,2025-11-28 09:33:00,2025-11-28 09:33:00,LONG,NQ,ES,25383.25,25363.0,25458.25,25383.25,2025-11-28 09:39:00,BE,True,2025-11-28 09:34:00,20.25,2.02,0.0,0.0,2025-11
297,2025-11-28,2025-11-28 09:47:00,2025-11-28 09:47:15,LONG,NQ,ES,25372.0,25352.0,25447.0,25372.0,2025-11-28 09:52:00,BE,True,2025-11-28 09:48:45,20.0,2.0,0.0,0.0,2025-11
298,2025-11-28,2025-11-28 09:52:00,2025-11-28 09:52:00,SHORT,NQ,NQ,25369.75,25395.0,25294.75,25395.0,2025-11-28 10:19:00,SL,False,,25.25,2.52,-25.25,-2.525,2025-11
299,2025-12-02,2025-12-02 09:55:45,2025-12-02 09:55:45,SHORT,NQ,NQ,25576.5,25609.75,25501.5,25609.75,2025-12-02 10:00:30,SL,False,,33.25,3.33,-33.25,-3.325,2025-12
300,2025-12-03,2025-12-03 09:37:00,2025-12-03 09:37:15,LONG,NQ,NQ,25504.5,25475.0,25579.5,25475.0,2025-12-03 09:39:15,SL,False,,29.5,2.95,-29.5,-2.95,2025-12
301,2025-12-05,2025-12-05 09:30:00,2025-12-05 09:30:00,LONG,NQ,NQ,25695.5,25674.75,25770.5,25770.5,2025-12-05 09:31:15,TP,True,2025-12-05 09:30:15,20.75,2.08,75.0,7.5,2025-12
302,2025-12-08,2025-12-08 09:41:00,2025-12-08 09:41:15,LONG,NQ,NQ,25806.5,25789.75,25881.5,25789.75,2025-12-08 09:42:00,SL,False,,16.75,1.68,-16.75,-1.675,2025-12
303,2025-12-08,2025-12-08 09:45:15,2025-12-08 09:45:45,LONG,NQ,NQ,25801.0,25771.5,25876.0,25771.5,2025-12-08 09:48:00,SL,False,,29.5,2.95,-29.5,-2.95,2025-12
304,2025-12-09,2025-12-09 09:30:00,2025-12-09 09:30:00,LONG,NQ,NQ,25637.5,25606.0,25712.5,25606.0,2025-12-09 09:30:30,SL,False,,31.5,3.15,-31.5,-3.15,2025-12
305,2025-12-10,2025-12-10 09:31:00,2025-12-10 09:31:00,SHORT,NQ,NQ,25635.5,25663.75,25560.5,25635.5,2025-12-10 09:33:30,BE,True,2025-12-10 09:31:30,28.25,2.83,-0.0,-0.0,2025-12
306,2025-12-10,2025-12-10 09:41:45,2025-12-10 09:41:45,LONG,NQ,NQ,25626.0,25603.5,25701.0,25626.0,2025-12-10 09:52:45,BE,True,2025-12-10 09:43:00,22.5,2.25,0.0,0.0,2025-12
307,2025-12-11,2025-12-11 09:30:00,2025-12-11 09:30:15,SHORT,NQ,NQ,25618.75,25654.0,25543.75,25618.75,2025-12-11 09:32:15,BE,True,2025-12-11 09:30:30,35.25,3.52,-0.0,-0.0,2025-12
308,2025-12-12,2025-12-12 09:34:45,2025-12-12 09:35:00,LONG,NQ,ES,25579.75,25549.0,25654.75,25579.75,2025-12-12 09:41:00,BE,True,2025-12-12 09:36:15,30.75,3.08,0.0,0.0,2025-12
309,2025-12-15,2025-12-15 09:31:00,2025-12-15 09:31:30,SHORT,NQ,NQ,25640.75,25668.0,25565.75,25565.75,2025-12-15 09:39:00,TP,True,2025-12-15 09:33:30,27.25,2.73,75.0,7.5,2025-12
310,2025-12-22,2025-12-22 09:30:00,2025-12-22 09:30:00,SHORT,NQ,NQ,25760.0,25785.25,25685.0,25785.25,2025-12-22 09:31:45,SL,False,,25.25,2.52,-25.25,-2.525,2025-12
311,2025-12-23,2025-12-23 09:30:00,2025-12-23 09:30:00,LONG,NQ,NQ,25668.0,25642.25,25743.0,25743.0,2025-12-23 09:47:45,TP,True,2025-12-23 09:30:15,25.75,2.58,75.0,7.5,2025-12
312,2025-12-24,2025-12-24 09:39:15,2025-12-24 09:39:45,SHORT,NQ,ES,25791.0,25822.25,25716.0,25822.25,2025-12-24 10:05:30,SL,False,,31.25,3.12,-31.25,-3.125,2025-12
313,2025-12-26,2025-12-26 09:31:45,2025-12-26 09:31:45,SHORT,NQ,NQ,25882.25,25910.25,25807.25,25910.25,2025-12-26 09:34:00,SL,False,,28.0,2.8,-28.0,-2.8,2025-12
314,2025-12-29,2025-12-29 09:34:00,2025-12-29 09:34:00,LONG,NQ,NQ,25716.5,25687.25,25791.5,25791.5,2025-12-29 09:36:45,TP,True,2025-12-29 09:36:00,29.25,2.92,75.0,7.5,2025-12
315,2025-12-30,2025-12-30 09:38:00,2025-12-30 09:38:15,LONG,NQ,NQ,25704.75,25691.5,25779.75,25691.5,2025-12-30 09:39:15,SL,False,,13.25,1.32,-13.25,-1.325,2025-12
316,2025-12-30,2025-12-30 09:48:00,2025-12-30 09:48:00,LONG,NQ,NQ,25701.5,25674.25,25776.5,25701.5,2025-12-30 10:12:00,BE,True,2025-12-30 09:49:00,27.25,2.73,0.0,0.0,2025-12
317,2025-12-31,2025-12-31 09:32:00,2025-12-31 09:32:15,SHORT,NQ,NQ,25676.0,25692.0,25601.0,25676.0,2025-12-31 09:35:15,BE,True,2025-12-31 09:33:00,16.0,1.6,-0.0,-0.0,2025-12
318,2025-12-31,2025-12-31 09:56:00,2025-12-31 09:56:15,SHORT,NQ,NQ,25624.75,25635.25,25549.75,25549.75,2025-12-31 10:55:30,TP,True,2025-12-31 10:11:30,10.5,1.05,75.0,7.5,2025-12
319,2026-01-02,2026-01-02 09:43:00,2026-01-02 09:43:00,LONG,NQ,NQ,25676.25,25651.5,25751.25,25751.25,2026-01-02 09:47:15,TP,True,2026-01-02 09:45:30,24.75,2.48,75.0,7.5,2026-01
320,2026-01-06,2026-01-06 09:30:00,2026-01-06 09:30:00,LONG,NQ,NQ,25645.5,25629.5,25720.5,25645.5,2026-01-06 09:31:15,BE,True,2026-01-06 09:30:15,16.0,1.6,0.0,0.0,2026-01
321,2026-01-06,2026-01-06 09:38:00,2026-01-06 09:38:15,SHORT,NQ,NQ,25639.75,25669.5,25564.75,25639.75,2026-01-06 09:43:45,BE,True,2026-01-06 09:41:00,29.75,2.98,-0.0,-0.0,2026-01
322,2026-01-06,2026-01-06 09:44:00,2026-01-06 09:44:00,LONG,NQ,ES,25646.75,25608.0,25721.75,25721.75,2026-01-06 09:50:15,TP,True,2026-01-06 09:45:15,38.75,3.88,75.0,7.5,2026-01
323,2026-01-07,2026-01-07 09:31:30,2026-01-07 09:32:15,SHORT,NQ,NQ,25780.75,25810.75,25705.75,25810.75,2026-01-07 09:33:00,SL,False,,30.0,3.0,-30.0,-3.0,2026-01
324,2026-01-09,2026-01-09 09:59:15,2026-01-09 09:59:45,LONG,NQ,NQ,25734.75,25715.25,25809.75,25734.75,2026-01-09 10:00:30,BE,True,2026-01-09 10:00:15,19.5,1.95,0.0,0.0,2026-01
325,2026-01-13,2026-01-13 09:48:00,2026-01-13 09:48:00,SHORT,NQ,NQ,25982.25,26002.75,25907.25,25982.25,2026-01-13 09:50:00,BE,True,2026-01-13 09:49:15,20.5,2.05,-0.0,-0.0,2026-01
326,2026-01-15,2026-01-15 09:30:00,2026-01-15 09:30:15,SHORT,NQ,NQ,25913.5,25949.0,25838.5,25913.5,2026-01-15 09:31:00,BE,True,2026-01-15 09:30:45,35.5,3.55,-0.0,-0.0,2026-01
327,2026-01-16,2026-01-16 09:33:00,2026-01-16 09:33:15,SHORT,NQ,ES,25839.25,25876.5,25764.25,25876.5,2026-01-16 09:36:45,SL,False,,37.25,3.73,-37.25,-3.725,2026-01
328,2026-01-19,2026-01-19 09:31:30,2026-01-19 09:31:30,SHORT,NQ,NQ,25282.0,25297.0,25207.0,25282.0,2026-01-19 09:52:30,BE,True,2026-01-19 09:32:30,15.0,1.5,-0.0,-0.0,2026-01
329,2026-01-19,2026-01-19 09:53:00,2026-01-19 09:53:15,SHORT,NQ,NQ,25275.25,25284.5,25200.25,25284.5,2026-01-19 09:54:30,SL,False,,9.25,0.93,-9.25,-0.925,2026-01
330,2026-01-20,2026-01-20 09:50:00,2026-01-20 09:50:15,LONG,NQ,NQ,25310.5,25278.75,25385.5,25310.5,2026-01-20 09:56:45,BE,True,2026-01-20 09:50:45,31.75,3.17,0.0,0.0,2026-01
331,2026-01-22,2026-01-22 09:36:00,2026-01-22 09:36:00,SHORT,NQ,ES,25639.75,25677.75,25564.75,25677.75,2026-01-22 09:38:00,SL,False,,38.0,3.8,-38.0,-3.8,2026-01
332,2026-01-23,2026-01-23 09:38:00,2026-01-23 09:38:15,SHORT,NQ,ES,25577.5,25615.25,25502.5,25615.25,2026-01-23 09:41:00,SL,False,,37.75,3.77,-37.75,-3.775,2026-01
333,2026-01-27,2026-01-27 09:30:00,2026-01-27 09:30:00,SHORT,NQ,ES,25971.75,26001.25,25896.75,25971.75,2026-01-27 09:30:45,BE,True,2026-01-27 09:30:15,29.5,2.95,-0.0,-0.0,2026-01
334,2026-01-27,2026-01-27 09:47:15,2026-01-27 09:47:30,LONG,NQ,NQ,25973.75,25944.0,26048.75,26048.75,2026-01-27 09:55:00,TP,True,2026-01-27 09:49:30,29.75,2.98,75.0,7.5,2026-01
335,2026-02-02,2026-02-02 09:57:15,2026-02-02 09:57:30,SHORT,NQ,NQ,25759.25,25780.25,25684.25,25759.25,2026-02-02 10:00:00,BE,True,2026-02-02 09:58:00,21.0,2.1,-0.0,-0.0,2026-02
336,2026-02-11,2026-02-11 09:45:00,2026-02-11 09:45:00,LONG,NQ,NQ,25401.0,25376.0,25476.0,25401.0,2026-02-11 09:46:30,BE,True,2026-02-11 09:45:45,25.0,2.5,0.0,0.0,2026-02
337,2026-02-11,2026-02-11 09:53:00,2026-02-11 09:53:00,SHORT,NQ,NQ,25365.75,25394.5,25290.75,25394.5,2026-02-11 09:55:00,SL,False,,28.75,2.88,-28.75,-2.875,2026-02
338,2026-02-12,2026-02-12 09:33:15,2026-02-12 09:33:45,LONG,NQ,ES,25371.0,25338.75,25446.0,25338.75,2026-02-12 09:34:30,SL,False,,32.25,3.23,-32.25,-3.225,2026-02
339,2026-02-16,2026-02-16 09:34:45,2026-02-16 09:35:00,SHORT,NQ,ES,24755.5,24776.5,24680.5,24755.5,2026-02-16 09:38:30,BE,True,2026-02-16 09:36:30,21.0,2.1,-0.0,-0.0,2026-02
340,2026-02-17,2026-02-17 09:42:00,2026-02-17 09:42:15,SHORT,NQ,NQ,24781.25,24810.0,24706.25,24706.25,2026-02-17 09:44:00,TP,True,2026-02-17 09:43:30,28.75,2.88,75.0,7.5,2026-02
341,2026-02-19,2026-02-19 09:34:00,2026-02-19 09:34:15,LONG,NQ,NQ,24857.25,24830.75,24932.25,24830.75,2026-02-19 09:35:00,SL,False,,26.5,2.65,-26.5,-2.65,2026-02
342,2026-02-25,2026-02-25 09:56:00,2026-02-25 09:56:00,SHORT,NQ,NQ,25325.75,25340.75,25250.75,25325.75,2026-02-25 09:57:45,BE,True,2026-02-25 09:57:00,15.0,1.5,-0.0,-0.0,2026-02
343,2026-02-26,2026-02-26 09:56:00,2026-02-26 09:56:00,LONG,NQ,ES,25228.25,25192.25,25303.25,25192.25,2026-02-26 09:58:00,SL,False,,36.0,3.6,-36.0,-3.6,2026-02
26,2026-03-05,2026-03-05 09:54:00,2026-03-05 09:54:00,LONG,NQ,NQ,25127.75,25106.5,25202.75,25202.75,2026-03-05 10:00:15,TP,True,2026-03-05 09:57:15,21.25,2.12,75.0,7.5,2026-03
27,2026-03-06,2026-03-06 09:55:15,2026-03-06 09:55:30,SHORT,NQ,NQ,24678.75,24705.75,24603.75,24678.75,2026-03-06 09:57:00,BE,True,2026-03-06 09:56:00,27.0,2.7,-0.0,-0.0,2026-03
28,2026-03-06,2026-03-06 09:56:45,2026-03-06 09:57:00,SHORT,NQ,NQ,24660.5,24692.5,24585.5,24660.5,2026-03-06 09:59:15,BE,True,2026-03-06 09:59:00,32.0,3.2,-0.0,-0.0,2026-03
29,2026-03-10,2026-03-10 09:52:00,2026-03-10 09:52:00,SHORT,NQ,NQ,25025.25,25045.0,24950.25,24950.25,2026-03-10 09:58:45,TP,True,2026-03-10 09:54:45,19.75,1.98,75.0,7.5,2026-03
30,2026-03-11,2026-03-11 09:47:00,2026-03-11 09:47:00,SHORT,NQ,NQ,25068.0,25087.25,24993.0,25068.0,2026-03-11 09:53:00,BE,True,2026-03-11 09:50:30,19.25,1.93,-0.0,-0.0,2026-03
31,2026-03-16,2026-03-16 09:32:00,2026-03-16 09:32:00,LONG,NQ,NQ,24888.5,24861.5,24963.5,24888.5,2026-03-16 09:40:00,BE,True,2026-03-16 09:32:45,27.0,2.7,0.0,0.0,2026-03
32,2026-03-16,2026-03-16 09:54:00,2026-03-16 09:54:30,LONG,NQ,NQ,24915.5,24900.5,24990.5,24900.5,2026-03-16 09:55:30,SL,False,,15.0,1.5,-15.0,-1.5,2026-03
33,2026-03-17,2026-03-17 09:58:15,2026-03-17 09:58:30,SHORT,NQ,NQ,25080.75,25098.0,25005.75,25098.0,2026-03-17 10:00:00,SL,False,,17.25,1.73,-17.25,-1.725,2026-03
34,2026-03-18,2026-03-18 09:35:00,2026-03-18 09:35:00,LONG,NQ,NQ,24952.75,24931.25,25027.75,24952.75,2026-03-18 09:43:30,BE,True,2026-03-18 09:36:45,21.5,2.15,0.0,0.0,2026-03
35,2026-03-18,2026-03-18 09:45:15,2026-03-18 09:45:45,LONG,NQ,ES,24957.25,24926.5,25032.25,24957.25,2026-03-18 09:50:15,BE,True,2026-03-18 09:46:45,30.75,3.08,0.0,0.0,2026-03
36,2026-03-19,2026-03-19 09:56:30,2026-03-19 09:57:00,SHORT,NQ,ES,24479.0,24517.25,24404.0,24517.25,2026-03-19 10:00:45,SL,False,,38.25,3.83,-38.25,-3.825,2026-03
37,2026-03-23,2026-03-23 09:39:00,2026-03-23 09:39:15,LONG,NQ,NQ,24524.0,24491.0,24599.0,24491.0,2026-03-23 09:41:15,SL,False,,33.0,3.3,-33.0,-3.3,2026-03
38,2026-03-24,2026-03-24 09:46:00,2026-03-24 09:46:00,LONG,NQ,ES,24192.25,24165.5,24267.25,24192.25,2026-03-24 09:48:15,BE,True,2026-03-24 09:46:15,26.75,2.67,0.0,0.0,2026-03
39,2026-03-26,2026-03-26 09:32:00,2026-03-26 09:32:00,LONG,NQ,NQ,24126.5,24098.0,24201.5,24098.0,2026-03-26 09:32:30,SL,False,,28.5,2.85,-28.5,-2.85,2026-03
40,2026-03-27,2026-03-27 09:44:45,2026-03-27 09:45:00,LONG,NQ,NQ,23599.25,23571.5,23674.25,23599.25,2026-03-27 09:50:15,BE,True,2026-03-27 09:45:15,27.75,2.77,0.0,0.0,2026-03
41,2026-04-06,2026-04-06 09:43:00,2026-04-06 09:43:00,LONG,NQ,ES,24342.75,24303.0,24417.75,24342.75,2026-04-06 09:47:15,BE,True,2026-04-06 09:46:15,39.75,3.98,0.0,0.0,2026-04
42,2026-04-06,2026-04-06 09:55:00,2026-04-06 09:55:15,SHORT,NQ,NQ,24375.5,24403.0,24300.5,24403.0,2026-04-06 09:59:45,SL,False,,27.5,2.75,-27.5,-2.75,2026-04
43,2026-04-07,2026-04-07 09:41:30,2026-04-07 09:41:30,SHORT,NQ,NQ,24204.25,24232.5,24129.25,24232.5,2026-04-07 09:43:00,SL,False,,28.25,2.83,-28.25,-2.825,2026-04
44,2026-04-08,2026-04-08 09:46:00,2026-04-08 09:46:00,LONG,NQ,NQ,25115.75,25097.25,25190.75,25115.75,2026-04-08 09:51:00,BE,True,2026-04-08 09:46:30,18.5,1.85,0.0,0.0,2026-04
45,2026-04-09,2026-04-09 09:48:00,2026-04-09 09:48:00,SHORT,NQ,ES,25069.0,25092.75,24994.0,24994.0,2026-04-09 10:16:00,TP,True,2026-04-09 09:51:00,23.75,2.38,75.0,7.5,2026-04
46,2026-04-10,2026-04-10 09:41:30,2026-04-10 09:41:45,LONG,NQ,ES,25329.25,25290.5,25404.25,25290.5,2026-04-10 10:01:15,SL,False,,38.75,3.88,-38.75,-3.875,2026-04
47,2026-04-13,2026-04-13 09:42:00,2026-04-13 09:42:00,LONG,NQ,NQ,25199.5,25185.0,25274.5,25185.0,2026-04-13 09:44:15,SL,False,,14.5,1.45,-14.5,-1.45,2026-04
48,2026-04-14,2026-04-14 09:58:15,2026-04-14 09:58:30,SHORT,NQ,NQ,25728.0,25740.0,25653.0,25740.0,2026-04-14 10:06:45,SL,False,,12.0,1.2,-12.0,-1.2,2026-04
49,2026-04-20,2026-04-20 09:38:00,2026-04-20 09:38:15,SHORT,NQ,NQ,26777.0,26811.25,26702.0,26777.0,2026-04-20 09:54:00,BE,True,2026-04-20 09:39:00,34.25,3.42,-0.0,-0.0,2026-04
50,2026-04-22,2026-04-22 09:53:15,2026-04-22 09:53:30,LONG,NQ,NQ,26845.25,26811.5,26920.25,26920.25,2026-04-22 10:14:45,TP,True,2026-04-22 10:00:30,33.75,3.38,75.0,7.5,2026-04
51,2026-04-23,2026-04-23 09:36:00,2026-04-23 09:36:15,LONG,NQ,NQ,27026.5,26997.75,27101.5,27101.5,2026-04-23 09:48:15,TP,True,2026-04-23 09:38:45,28.75,2.88,75.0,7.5,2026-04
52,2026-04-28,2026-04-28 09:51:00,2026-04-28 09:51:00,SHORT,NQ,ES,27220.5,27236.75,27145.5,27145.5,2026-04-28 09:56:00,TP,True,2026-04-28 09:52:30,16.25,1.62,75.0,7.5,2026-04
53,2026-04-29,2026-04-29 09:40:15,2026-04-29 09:40:30,LONG,NQ,ES,27190.5,27163.25,27265.5,27163.25,2026-04-29 09:45:45,SL,False,,27.25,2.73,-27.25,-2.725,2026-04
54,2026-04-30,2026-04-30 09:50:00,2026-04-30 09:50:00,LONG,NQ,NQ,27340.25,27304.0,27415.25,27304.0,2026-04-30 09:51:00,SL,False,,36.25,3.62,-36.25,-3.625,2026-04
55,2026-05-05,2026-05-05 09:53:00,2026-05-05 09:53:45,SHORT,NQ,NQ,28093.5,28110.0,28018.5,28093.5,2026-05-05 09:58:15,BE,True,2026-05-05 09:54:45,16.5,1.65,-0.0,-0.0,2026-05
56,2026-05-07,2026-05-07 09:39:00,2026-05-07 09:39:15,LONG,NQ,NQ,28769.5,28751.75,28844.5,28751.75,2026-05-07 09:42:45,SL,False,,17.75,1.77,-17.75,-1.775,2026-05
57,2026-05-07,2026-05-07 09:53:00,2026-05-07 09:53:15,LONG,NQ,ES,28762.75,28725.0,28837.75,28837.75,2026-05-07 10:07:45,TP,True,2026-05-07 09:54:30,37.75,3.77,75.0,7.5,2026-05
58,2026-05-20,2026-05-20 09:43:30,2026-05-20 09:43:30,LONG,NQ,NQ,29107.5,29086.75,29182.5,29182.5,2026-05-20 09:46:45,TP,True,2026-05-20 09:44:45,20.75,2.08,75.0,7.5,2026-05
59,2026-05-22,2026-05-22 09:55:00,2026-05-22 09:55:00,LONG,NQ,NQ,29627.75,29612.0,29702.75,29612.0,2026-05-22 09:55:30,SL,False,,15.75,1.57,-15.75,-1.575,2026-05
60,2026-05-25,2026-05-25 09:34:15,2026-05-25 09:34:30,LONG,NQ,NQ,29956.5,29943.5,30031.5,29956.5,2026-05-25 10:13:45,BE,True,2026-05-25 09:37:45,13.0,1.3,0.0,0.0,2026-05
61,2026-05-28,2026-05-28 09:32:00,2026-05-28 09:32:30,SHORT,NQ,NQ,30072.25,30112.0,29997.25,29997.25,2026-05-28 09:35:15,TP,True,2026-05-28 09:33:15,39.75,3.98,75.0,7.5,2026-05
62,2026-06-01,2026-06-01 09:49:00,2026-06-01 09:49:15,SHORT,NQ,NQ,30438.5,30465.5,30363.5,30363.5,2026-06-01 09:55:15,TP,True,2026-06-01 09:51:45,27.0,2.7,75.0,7.5,2026-06
63,2026-06-16,2026-06-16 09:45:00,2026-06-16 09:45:00,SHORT,NQ,NQ,30816.0,30850.0,30741.0,30850.0,2026-06-16 09:46:15,SL,False,,34.0,3.4,-34.0,-3.4,2026-06
64,2026-06-17,2026-06-17 09:38:00,2026-06-17 09:38:00,SHORT,NQ,NQ,30437.0,30474.25,30362.0,30437.0,2026-06-17 09:40:45,BE,True,2026-06-17 09:38:30,37.25,3.73,-0.0,-0.0,2026-06
65,2026-06-17,2026-06-17 09:56:00,2026-06-17 09:56:00,SHORT,NQ,ES,30438.5,30477.5,30363.5,30363.5,2026-06-17 09:57:30,TP,True,2026-06-17 09:56:15,39.0,3.9,75.0,7.5,2026-06
66,2026-06-19,2026-06-19 09:30:00,2026-06-19 09:30:00,LONG,NQ,NQ,30663.75,30636.75,30738.75,30663.75,2026-06-19 09:30:45,BE,True,2026-06-19 09:30:15,27.0,2.7,0.0,0.0,2026-06
67,2026-06-19,2026-06-19 09:39:30,2026-06-19 09:39:45,LONG,NQ,ES,30664.0,30631.75,30739.0,30664.0,2026-06-19 09:48:00,BE,True,2026-06-19 09:47:15,32.25,3.23,0.0,0.0,2026-06
68,2026-07-03,2026-07-03 09:50:00,2026-07-03 09:50:15,SHORT,NQ,NQ,29921.0,29933.0,29846.0,29933.0,2026-07-03 09:51:30,SL,False,,12.0,1.2,-12.0,-1.2,2026-07
69,2026-07-03,2026-07-03 09:58:30,2026-07-03 09:58:30,LONG,NQ,NQ,29931.5,29920.75,30006.5,29931.5,2026-07-03 10:03:00,BE,True,2026-07-03 10:00:00,10.75,1.07,0.0,0.0,2026-07
70,2026-07-07,2026-07-07 09:50:00,2026-07-07 09:50:30,SHORT,NQ,NQ,29510.0,29550.0,29435.0,29510.0,2026-07-07 09:51:15,BE,True,2026-07-07 09:51:00,40.0,4.0,-0.0,-0.0,2026-07
71,2026-07-14,2026-07-14 09:57:00,2026-07-14 09:57:00,LONG,NQ,NQ,29770.5,29744.0,29845.5,29770.5,2026-07-14 10:01:00,BE,True,2026-07-14 10:00:15,26.5,2.65,0.0,0.0,2026-07
72,2026-07-15,2026-07-15 09:58:15,2026-07-15 09:58:45,LONG,NQ,NQ,29807.25,29785.25,29882.25,29882.25,2026-07-15 10:06:30,TP,True,2026-07-15 10:00:00,22.0,2.2,75.0,7.5,2026-07
73,2026-07-20,2026-07-20 09:30:00,2026-07-20 09:30:00,LONG,NQ,NQ,29044.75,29021.25,29119.75,29119.75,2026-07-20 09:33:45,TP,True,2026-07-20 09:31:00,23.5,2.35,75.0,7.5,2026-07
74,2026-07-22,2026-07-22 09:48:00,2026-07-22 09:48:30,SHORT,NQ,ES,29164.5,29204.0,29089.5,29204.0,2026-07-22 09:51:15,SL,False,,39.5,3.95,-39.5,-3.95,2026-07
75,2026-07-29,2026-07-29 09:43:00,2026-07-29 09:43:00,SHORT,NQ,NQ,27874.0,27905.0,27799.0,27905.0,2026-07-29 09:44:30,SL,False,,31.0,3.1,-31.0,-3.1,2026-07
76,2026-08-07,2026-08-07 09:42:00,2026-08-07 09:42:00,SHORT,NQ,NQ,29720.5,29754.5,29645.5,29754.5,2026-08-07 09:43:15,SL,False,,34.0,3.4,-34.0,-3.4,2026-08
77,2026-08-10,2026-08-10 09:30:00,2026-08-10 09:30:00,LONG,NQ,NQ,29823.25,29794.75,29898.25,29794.75,2026-08-10 09:34:00,SL,False,,28.5,2.85,-28.5,-2.85,2026-08
78,2026-08-14,2026-08-14 09:42:00,2026-08-14 09:42:00,LONG,NQ,ES,30230.75,30195.0,30305.75,30230.75,2026-08-14 09:47:00,BE,True,2026-08-14 09:45:15,35.75,3.58,0.0,0.0,2026-08
79,2026-08-14,2026-08-14 09:55:45,2026-08-14 09:56:00,SHORT,NQ,NQ,30236.5,30254.0,30161.5,30236.5,2026-08-14 10:02:15,BE,True,2026-08-14 09:57:45,17.5,1.75,-0.0,-0.0,2026-08
80,2026-08-17,2026-08-17 09:32:00,2026-08-17 09:32:00,SHORT,NQ,NQ,30239.0,30266.0,30164.0,30239.0,2026-08-17 09:33:30,BE,True,2026-08-17 09:32:45,27.0,2.7,-0.0,-0.0,2026-08
81,2026-08-20,2026-08-20 09:45:00,2026-08-20 09:45:15,SHORT,NQ,NQ,29426.0,29457.0,29351.0,29351.0,2026-08-20 09:49:00,TP,True,2026-08-20 09:47:00,31.0,3.1,75.0,7.5,2026-08
82,2026-08-21,2026-08-21 09:45:00,2026-08-21 09:45:00,LONG,NQ,NQ,29335.75,29314.0,29410.75,29314.0,2026-08-21 09:47:45,SL,False,,21.75,2.17,-21.75,-2.175,2026-08
83,2026-08-21,2026-08-21 09:51:00,2026-08-21 09:51:00,LONG,NQ,NQ,29335.5,29308.75,29410.5,29308.75,2026-08-21 09:51:30,SL,False,,26.75,2.67,-26.75,-2.675,2026-08
84,2026-08-25,2026-08-25 09:30:00,2026-08-25 09:30:00,SHORT,NQ,NQ,29292.0,29312.5,29217.0,29312.5,2026-08-25 09:30:15,SL,False,,20.5,2.05,-20.5,-2.05,2026-08
85,2026-08-25,2026-08-25 09:41:30,2026-08-25 09:41:45,LONG,NQ,ES,29353.25,29315.0,29428.25,29353.25,2026-08-25 09:45:45,BE,True,2026-08-25 09:45:00,38.25,3.83,0.0,0.0,2026-08
86,2026-08-25,2026-08-25 09:50:30,2026-08-25 09:50:30,SHORT,NQ,ES,29379.0,29414.75,29304.0,29304.0,2026-08-25 09:56:00,TP,True,2026-08-25 09:54:45,35.75,3.58,75.0,7.5,2026-08
87,2026-08-28,2026-08-28 09:57:00,2026-08-28 09:57:30,LONG,NQ,NQ,29648.75,29631.75,29723.75,29631.75,2026-08-28 09:59:45,SL,False,,17.0,1.7,-17.0,-1.7,2026-08
88,2026-09-01,2026-09-01 09:58:30,2026-09-01 09:58:30,SHORT,NQ,ES,29093.5,29130.0,29018.5,29130.0,2026-09-01 10:00:00,SL,False,,36.5,3.65,-36.5,-3.65,2026-09
89,2026-09-02,2026-09-02 09:36:00,2026-09-02 09:36:30,SHORT,NQ,ES,29059.0,29090.5,28984.0,29059.0,2026-09-02 09:37:45,BE,True,2026-09-02 09:37:00,31.5,3.15,-0.0,-0.0,2026-09
90,2026-09-02,2026-09-02 09:49:15,2026-09-02 09:49:30,SHORT,NQ,ES,29043.75,29082.5,28968.75,29043.75,2026-09-02 09:52:15,BE,True,2026-09-02 09:51:45,38.75,3.88,-0.0,-0.0,2026-09
91,2026-09-02,2026-09-02 09:55:00,2026-09-02 09:55:00,SHORT,NQ,ES,29029.75,29063.75,28954.75,29029.75,2026-09-02 09:55:45,BE,True,2026-09-02 09:55:15,34.0,3.4,-0.0,-0.0,2026-09
92,2026-09-07,2026-09-07 09:30:00,2026-09-07 09:30:45,LONG,NQ,ES,29625.0,29607.75,29700.0,29607.75,2026-09-07 09:36:30,SL,False,,17.25,1.73,-17.25,-1.725,2026-09
93,2026-09-07,2026-09-07 09:41:00,2026-09-07 09:41:00,SHORT,NQ,ES,29608.25,29640.25,29533.25,29608.25,2026-09-07 11:03:00,BE,True,2026-09-07 10:59:45,32.0,3.2,-0.0,-0.0,2026-09
94,2026-09-09,2026-09-09 09:53:00,2026-09-09 09:53:15,LONG,NQ,NQ,29508.75,29487.75,29583.75,29583.75,2026-09-09 10:04:30,TP,True,2026-09-09 09:56:00,21.0,2.1,75.0,7.5,2026-09
