id,day,hit_t,entry_t,side,asset,trigger_asset,entry,stop,tp,exit,exit_t,reason,moved_be,be_t,stop_dist,risk_R,pts,R,t,x
1,2026-01-02,2026-01-02 09:42:15,2026-01-02 09:42:30,LONG,ES,ES,6914.0,6911.75,6929.0,6929.0,2026-01-02 09:47:15,TP,True,2026-01-02 09:45:00,2.25,1.12,15.0,7.5,15:42,15:47
1,2026-01-02,2026-01-02 09:42:15,2026-01-02 09:42:30,LONG,NQ,ES,25660.25,25638.25,25735.25,25735.25,2026-01-02 09:47:15,TP,True,2026-01-02 09:45:00,22.0,2.2,75.0,7.5,15:42,15:47
2,2026-01-05,2026-01-05 09:30:00,2026-01-05 09:30:00,LONG,ES,NQ,6941.25,6931.0,6956.25,6941.25,2026-01-05 09:42:45,BE,True,2026-01-05 09:42:30,10.25,5.12,0.0,0.0,15:30,15:42
2,2026-01-05,2026-01-05 09:30:00,2026-01-05 09:30:00,LONG,NQ,NQ,25665.75,25621.25,25740.75,25621.25,2026-01-05 09:31:30,SL,False,,44.5,4.45,-44.5,-4.45,15:30,15:31
3,2026-01-05,2026-01-05 09:33:00,2026-01-05 09:33:30,SHORT,NQ,ES,25600.0,25665.25,25525.0,25600.0,2026-01-05 09:37:00,BE,True,2026-01-05 09:35:00,65.25,6.53,-0.0,-0.0,15:33,15:37
4,2026-01-05,2026-01-05 09:37:45,2026-01-05 09:37:45,LONG,NQ,NQ,25591.0,25550.5,25666.0,25550.5,2026-01-05 09:40:30,SL,False,,40.5,4.05,-40.5,-4.05,15:37,15:40
5,2026-01-05,2026-01-05 09:42:15,2026-01-05 09:43:00,LONG,ES,NQ,6941.25,6935.5,6956.25,6941.25,2026-01-05 09:43:30,BE,True,2026-01-05 09:43:15,5.75,2.88,0.0,0.0,15:43,15:43
6,2026-01-05,2026-01-05 09:47:00,2026-01-05 09:47:15,SHORT,ES,NQ,6943.75,6947.75,6928.75,6943.75,2026-01-05 10:00:00,BE,True,2026-01-05 09:50:30,4.0,2.0,-0.0,-0.0,15:47,16:00
7,2026-01-06,2026-01-06 09:30:00,2026-01-06 09:30:00,LONG,ES,NQ,6949.5,6945.25,6964.5,6964.5,2026-01-06 09:50:45,TP,True,2026-01-06 09:44:15,4.25,2.12,15.0,7.5,15:30,15:50
7,2026-01-06,2026-01-06 09:30:00,2026-01-06 09:30:00,LONG,NQ,NQ,25645.5,25629.5,25720.5,25629.5,2026-01-06 09:35:00,SL,False,,16.0,1.6,-16.0,-1.6,15:30,15:35
8,2026-01-06,2026-01-06 09:38:00,2026-01-06 09:38:15,SHORT,NQ,NQ,25640.25,25669.5,25565.25,25640.25,2026-01-06 09:39:00,BE,True,2026-01-06 09:38:30,29.25,2.92,-0.0,-0.0,15:38,15:39
9,2026-01-06,2026-01-06 09:39:00,2026-01-06 09:39:15,SHORT,NQ,NQ,25633.25,25657.75,25558.25,25633.25,2026-01-06 09:42:30,BE,True,2026-01-06 09:40:30,24.5,2.45,-0.0,-0.0,15:39,15:42
10,2026-01-06,2026-01-06 09:44:00,2026-01-06 09:44:00,LONG,NQ,ES,25646.75,25608.0,25721.75,25721.75,2026-01-06 09:50:15,TP,True,2026-01-06 09:45:00,38.75,3.88,75.0,7.5,15:44,15:50
11,2026-01-07,2026-01-07 09:30:00,2026-01-07 09:30:00,LONG,ES,NQ,6990.0,6987.5,7005.0,6987.5,2026-01-07 09:30:30,SL,False,,2.5,1.25,-2.5,-1.25,15:30,15:30
11,2026-01-07,2026-01-07 09:30:00,2026-01-07 09:30:00,LONG,NQ,NQ,25796.0,25783.25,25871.0,25783.25,2026-01-07 09:30:45,SL,False,,12.75,1.27,-12.75,-1.275,15:30,15:30
12,2026-01-07,2026-01-07 09:31:30,2026-01-07 09:32:15,SHORT,ES,NQ,6985.25,6991.5,6970.25,6991.5,2026-01-07 09:39:45,SL,False,,6.25,3.12,-6.25,-3.125,15:32,15:39
12,2026-01-07,2026-01-07 09:31:30,2026-01-07 09:32:15,SHORT,NQ,NQ,25780.75,25810.75,25705.75,25810.75,2026-01-07 09:33:00,SL,False,,30.0,3.0,-30.0,-3.0,15:32,15:33
13,2026-01-07,2026-01-07 09:37:00,2026-01-07 09:37:15,SHORT,NQ,ES,25805.5,25832.75,25730.5,25832.75,2026-01-07 09:39:45,SL,False,,27.25,2.73,-27.25,-2.725,15:37,15:39
14,2026-01-07,2026-01-07 09:45:45,2026-01-07 09:46:00,LONG,ES,ES,6995.75,6993.0,7010.75,6993.0,2026-01-07 09:50:45,SL,False,,2.75,1.38,-2.75,-1.375,15:46,15:50
15,2026-01-08,2026-01-08 09:36:30,2026-01-08 09:36:45,SHORT,ES,ES,6953.25,6958.75,6938.25,6953.25,2026-01-08 09:41:00,BE,True,2026-01-08 09:40:00,5.5,2.75,-0.0,-0.0,15:36,15:41
15,2026-01-08,2026-01-08 09:36:30,2026-01-08 09:36:45,SHORT,NQ,ES,25705.0,25803.0,25630.0,25705.0,2026-01-08 09:39:15,BE,True,2026-01-08 09:38:15,98.0,9.8,-0.0,-0.0,15:36,15:39
16,2026-01-08,2026-01-08 09:40:15,2026-01-08 09:40:15,SHORT,NQ,ES,25682.75,25803.0,25607.75,25682.75,2026-01-08 09:40:45,BE,True,2026-01-08 09:40:30,120.25,12.03,-0.0,-0.0,15:40,15:40
17,2026-01-08,2026-01-08 09:42:00,2026-01-08 09:42:15,SHORT,ES,ES,6950.75,6953.5,6935.75,6950.75,2026-01-08 09:47:00,BE,True,2026-01-08 09:42:45,2.75,1.38,-0.0,-0.0,15:42,15:47
17,2026-01-08,2026-01-08 09:42:00,2026-01-08 09:42:15,SHORT,NQ,ES,25673.5,25803.0,25598.5,25598.5,2026-01-08 09:45:30,TP,True,2026-01-08 09:45:00,129.5,12.95,75.0,7.5,15:42,15:45
18,2026-01-08,2026-01-08 09:50:45,2026-01-08 09:50:45,SHORT,ES,ES,6949.75,6955.75,6934.75,6955.75,2026-01-08 09:52:45,SL,False,,6.0,3.0,-6.0,-3.0,15:50,15:52
19,2026-01-08,2026-01-08 09:55:15,2026-01-08 09:55:30,SHORT,ES,ES,6953.5,6957.25,6938.5,6953.5,2026-01-08 10:05:15,BE,True,2026-01-08 09:59:45,3.75,1.88,-0.0,-0.0,15:55,16:05
20,2026-01-09,2026-01-09 09:36:30,2026-01-09 09:36:30,LONG,ES,ES,6978.0,6973.25,6993.0,6973.25,2026-01-09 09:48:15,SL,False,,4.75,2.38,-4.75,-2.375,15:36,15:48
20,2026-01-09,2026-01-09 09:36:30,2026-01-09 09:36:30,LONG,NQ,ES,25726.5,25672.25,25801.5,25672.25,2026-01-09 09:49:00,SL,False,,54.25,5.42,-54.25,-5.425,15:36,15:49
21,2026-01-09,2026-01-09 09:49:15,2026-01-09 09:49:30,SHORT,ES,ES,6974.0,6981.5,6959.0,6981.5,2026-01-09 09:54:00,SL,False,,7.5,3.75,-7.5,-3.75,15:49,15:54
22,2026-01-12,2026-01-12 09:45:00,2026-01-12 09:45:15,SHORT,ES,ES,6992.0,6995.5,6977.0,6995.5,2026-01-12 09:50:30,SL,False,,3.5,1.75,-3.5,-1.75,15:45,15:50
22,2026-01-12,2026-01-12 09:45:00,2026-01-12 09:45:15,SHORT,NQ,ES,25852.0,25892.75,25777.0,25852.0,2026-01-12 09:46:30,BE,True,2026-01-12 09:45:30,40.75,4.08,-0.0,-0.0,15:45,15:46
23,2026-01-13,2026-01-13 09:32:00,2026-01-13 09:32:15,SHORT,ES,NQ,7016.5,7022.0,7001.5,7022.0,2026-01-13 09:33:00,SL,False,,5.5,2.75,-5.5,-2.75,15:32,15:33
23,2026-01-13,2026-01-13 09:32:00,2026-01-13 09:32:15,SHORT,NQ,NQ,25946.0,25975.25,25871.0,25975.25,2026-01-13 09:34:15,SL,False,,29.25,2.92,-29.25,-2.925,15:32,15:34
24,2026-01-13,2026-01-13 09:40:00,2026-01-13 09:40:00,LONG,ES,ES,7022.0,7017.75,7037.0,7022.0,2026-01-13 09:40:45,BE,True,2026-01-13 09:40:15,4.25,2.12,0.0,0.0,15:40,15:40
24,2026-01-13,2026-01-13 09:40:00,2026-01-13 09:40:00,LONG,NQ,ES,26016.25,25976.0,26091.25,25976.0,2026-01-13 09:43:15,SL,False,,40.25,4.03,-40.25,-4.025,15:40,15:43
25,2026-01-13,2026-01-13 09:43:00,2026-01-13 09:43:00,SHORT,ES,ES,7021.5,7024.0,7006.5,7006.5,2026-01-13 09:51:45,TP,True,2026-01-13 09:43:15,2.5,1.25,15.0,7.5,15:43,15:51
26,2026-01-14,2026-01-14 09:41:00,2026-01-14 09:41:00,LONG,ES,NQ,6970.75,6966.0,6985.75,6966.0,2026-01-14 09:41:45,SL,False,,4.75,2.38,-4.75,-2.375,15:41,15:41
26,2026-01-14,2026-01-14 09:41:00,2026-01-14 09:41:00,LONG,NQ,NQ,25703.75,25680.25,25778.75,25680.25,2026-01-14 09:41:45,SL,False,,23.5,2.35,-23.5,-2.35,15:41,15:41
27,2026-01-14,2026-01-14 09:47:30,2026-01-14 09:47:45,LONG,ES,NQ,6963.0,6952.5,6978.0,6952.5,2026-01-14 09:58:15,SL,False,,10.5,5.25,-10.5,-5.25,15:47,15:58
27,2026-01-14,2026-01-14 09:47:30,2026-01-14 09:47:45,LONG,NQ,NQ,25657.75,25614.5,25732.75,25614.5,2026-01-14 09:53:30,SL,False,,43.25,4.33,-43.25,-4.325,15:47,15:53
28,2026-01-14,2026-01-14 09:56:00,2026-01-14 09:56:00,SHORT,NQ,ES,25612.5,25790.25,25537.5,25537.5,2026-01-14 10:00:00,TP,False,,177.75,17.77,75.0,7.5,15:56,16:00
29,2026-01-15,2026-01-15 09:30:00,2026-01-15 09:30:15,SHORT,ES,NQ,7003.5,7011.25,6988.5,7003.5,2026-01-15 09:37:00,BE,True,2026-01-15 09:36:45,7.75,3.88,-0.0,-0.0,15:30,15:37
29,2026-01-15,2026-01-15 09:30:00,2026-01-15 09:30:15,SHORT,NQ,NQ,25913.5,25949.0,25838.5,25913.5,2026-01-15 09:44:00,BE,True,2026-01-15 09:35:00,35.5,3.55,-0.0,-0.0,15:30,15:44
30,2026-01-15,2026-01-15 09:37:00,2026-01-15 09:37:15,SHORT,ES,NQ,7001.75,7007.25,6986.75,7007.25,2026-01-15 09:40:00,SL,False,,5.5,2.75,-5.5,-2.75,15:37,15:40
31,2026-01-15,2026-01-15 09:42:00,2026-01-15 09:42:15,SHORT,ES,NQ,6999.5,7007.75,6984.5,7007.75,2026-01-15 09:45:00,SL,False,,8.25,4.12,-8.25,-4.125,15:42,15:45
32,2026-01-15,2026-01-15 09:47:00,2026-01-15 09:47:15,SHORT,NQ,ES,25907.5,25952.75,25832.5,25907.5,2026-01-15 09:54:45,BE,True,2026-01-15 09:50:00,45.25,4.53,-0.0,-0.0,15:47,15:54
33,2026-01-15,2026-01-15 09:57:15,2026-01-15 09:57:30,LONG,NQ,NQ,25885.75,25844.75,25960.75,25844.75,2026-01-15 10:07:30,SL,False,,41.0,4.1,-41.0,-4.1,15:57,16:07
34,2026-01-16,2026-01-16 09:33:00,2026-01-16 09:33:15,SHORT,ES,ES,6996.75,7000.0,6981.75,7000.0,2026-01-16 09:34:15,SL,False,,3.25,1.62,-3.25,-1.625,15:33,15:34
34,2026-01-16,2026-01-16 09:33:00,2026-01-16 09:33:15,SHORT,NQ,ES,25839.25,25876.5,25764.25,25876.5,2026-01-16 09:36:45,SL,False,,37.25,3.73,-37.25,-3.725,15:33,15:36
35,2026-01-16,2026-01-16 09:35:00,2026-01-16 09:35:00,LONG,ES,NQ,6999.25,6995.5,7014.25,6995.5,2026-01-16 09:40:15,SL,False,,3.75,1.88,-3.75,-1.875,15:35,15:40
36,2026-01-16,2026-01-16 09:39:15,2026-01-16 09:39:30,LONG,NQ,ES,25871.75,25852.0,25946.75,25852.0,2026-01-16 09:40:15,SL,False,,19.75,1.98,-19.75,-1.975,15:39,15:40
37,2026-01-16,2026-01-16 09:42:15,2026-01-16 09:42:45,SHORT,ES,ES,6994.5,6999.0,6979.5,6979.5,2026-01-16 09:59:30,TP,True,2026-01-16 09:53:00,4.5,2.25,15.0,7.5,15:42,15:59
