id,day,hit_t,entry_t,side,asset,trigger_asset,entry,stop,tp,exit,exit_t,reason,moved_be,be_t,stop_dist,risk_R,pts,R,dag,t,x
3,2026-01-06,2026-01-06 10:09:15,2026-01-06 10:09:15,SHORT,NQ,ES,25738.5,25766.75,25663.5,25738.5,2026-01-06 10:10:30,BE,True,2026-01-06 10:10:15,28.25,2.83,-0.0,-0.0,2026-01-06,16:09,16:10
5,2026-01-07,2026-01-07 09:31:30,2026-01-07 09:32:15,SHORT,NQ,NQ,25780.75,25810.75,25705.75,25810.75,2026-01-07 09:33:00,SL,False,,30.0,3.0,-30.0,-3.0,2026-01-07,15:32,15:33
6,2026-01-08,2026-01-08 10:20:00,2026-01-08 10:20:30,SHORT,NQ,NQ,25684.25,25699.75,25609.25,25699.75,2026-01-08 10:24:15,SL,False,,15.5,1.55,-15.5,-1.55,2026-01-08,16:20,16:24
8,2026-01-12,2026-01-12 10:17:45,2026-01-12 10:17:45,SHORT,NQ,NQ,25895.0,25911.75,25820.0,25911.75,2026-01-12 10:20:15,SL,False,,16.75,1.68,-16.75,-1.675,2026-01-12,16:17,16:20
9,2026-01-12,2026-01-12 10:27:00,2026-01-12 10:27:15,SHORT,NQ,NQ,25916.25,25932.25,25841.25,25916.25,2026-01-12 10:59:00,BE,True,2026-01-12 10:30:30,16.0,1.6,-0.0,-0.0,2026-01-12,16:27,16:59
10,2026-01-13,2026-01-13 09:32:00,2026-01-13 09:32:15,SHORT,NQ,NQ,25946.0,25975.25,25871.0,25975.25,2026-01-13 09:34:15,SL,False,,29.25,2.92,-29.25,-2.925,2026-01-13,15:32,15:34
12,2026-01-14,2026-01-14 10:27:00,2026-01-14 10:27:00,SHORT,NQ,NQ,25658.5,25669.5,25583.5,25583.5,2026-01-14 10:31:00,TP,True,2026-01-14 10:28:00,11.0,1.1,75.0,7.5,2026-01-14,16:27,16:31
13,2026-01-15,2026-01-15 09:30:00,2026-01-15 09:30:15,SHORT,NQ,NQ,25913.5,25949.0,25838.5,25913.5,2026-01-15 09:44:00,BE,True,2026-01-15 09:35:00,35.5,3.55,-0.0,-0.0,2026-01-15,15:30,15:44
15,2026-01-15,2026-01-15 10:26:15,2026-01-15 10:27:00,SHORT,NQ,NQ,25871.0,25899.5,25796.0,25871.0,2026-01-15 10:30:30,BE,True,2026-01-15 10:28:15,28.5,2.85,-0.0,-0.0,2026-01-15,16:27,16:30
16,2026-01-16,2026-01-16 09:33:00,2026-01-16 09:33:15,SHORT,NQ,ES,25839.25,25876.5,25764.25,25876.5,2026-01-16 09:36:45,SL,False,,37.25,3.73,-37.25,-3.725,2026-01-16,15:33,15:36
17,2026-01-19,2026-01-19 09:31:30,2026-01-19 09:31:30,SHORT,NQ,NQ,25282.0,25297.0,25207.0,25282.0,2026-01-19 09:52:30,BE,True,2026-01-19 09:35:15,15.0,1.5,-0.0,-0.0,2026-01-19,15:31,15:52
18,2026-01-19,2026-01-19 09:53:00,2026-01-19 09:53:15,SHORT,NQ,NQ,25275.25,25284.5,25200.25,25284.5,2026-01-19 09:54:30,SL,False,,9.25,0.93,-9.25,-0.925,2026-01-19,15:53,15:54
19,2026-01-19,2026-01-19 10:13:00,2026-01-19 10:13:15,SHORT,NQ,ES,25318.0,25338.5,25243.0,25318.0,2026-01-19 10:26:30,BE,True,2026-01-19 10:18:30,20.5,2.05,-0.0,-0.0,2026-01-19,16:13,16:26
23,2026-01-21,2026-01-21 10:05:30,2026-01-21 10:05:45,SHORT,NQ,ES,25313.5,25339.25,25238.5,25339.25,2026-01-21 10:15:15,SL,False,,25.75,2.58,-25.75,-2.575,2026-01-21,16:05,16:15
24,2026-01-22,2026-01-22 09:34:00,2026-01-22 09:34:45,SHORT,NQ,NQ,25666.5,25698.0,25591.5,25591.5,2026-01-22 09:48:00,TP,True,2026-01-22 09:43:15,31.5,3.15,75.0,7.5,2026-01-22,15:34,15:48
25,2026-01-23,2026-01-23 09:38:00,2026-01-23 09:38:15,SHORT,NQ,ES,25577.5,25615.25,25502.5,25615.25,2026-01-23 09:41:00,SL,False,,37.75,3.77,-37.75,-3.775,2026-01-23,15:38,15:41
27,2026-01-27,2026-01-27 09:30:00,2026-01-27 09:30:00,SHORT,NQ,ES,25971.75,26001.25,25896.75,26001.25,2026-01-27 09:31:15,SL,False,,29.5,2.95,-29.5,-2.95,2026-01-27,15:30,15:31
28,2026-01-28,2026-01-28 10:00:15,2026-01-28 10:00:15,SHORT,NQ,NQ,26258.25,26277.0,26183.25,26258.25,2026-01-28 10:02:30,BE,True,2026-01-28 10:01:15,18.75,1.88,-0.0,-0.0,2026-01-28,16:00,16:02
29,2026-01-28,2026-01-28 10:05:00,2026-01-28 10:05:00,SHORT,NQ,NQ,26251.0,26262.25,26176.0,26262.25,2026-01-28 10:06:30,SL,False,,11.25,1.12,-11.25,-1.125,2026-01-28,16:05,16:06
31,2026-02-02,2026-02-02 09:57:15,2026-02-02 09:57:30,SHORT,NQ,NQ,25759.25,25780.25,25684.25,25759.25,2026-02-02 10:00:00,BE,True,2026-02-02 09:58:00,21.0,2.1,-0.0,-0.0,2026-02-02,15:57,16:00
32,2026-02-02,2026-02-02 10:21:00,2026-02-02 10:21:15,SHORT,NQ,NQ,25890.5,25912.25,25815.5,25890.5,2026-02-02 10:37:45,BE,True,2026-02-02 10:27:00,21.75,2.17,-0.0,-0.0,2026-02-02,16:21,16:37
33,2026-02-04,2026-02-04 10:17:30,2026-02-04 10:17:30,SHORT,NQ,NQ,25195.25,25231.75,25120.25,25231.75,2026-02-04 10:20:30,SL,False,,36.5,3.65,-36.5,-3.65,2026-02-04,16:17,16:20
34,2026-02-10,2026-02-10 10:00:00,2026-02-10 10:00:15,SHORT,NQ,NQ,25388.5,25406.75,25313.5,25406.75,2026-02-10 10:02:00,SL,False,,18.25,1.82,-18.25,-1.825,2026-02-10,16:00,16:02
35,2026-02-10,2026-02-10 10:29:00,2026-02-10 10:29:00,SHORT,NQ,NQ,25403.25,25416.75,25328.25,25416.75,2026-02-10 10:30:45,SL,False,,13.5,1.35,-13.5,-1.35,2026-02-10,16:29,16:30
39,2026-02-16,2026-02-16 09:34:45,2026-02-16 09:35:00,SHORT,NQ,ES,24755.5,24776.5,24680.5,24755.5,2026-02-16 09:38:30,BE,True,2026-02-16 09:36:30,21.0,2.1,-0.0,-0.0,2026-02-16,15:35,15:38
40,2026-02-16,2026-02-16 09:40:45,2026-02-16 09:40:45,SHORT,NQ,NQ,24736.5,24755.75,24661.5,24736.5,2026-02-16 09:50:00,BE,True,2026-02-16 09:42:15,19.25,1.93,-0.0,-0.0,2026-02-16,15:40,15:50
41,2026-02-16,2026-02-16 10:20:00,2026-02-16 10:20:30,SHORT,NQ,ES,24744.0,24771.0,24669.0,24744.0,2026-02-16 11:10:30,BE,True,2026-02-16 10:21:15,27.0,2.7,-0.0,-0.0,2026-02-16,16:20,17:10
42,2026-02-17,2026-02-17 09:42:00,2026-02-17 09:42:15,SHORT,NQ,NQ,24781.25,24810.0,24706.25,24706.25,2026-02-17 09:44:00,TP,True,2026-02-17 09:43:30,28.75,2.88,75.0,7.5,2026-02-17,15:42,15:44
43,2026-02-18,2026-02-18 10:12:00,2026-02-18 10:12:00,SHORT,NQ,NQ,25009.75,25027.75,24934.75,25027.75,2026-02-18 10:12:45,SL,False,,18.0,1.8,-18.0,-1.8,2026-02-18,16:12,16:12
44,2026-02-18,2026-02-18 10:24:15,2026-02-18 10:24:30,SHORT,NQ,NQ,25048.75,25066.25,24973.75,25048.75,2026-02-18 10:25:30,BE,True,2026-02-18 10:25:15,17.5,1.75,-0.0,-0.0,2026-02-18,16:24,16:25
45,2026-02-19,2026-02-19 09:33:15,2026-02-19 09:33:30,SHORT,NQ,NQ,24838.5,24876.25,24763.5,24763.5,2026-02-19 09:36:15,TP,True,2026-02-19 09:35:30,37.75,3.77,75.0,7.5,2026-02-19,15:33,15:36
48,2026-02-24,2026-02-24 09:54:00,2026-02-24 09:54:00,SHORT,NQ,NQ,24912.5,24934.75,24837.5,24837.5,2026-02-24 10:00:30,TP,True,2026-02-24 09:55:00,22.25,2.23,75.0,7.5,2026-02-24,15:54,16:00
49,2026-02-25,2026-02-25 09:56:00,2026-02-25 09:56:00,SHORT,NQ,NQ,25325.75,25340.75,25250.75,25325.75,2026-02-25 09:57:45,BE,True,2026-02-25 09:57:00,15.0,1.5,-0.0,-0.0,2026-02-25,15:56,15:57
50,2026-02-26,2026-02-26 09:49:00,2026-02-26 09:49:15,SHORT,NQ,ES,25215.25,25245.0,25140.25,25245.0,2026-02-26 09:50:00,SL,False,,29.75,2.98,-29.75,-2.975,2026-02-26,15:49,15:50
51,2026-02-27,2026-02-27 10:22:00,2026-02-27 10:22:00,SHORT,NQ,NQ,24955.25,24973.5,24880.25,24973.5,2026-02-27 10:23:15,SL,False,,18.25,1.82,-18.25,-1.825,2026-02-27,16:22,16:23
53,2026-03-02,2026-03-02 10:15:00,2026-03-02 10:15:15,SHORT,NQ,NQ,24918.5,24942.5,24843.5,24942.5,2026-03-02 10:17:15,SL,False,,24.0,2.4,-24.0,-2.4,2026-03-02,16:15,16:17
54,2026-03-02,2026-03-02 10:20:00,2026-03-02 10:20:15,SHORT,NQ,NQ,24915.0,24946.0,24840.0,24915.0,2026-03-02 10:23:00,BE,True,2026-03-02 10:21:15,31.0,3.1,-0.0,-0.0,2026-03-02,16:20,16:23
55,2026-03-02,2026-03-02 10:27:15,2026-03-02 10:27:15,SHORT,NQ,NQ,24895.5,24920.5,24820.5,24895.5,2026-03-02 10:30:00,BE,True,2026-03-02 10:29:15,25.0,2.5,-0.0,-0.0,2026-03-02,16:27,16:30
60,2026-03-10,2026-03-10 09:52:00,2026-03-10 09:52:00,SHORT,NQ,NQ,25025.25,25045.0,24950.25,24950.25,2026-03-10 09:58:45,TP,True,2026-03-10 09:54:45,19.75,1.98,75.0,7.5,2026-03-10,14:52,14:58
61,2026-03-11,2026-03-11 09:47:00,2026-03-11 09:47:00,SHORT,NQ,NQ,25068.0,25087.25,24993.0,25068.0,2026-03-11 09:47:30,BE,True,2026-03-11 09:47:15,19.25,1.93,-0.0,-0.0,2026-03-11,14:47,14:47
62,2026-03-11,2026-03-11 09:49:15,2026-03-11 09:49:30,SHORT,NQ,NQ,25046.5,25075.25,24971.5,25046.5,2026-03-11 09:53:00,BE,True,2026-03-11 09:50:30,28.75,2.88,-0.0,-0.0,2026-03-11,14:49,14:53
67,2026-03-17,2026-03-17 09:58:15,2026-03-17 09:58:30,SHORT,NQ,NQ,25080.75,25098.0,25005.75,25098.0,2026-03-17 10:00:00,SL,False,,17.25,1.73,-17.25,-1.725,2026-03-17,14:58,15:00
68,2026-03-17,2026-03-17 10:25:00,2026-03-17 10:25:00,SHORT,NQ,NQ,25051.0,25071.25,24976.0,25071.25,2026-03-17 10:28:15,SL,False,,20.25,2.02,-20.25,-2.025,2026-03-17,15:25,15:28
72,2026-03-19,2026-03-19 09:36:00,2026-03-19 09:36:15,SHORT,NQ,NQ,24332.5,24359.0,24257.5,24332.5,2026-03-19 09:36:45,BE,True,2026-03-19 09:36:30,26.5,2.65,-0.0,-0.0,2026-03-19,14:36,14:36
73,2026-03-19,2026-03-19 09:56:30,2026-03-19 09:57:00,SHORT,NQ,ES,24479.0,24517.25,24404.0,24517.25,2026-03-19 10:00:45,SL,False,,38.25,3.83,-38.25,-3.825,2026-03-19,14:57,15:00
86,2026-04-02,2026-04-02 10:05:00,2026-04-02 10:05:00,SHORT,NQ,NQ,23876.25,23891.75,23801.25,23876.25,2026-04-02 10:05:30,BE,True,2026-04-02 10:05:15,15.5,1.55,-0.0,-0.0,2026-04-02,16:05,16:05
88,2026-04-06,2026-04-06 09:55:00,2026-04-06 09:55:15,SHORT,NQ,NQ,24375.5,24403.0,24300.5,24403.0,2026-04-06 09:59:45,SL,False,,27.5,2.75,-27.5,-2.75,2026-04-06,15:55,15:59
89,2026-04-07,2026-04-07 09:41:30,2026-04-07 09:41:30,SHORT,NQ,NQ,24204.25,24232.5,24129.25,24204.25,2026-04-07 09:42:00,BE,True,2026-04-07 09:41:45,28.25,2.83,-0.0,-0.0,2026-04-07,15:41,15:42
94,2026-04-09,2026-04-09 09:48:00,2026-04-09 09:48:00,SHORT,NQ,ES,25069.0,25092.75,24994.0,24994.0,2026-04-09 10:16:00,TP,True,2026-04-09 09:50:30,23.75,2.38,75.0,7.5,2026-04-09,15:48,16:16
99,2026-04-14,2026-04-14 09:58:15,2026-04-14 09:58:30,SHORT,NQ,NQ,25728.0,25740.0,25653.0,25728.0,2026-04-14 10:05:45,BE,True,2026-04-14 10:04:00,12.0,1.2,-0.0,-0.0,2026-04-14,15:58,16:05
102,2026-04-17,2026-04-17 10:20:00,2026-04-17 10:20:15,SHORT,NQ,ES,26734.5,26756.25,26659.5,26756.25,2026-04-17 10:30:30,SL,False,,21.75,2.17,-21.75,-2.175,2026-04-17,16:20,16:30
105,2026-04-20,2026-04-20 09:59:45,2026-04-20 10:00:15,SHORT,NQ,ES,26777.0,26801.75,26702.0,26777.0,2026-04-20 10:02:00,BE,True,2026-04-20 10:01:15,24.75,2.48,-0.0,-0.0,2026-04-20,16:00,16:02
109,2026-04-21,2026-04-21 10:04:00,2026-04-21 10:04:15,SHORT,NQ,ES,26822.25,26839.5,26747.25,26839.5,2026-04-21 10:05:30,SL,False,,17.25,1.73,-17.25,-1.725,2026-04-21,16:04,16:05
110,2026-04-21,2026-04-21 10:19:00,2026-04-21 10:19:00,SHORT,NQ,ES,26854.5,26875.0,26779.5,26854.5,2026-04-21 10:19:30,BE,True,2026-04-21 10:19:15,20.5,2.05,-0.0,-0.0,2026-04-21,16:19,16:19
112,2026-04-23,2026-04-23 09:34:00,2026-04-23 09:34:15,SHORT,NQ,NQ,27002.75,27016.0,26927.75,27016.0,2026-04-23 09:35:00,SL,False,,13.25,1.32,-13.25,-1.325,2026-04-23,15:34,15:35
115,2026-04-27,2026-04-27 10:09:00,2026-04-27 10:09:15,SHORT,NQ,ES,27376.5,27392.0,27301.5,27376.5,2026-04-27 10:12:00,BE,True,2026-04-27 10:10:00,15.5,1.55,-0.0,-0.0,2026-04-27,16:09,16:12
116,2026-04-27,2026-04-27 10:17:15,2026-04-27 10:17:15,SHORT,NQ,NQ,27367.0,27393.25,27292.0,27367.0,2026-04-27 10:35:00,BE,True,2026-04-27 10:30:00,26.25,2.62,-0.0,-0.0,2026-04-27,16:17,16:35
117,2026-04-28,2026-04-28 09:51:00,2026-04-28 09:51:00,SHORT,NQ,ES,27220.5,27236.75,27145.5,27145.5,2026-04-28 09:56:00,TP,True,2026-04-28 09:52:30,16.25,1.62,75.0,7.5,2026-04-28,15:51,15:56
118,2026-04-29,2026-04-29 09:30:00,2026-04-29 09:30:00,SHORT,NQ,NQ,27197.5,27220.0,27122.5,27197.5,2026-04-29 09:42:45,BE,True,2026-04-29 09:35:00,22.5,2.25,-0.0,-0.0,2026-04-29,15:30,15:42
124,2026-05-01,2026-05-01 09:46:00,2026-05-01 09:46:00,SHORT,NQ,NQ,27768.0,27790.75,27693.0,27768.0,2026-05-01 09:48:00,BE,True,2026-05-01 09:47:15,22.75,2.27,-0.0,-0.0,2026-05-01,15:46,15:48
126,2026-05-04,2026-05-04 10:28:00,2026-05-04 10:28:30,SHORT,NQ,ES,27893.25,27908.0,27818.25,27893.25,2026-05-04 10:29:00,BE,True,2026-05-04 10:28:45,14.75,1.48,-0.0,-0.0,2026-05-04,16:28,16:29
127,2026-05-05,2026-05-05 09:53:00,2026-05-05 09:53:45,SHORT,NQ,NQ,28093.5,28110.0,28018.5,28093.5,2026-05-05 09:58:15,BE,True,2026-05-05 09:54:45,16.5,1.65,-0.0,-0.0,2026-05-05,15:53,15:58
128,2026-05-05,2026-05-05 10:11:45,2026-05-05 10:12:00,SHORT,NQ,ES,28085.0,28109.25,28010.0,28085.0,2026-05-05 10:18:00,BE,True,2026-05-05 10:15:00,24.25,2.42,-0.0,-0.0,2026-05-05,16:12,16:18
131,2026-05-12,2026-05-12 10:21:00,2026-05-12 10:21:00,SHORT,NQ,NQ,29199.75,29228.25,29124.75,29124.75,2026-05-12 10:28:00,TP,True,2026-05-12 10:25:00,28.5,2.85,75.0,7.5,2026-05-12,16:21,16:28
135,2026-05-18,2026-05-18 10:22:00,2026-05-18 10:22:15,SHORT,NQ,NQ,29227.25,29254.25,29152.25,29227.25,2026-05-18 10:26:15,BE,True,2026-05-18 10:23:30,27.0,2.7,-0.0,-0.0,2026-05-18,16:22,16:26
138,2026-05-21,2026-05-21 09:49:00,2026-05-21 09:49:00,SHORT,NQ,NQ,29211.25,29250.5,29136.25,29211.25,2026-05-21 09:51:45,BE,True,2026-05-21 09:51:30,39.25,3.92,-0.0,-0.0,2026-05-21,15:49,15:51
139,2026-05-21,2026-05-21 10:07:00,2026-05-21 10:07:00,SHORT,NQ,ES,29287.5,29310.0,29212.5,29287.5,2026-05-21 10:07:45,BE,True,2026-05-21 10:07:15,22.5,2.25,-0.0,-0.0,2026-05-21,16:07,16:07
140,2026-05-21,2026-05-21 10:12:30,2026-05-21 10:12:30,SHORT,NQ,NQ,29294.75,29323.75,29219.75,29294.75,2026-05-21 10:14:45,BE,True,2026-05-21 10:13:15,29.0,2.9,-0.0,-0.0,2026-05-21,16:12,16:14
144,2026-05-25,2026-05-25 09:54:00,2026-05-25 09:54:00,SHORT,NQ,NQ,29984.0,29986.5,29909.0,29986.5,2026-05-25 09:54:45,SL,False,,2.5,0.25,-2.5,-0.25,2026-05-25,15:54,15:54
146,2026-05-25,2026-05-25 10:10:45,2026-05-25 10:11:00,SHORT,NQ,ES,29961.75,29986.0,29886.75,29961.75,2026-05-25 11:10:45,BE,True,2026-05-25 10:15:00,24.25,2.42,-0.0,-0.0,2026-05-25,16:11,17:10
148,2026-05-28,2026-05-28 09:32:00,2026-05-28 09:32:30,SHORT,NQ,NQ,30072.25,30112.0,29997.25,29997.25,2026-05-28 09:35:15,TP,True,2026-05-28 09:33:15,39.75,3.98,75.0,7.5,2026-05-28,15:32,15:35
149,2026-05-29,2026-05-29 10:05:45,2026-05-29 10:05:45,SHORT,NQ,ES,30506.0,30534.75,30431.0,30506.0,2026-05-29 10:06:30,BE,True,2026-05-29 10:06:00,28.75,2.88,-0.0,-0.0,2026-05-29,16:05,16:06
150,2026-05-29,2026-05-29 10:08:00,2026-05-29 10:08:00,SHORT,NQ,NQ,30499.5,30519.75,30424.5,30499.5,2026-05-29 10:12:45,BE,True,2026-05-29 10:10:00,20.25,2.02,-0.0,-0.0,2026-05-29,16:08,16:12
152,2026-06-01,2026-06-01 09:49:00,2026-06-01 09:49:15,SHORT,NQ,NQ,30438.5,30465.5,30363.5,30363.5,2026-06-01 09:55:15,TP,True,2026-06-01 09:51:45,27.0,2.7,75.0,7.5,2026-06-01,15:49,15:55
153,2026-06-02,2026-06-02 10:22:00,2026-06-02 10:22:30,SHORT,NQ,ES,30604.75,30629.0,30529.75,30604.75,2026-06-02 10:34:00,BE,True,2026-06-02 10:22:45,24.25,2.42,-0.0,-0.0,2026-06-02,16:22,16:34
154,2026-06-04,2026-06-04 10:20:15,2026-06-04 10:20:45,SHORT,NQ,ES,30260.0,30285.75,30185.0,30285.75,2026-06-04 10:21:30,SL,False,,25.75,2.58,-25.75,-2.575,2026-06-04,16:20,16:21
156,2026-06-16,2026-06-16 09:45:00,2026-06-16 09:45:00,SHORT,NQ,NQ,30816.0,30850.0,30741.0,30850.0,2026-06-16 09:46:15,SL,False,,34.0,3.4,-34.0,-3.4,2026-06-16,15:45,15:46
157,2026-06-17,2026-06-17 09:38:00,2026-06-17 09:38:00,SHORT,NQ,NQ,30437.0,30474.25,30362.0,30437.0,2026-06-17 09:40:45,BE,True,2026-06-17 09:38:30,37.25,3.73,-0.0,-0.0,2026-06-17,15:38,15:40
158,2026-06-17,2026-06-17 09:56:00,2026-06-17 09:56:00,SHORT,NQ,ES,30438.5,30477.5,30363.5,30363.5,2026-06-17 09:57:30,TP,True,2026-06-17 09:56:15,39.0,3.9,75.0,7.5,2026-06-17,15:56,15:57
160,2026-06-22,2026-06-22 10:12:00,2026-06-22 10:12:15,SHORT,NQ,ES,30922.0,30957.0,30847.0,30847.0,2026-06-22 10:20:15,TP,True,2026-06-22 10:14:00,35.0,3.5,75.0,7.5,2026-06-22,16:12,16:20
164,2026-07-07,2026-07-07 09:50:00,2026-07-07 09:50:30,SHORT,NQ,NQ,29510.0,29550.0,29435.0,29510.0,2026-07-07 09:51:15,BE,True,2026-07-07 09:51:00,40.0,4.0,-0.0,-0.0,2026-07-07,15:50,15:51
167,2026-07-08,2026-07-08 10:07:15,2026-07-08 10:07:45,SHORT,NQ,ES,29310.25,29348.0,29235.25,29235.25,2026-07-08 10:15:45,TP,True,2026-07-08 10:10:30,37.75,3.77,75.0,7.5,2026-07-08,16:07,16:15
168,2026-07-09,2026-07-09 10:03:00,2026-07-09 10:03:00,SHORT,NQ,NQ,29896.25,29913.5,29821.25,29913.5,2026-07-09 10:03:45,SL,False,,17.25,1.73,-17.25,-1.725,2026-07-09,16:03,16:03
169,2026-07-09,2026-07-09 10:05:15,2026-07-09 10:05:30,SHORT,NQ,NQ,29904.25,29922.25,29829.25,29829.25,2026-07-09 10:10:15,TP,True,2026-07-09 10:06:45,18.0,1.8,75.0,7.5,2026-07-09,16:05,16:10
172,2026-07-14,2026-07-14 09:33:00,2026-07-14 09:33:00,SHORT,NQ,NQ,29731.75,29771.5,29656.75,29731.75,2026-07-14 09:35:30,BE,True,2026-07-14 09:35:00,39.75,3.98,-0.0,-0.0,2026-07-14,15:33,15:35
174,2026-07-14,2026-07-14 10:25:15,2026-07-14 10:25:30,SHORT,NQ,NQ,29666.0,29698.75,29591.0,29698.75,2026-07-14 10:26:45,SL,False,,32.75,3.27,-32.75,-3.275,2026-07-14,16:25,16:26
176,2026-07-16,2026-07-16 10:18:15,2026-07-16 10:18:30,SHORT,NQ,NQ,29463.25,29493.5,29388.25,29463.25,2026-07-16 10:19:15,BE,True,2026-07-16 10:19:00,30.25,3.02,-0.0,-0.0,2026-07-16,16:18,16:19
179,2026-07-22,2026-07-22 09:48:00,2026-07-22 09:48:30,SHORT,NQ,ES,29164.5,29204.0,29089.5,29164.5,2026-07-22 09:51:00,BE,True,2026-07-22 09:50:45,39.5,3.95,-0.0,-0.0,2026-07-22,15:48,15:51
180,2026-07-23,2026-07-23 10:27:00,2026-07-23 10:27:00,SHORT,NQ,NQ,28700.5,28737.25,28625.5,28737.25,2026-07-23 10:28:15,SL,False,,36.75,3.67,-36.75,-3.675,2026-07-23,16:27,16:28
181,2026-07-27,2026-07-27 09:30:00,2026-07-27 09:30:00,SHORT,NQ,NQ,28575.25,28609.0,28500.25,28500.25,2026-07-27 09:33:45,TP,False,,33.75,3.38,75.0,7.5,2026-07-27,15:30,15:33
182,2026-07-29,2026-07-29 09:43:00,2026-07-29 09:43:00,SHORT,NQ,NQ,27874.0,27905.0,27799.0,27905.0,2026-07-29 09:44:30,SL,False,,31.0,3.1,-31.0,-3.1,2026-07-29,15:43,15:44
184,2026-08-07,2026-08-07 09:42:00,2026-08-07 09:42:00,SHORT,NQ,NQ,29720.5,29754.5,29645.5,29754.5,2026-08-07 09:43:15,SL,False,,34.0,3.4,-34.0,-3.4,2026-08-07,15:42,15:43
186,2026-08-12,2026-08-12 10:03:30,2026-08-12 10:03:45,SHORT,NQ,NQ,29879.0,29903.25,29804.0,29879.0,2026-08-12 10:05:30,BE,True,2026-08-12 10:04:30,24.25,2.42,-0.0,-0.0,2026-08-12,16:03,16:05
188,2026-08-13,2026-08-13 10:00:00,2026-08-13 10:00:00,SHORT,NQ,NQ,30162.75,30180.75,30087.75,30180.75,2026-08-13 10:00:30,SL,False,,18.0,1.8,-18.0,-1.8,2026-08-13,16:00,16:00
189,2026-08-13,2026-08-13 10:07:00,2026-08-13 10:07:30,SHORT,NQ,ES,30163.25,30183.5,30088.25,30183.5,2026-08-13 10:09:45,SL,False,,20.25,2.02,-20.25,-2.025,2026-08-13,16:07,16:09
191,2026-08-14,2026-08-14 09:55:45,2026-08-14 09:56:00,SHORT,NQ,NQ,30236.5,30254.0,30161.5,30236.5,2026-08-14 10:02:15,BE,True,2026-08-14 09:57:45,17.5,1.75,-0.0,-0.0,2026-08-14,15:56,16:02
192,2026-08-14,2026-08-14 10:09:00,2026-08-14 10:09:15,SHORT,NQ,NQ,30242.75,30262.5,30167.75,30242.75,2026-08-14 10:12:30,BE,True,2026-08-14 10:10:45,19.75,1.98,-0.0,-0.0,2026-08-14,16:09,16:12
194,2026-08-14,2026-08-14 10:15:45,2026-08-14 10:16:00,SHORT,NQ,NQ,30214.25,30241.5,30139.25,30139.25,2026-08-14 10:28:00,TP,True,2026-08-14 10:20:00,27.25,2.73,75.0,7.5,2026-08-14,16:16,16:28
195,2026-08-17,2026-08-17 09:32:00,2026-08-17 09:32:00,SHORT,NQ,NQ,30239.0,30266.0,30164.0,30239.0,2026-08-17 09:33:30,BE,True,2026-08-17 09:32:45,27.0,2.7,-0.0,-0.0,2026-08-17,15:32,15:33
197,2026-08-18,2026-08-18 10:22:30,2026-08-18 10:22:30,SHORT,NQ,NQ,29606.75,29645.5,29531.75,29645.5,2026-08-18 10:24:30,SL,False,,38.75,3.88,-38.75,-3.875,2026-08-18,16:22,16:24
199,2026-08-20,2026-08-20 09:45:00,2026-08-20 09:45:15,SHORT,NQ,NQ,29426.0,29457.0,29351.0,29351.0,2026-08-20 09:49:00,TP,True,2026-08-20 09:47:00,31.0,3.1,75.0,7.5,2026-08-20,15:45,15:49
203,2026-08-25,2026-08-25 09:30:00,2026-08-25 09:30:00,SHORT,NQ,NQ,29292.0,29312.5,29217.0,29312.5,2026-08-25 09:30:15,SL,False,,20.5,2.05,-20.5,-2.05,2026-08-25,15:30,15:30
205,2026-08-25,2026-08-25 09:50:30,2026-08-25 09:50:30,SHORT,NQ,ES,29379.0,29414.75,29304.0,29304.0,2026-08-25 09:56:00,TP,True,2026-08-25 09:54:45,35.75,3.58,75.0,7.5,2026-08-25,15:50,15:56
206,2026-08-26,2026-08-26 10:08:15,2026-08-26 10:08:30,SHORT,NQ,NQ,29292.0,29310.0,29217.0,29217.0,2026-08-26 10:21:45,TP,True,2026-08-26 10:10:15,18.0,1.8,75.0,7.5,2026-08-26,16:08,16:21
207,2026-08-27,2026-08-27 10:22:00,2026-08-27 10:22:15,SHORT,NQ,NQ,29576.0,29595.0,29501.0,29595.0,2026-08-27 10:23:15,SL,False,,19.0,1.9,-19.0,-1.9,2026-08-27,16:22,16:23
209,2026-08-31,2026-08-31 10:00:00,2026-08-31 10:00:00,SHORT,NQ,NQ,29435.75,29449.75,29360.75,29435.75,2026-08-31 10:00:30,BE,True,2026-08-31 10:00:15,14.0,1.4,-0.0,-0.0,2026-08-31,16:00,16:00
210,2026-08-31,2026-08-31 10:01:00,2026-08-31 10:01:45,SHORT,NQ,NQ,29424.75,29447.75,29349.75,29424.75,2026-08-31 10:18:15,BE,True,2026-08-31 10:05:00,23.0,2.3,-0.0,-0.0,2026-08-31,16:01,16:18
211,2026-09-01,2026-09-01 09:30:00,2026-09-01 09:30:00,SHORT,NQ,NQ,29096.0,29122.75,29021.0,29122.75,2026-09-01 09:35:00,SL,False,,26.75,2.67,-26.75,-2.675,2026-09-01,15:30,15:35
212,2026-09-02,2026-09-02 09:36:00,2026-09-02 09:36:30,SHORT,NQ,ES,29059.0,29090.5,28984.0,29059.0,2026-09-02 09:37:45,BE,True,2026-09-02 09:37:00,31.5,3.15,-0.0,-0.0,2026-09-02,15:36,15:37
213,2026-09-02,2026-09-02 09:49:15,2026-09-02 09:49:30,SHORT,NQ,ES,29043.75,29082.5,28968.75,29043.75,2026-09-02 09:51:45,BE,True,2026-09-02 09:51:30,38.75,3.88,-0.0,-0.0,2026-09-02,15:49,15:51
214,2026-09-02,2026-09-02 09:55:00,2026-09-02 09:55:00,SHORT,NQ,ES,29029.75,29063.75,28954.75,29029.75,2026-09-02 09:55:45,BE,True,2026-09-02 09:55:15,34.0,3.4,-0.0,-0.0,2026-09-02,15:55,15:55
217,2026-09-04,2026-09-04 09:41:30,2026-09-04 09:41:45,SHORT,NQ,NQ,29614.25,29641.0,29539.25,29614.25,2026-09-04 09:43:00,BE,True,2026-09-04 09:42:45,26.75,2.67,-0.0,-0.0,2026-09-04,15:41,15:43
219,2026-09-07,2026-09-07 09:41:00,2026-09-07 09:41:00,SHORT,NQ,ES,29608.25,29640.25,29533.25,29608.25,2026-09-07 10:12:00,BE,True,2026-09-07 10:11:00,32.0,3.2,-0.0,-0.0,2026-09-07,15:41,16:12
220,2026-09-07,2026-09-07 10:12:15,2026-09-07 10:12:30,SHORT,NQ,NQ,29611.25,29619.75,29536.25,29611.25,2026-09-07 10:20:45,BE,True,2026-09-07 10:20:00,8.5,0.85,-0.0,-0.0,2026-09-07,16:12,16:20
224,2026-09-10,2026-09-10 10:15:00,2026-09-10 10:15:00,SHORT,NQ,ES,29135.5,29168.5,29060.5,29135.5,2026-09-10 10:18:45,BE,True,2026-09-10 10:16:15,33.0,3.3,-0.0,-0.0,2026-09-10,16:15,16:18
225,2026-09-11,2026-09-11 09:40:00,2026-09-11 09:40:00,SHORT,NQ,NQ,29392.5,29413.75,29317.5,29392.5,2026-09-11 09:40:30,BE,True,2026-09-11 09:40:15,21.25,2.12,-0.0,-0.0,2026-09-11,15:40,15:40
226,2026-09-11,2026-09-11 10:17:30,2026-09-11 10:17:30,SHORT,NQ,ES,29375.75,29406.0,29300.75,29406.0,2026-09-11 10:18:45,SL,False,,30.25,3.02,-30.25,-3.025,2026-09-11,16:17,16:18
