id,day,hit_t,entry_t,side,asset,trigger_asset,entry,stop,tp,exit,exit_t,reason,moved_be,be_t,stop_dist,risk_R,pts,R
7,2025-01-06,2025-01-06 10:11:30,2025-01-06 10:11:30,SHORT,NQ,NQ,21798.0,21835.75,21723.0,21835.75,2025-01-06 10:13:45,SL,False,,37.75,3.77,-37.75,-3.775
9,2025-01-08,2025-01-08 09:36:00,2025-01-08 09:36:00,SHORT,NQ,ES,21350.5,21384.75,21275.5,21350.5,2025-01-08 09:42:15,BE,True,2025-01-08 09:38:30,34.25,3.42,-0.0,-0.0
13,2025-01-13,2025-01-13 09:42:00,2025-01-13 09:42:00,SHORT,NQ,ES,20706.25,20729.5,20631.25,20729.5,2025-01-13 09:43:00,SL,False,,23.25,2.33,-23.25,-2.325
14,2025-01-14,2025-01-14 09:30:00,2025-01-14 09:30:00,SHORT,NQ,NQ,21047.25,21082.25,20972.25,21082.25,2025-01-14 09:35:30,SL,False,,35.0,3.5,-35.0,-3.5
15,2025-01-15,2025-01-15 09:53:15,2025-01-15 09:53:30,SHORT,NQ,NQ,21312.75,21341.75,21237.75,21312.75,2025-01-15 09:56:00,BE,True,2025-01-15 09:55:00,29.0,2.9,-0.0,-0.0
16,2025-01-15,2025-01-15 10:05:00,2025-01-15 10:05:15,SHORT,NQ,NQ,21362.75,21375.0,21287.75,21375.0,2025-01-15 10:08:30,SL,False,,12.25,1.23,-12.25,-1.225
17,2025-01-15,2025-01-15 10:23:00,2025-01-15 10:23:15,SHORT,NQ,NQ,21393.0,21407.0,21318.0,21393.0,2025-01-15 10:26:15,BE,True,2025-01-15 10:25:00,14.0,1.4,-0.0,-0.0
18,2025-01-16,2025-01-16 09:37:00,2025-01-16 09:37:00,SHORT,NQ,NQ,21429.0,21450.5,21354.0,21450.5,2025-01-16 09:39:45,SL,False,,21.5,2.15,-21.5,-2.15
23,2025-01-17,2025-01-17 10:20:00,2025-01-17 10:20:00,SHORT,NQ,NQ,21559.0,21569.25,21484.0,21484.0,2025-01-17 10:27:15,TP,True,2025-01-17 10:20:30,10.25,1.02,75.0,7.5
25,2025-01-20,2025-01-20 09:51:15,2025-01-20 09:51:15,SHORT,NQ,ES,21748.75,21770.0,21673.75,21770.0,2025-01-20 09:52:00,SL,False,,21.25,2.12,-21.25,-2.125
27,2025-01-21,2025-01-21 10:02:00,2025-01-21 10:02:00,SHORT,NQ,ES,21590.75,21624.75,21515.75,21590.75,2025-01-21 10:05:30,BE,True,2025-01-21 10:05:15,34.0,3.4,-0.0,-0.0
28,2025-01-21,2025-01-21 10:07:00,2025-01-21 10:07:00,SHORT,NQ,ES,21594.0,21618.0,21519.0,21618.0,2025-01-21 10:08:00,SL,False,,24.0,2.4,-24.0,-2.4
30,2025-01-22,2025-01-22 09:42:45,2025-01-22 09:43:00,SHORT,NQ,NQ,21944.0,21969.0,21869.0,21969.0,2025-01-22 09:45:30,SL,False,,25.0,2.5,-25.0,-2.5
32,2025-01-23,2025-01-23 09:42:00,2025-01-23 09:42:00,SHORT,NQ,NQ,21894.5,21912.75,21819.5,21912.75,2025-01-23 09:44:00,SL,False,,18.25,1.82,-18.25,-1.825
33,2025-01-23,2025-01-23 09:53:00,2025-01-23 09:53:00,SHORT,NQ,ES,21897.75,21918.0,21822.75,21897.75,2025-01-23 09:59:00,BE,True,2025-01-23 09:55:45,20.25,2.02,-0.0,-0.0
34,2025-01-23,2025-01-23 10:01:00,2025-01-23 10:01:00,SHORT,NQ,NQ,21889.0,21904.5,21814.0,21889.0,2025-01-23 10:05:00,BE,True,2025-01-23 10:02:00,15.5,1.55,-0.0,-0.0
35,2025-01-23,2025-01-23 10:06:00,2025-01-23 10:06:00,SHORT,NQ,NQ,21875.25,21889.25,21800.25,21875.25,2025-01-23 10:06:30,BE,True,2025-01-23 10:06:15,14.0,1.4,-0.0,-0.0
36,2025-01-24,2025-01-24 09:33:00,2025-01-24 09:33:00,SHORT,NQ,ES,22016.0,22044.25,21941.0,22016.0,2025-01-24 09:36:00,BE,True,2025-01-24 09:35:45,28.25,2.83,-0.0,-0.0
37,2025-01-24,2025-01-24 09:44:00,2025-01-24 09:44:30,SHORT,NQ,ES,22027.0,22042.5,21952.0,22042.5,2025-01-24 09:45:00,SL,False,,15.5,1.55,-15.5,-1.55
39,2025-01-24,2025-01-24 10:08:15,2025-01-24 10:08:15,SHORT,NQ,ES,22028.0,22058.75,21953.0,22028.0,2025-01-24 10:12:00,BE,True,2025-01-24 10:11:30,30.75,3.08,-0.0,-0.0
40,2025-01-24,2025-01-24 10:14:00,2025-01-24 10:14:30,SHORT,NQ,ES,22014.5,22029.25,21939.5,22014.5,2025-01-24 10:18:15,BE,True,2025-01-24 10:15:15,14.75,1.48,-0.0,-0.0
42,2025-01-28,2025-01-28 10:11:00,2025-01-28 10:11:00,SHORT,NQ,ES,21329.25,21363.0,21254.25,21363.0,2025-01-28 10:13:15,SL,False,,33.75,3.38,-33.75,-3.375
44,2025-01-29,2025-01-29 10:18:00,2025-01-29 10:18:15,SHORT,NQ,NQ,21511.5,21524.0,21436.5,21524.0,2025-01-29 10:18:45,SL,False,,12.5,1.25,-12.5,-1.25
47,2025-02-03,2025-02-03 09:45:00,2025-02-03 09:45:00,SHORT,NQ,NQ,21250.75,21279.25,21175.75,21175.75,2025-02-03 09:53:45,TP,True,2025-02-03 09:50:30,28.5,2.85,75.0,7.5
48,2025-02-05,2025-02-05 09:32:15,2025-02-05 09:32:30,SHORT,NQ,ES,21521.0,21550.25,21446.0,21550.25,2025-02-05 09:34:15,SL,False,,29.25,2.92,-29.25,-2.925
50,2025-02-06,2025-02-06 10:05:00,2025-02-06 10:05:00,SHORT,NQ,NQ,21777.0,21786.75,21702.0,21786.75,2025-02-06 10:06:00,SL,False,,9.75,0.97,-9.75,-0.975
51,2025-02-10,2025-02-10 09:33:00,2025-02-10 09:33:15,SHORT,NQ,NQ,21753.75,21769.75,21678.75,21769.75,2025-02-10 09:35:45,SL,False,,16.0,1.6,-16.0,-1.6
54,2025-02-12,2025-02-12 09:58:00,2025-02-12 09:58:00,SHORT,NQ,NQ,21671.25,21681.25,21596.25,21681.25,2025-02-12 09:58:30,SL,False,,10.0,1.0,-10.0,-1.0
55,2025-02-12,2025-02-12 10:27:45,2025-02-12 10:27:45,SHORT,NQ,ES,21705.75,21733.0,21630.75,21733.0,2025-02-12 10:37:30,SL,False,,27.25,2.73,-27.25,-2.725
58,2025-02-14,2025-02-14 09:32:00,2025-02-14 09:32:15,SHORT,NQ,ES,22108.25,22138.0,22033.25,22108.25,2025-02-14 09:38:30,BE,True,2025-02-14 09:36:30,29.75,2.98,-0.0,-0.0
60,2025-02-14,2025-02-14 10:02:00,2025-02-14 10:02:00,SHORT,NQ,ES,22104.75,22129.5,22029.75,22129.5,2025-02-14 10:04:45,SL,False,,24.75,2.48,-24.75,-2.475
65,2025-02-18,2025-02-18 09:45:15,2025-02-18 09:45:45,SHORT,NQ,ES,22202.5,22240.0,22127.5,22202.5,2025-02-18 09:52:15,BE,True,2025-02-18 09:50:15,37.5,3.75,-0.0,-0.0
66,2025-02-18,2025-02-18 09:59:30,2025-02-18 09:59:45,SHORT,NQ,NQ,22202.5,22224.75,22127.5,22202.5,2025-02-18 10:13:00,BE,True,2025-02-18 10:00:30,22.25,2.23,-0.0,-0.0
67,2025-02-18,2025-02-18 10:18:45,2025-02-18 10:18:45,SHORT,NQ,ES,22174.5,22207.25,22099.5,22174.5,2025-02-18 10:19:15,BE,True,2025-02-18 10:19:00,32.75,3.27,-0.0,-0.0
70,2025-02-19,2025-02-19 09:49:00,2025-02-19 09:49:15,SHORT,NQ,NQ,22169.0,22188.25,22094.0,22188.25,2025-02-19 09:53:15,SL,False,,19.25,1.93,-19.25,-1.925
75,2025-02-25,2025-02-25 09:43:00,2025-02-25 09:43:00,SHORT,NQ,ES,21327.75,21364.5,21252.75,21327.75,2025-02-25 09:43:30,BE,True,2025-02-25 09:43:15,36.75,3.67,-0.0,-0.0
78,2025-02-26,2025-02-26 10:05:00,2025-02-26 10:05:30,SHORT,NQ,NQ,21299.25,21320.25,21224.25,21299.25,2025-02-26 10:08:00,BE,True,2025-02-26 10:06:45,21.0,2.1,-0.0,-0.0
79,2025-02-26,2025-02-26 10:11:00,2025-02-26 10:11:00,SHORT,NQ,NQ,21296.25,21315.5,21221.25,21315.5,2025-02-26 10:12:00,SL,False,,19.25,1.93,-19.25,-1.925
80,2025-02-26,2025-02-26 10:25:00,2025-02-26 10:25:15,SHORT,NQ,ES,21335.25,21366.25,21260.25,21335.25,2025-02-26 10:26:15,BE,True,2025-02-26 10:25:30,31.0,3.1,-0.0,-0.0
81,2025-02-27,2025-02-27 09:34:00,2025-02-27 09:34:15,SHORT,NQ,NQ,21346.25,21369.25,21271.25,21369.25,2025-02-27 09:35:45,SL,False,,23.0,2.3,-23.0,-2.3
82,2025-02-28,2025-02-28 09:50:30,2025-02-28 09:50:45,SHORT,NQ,NQ,20590.75,20620.75,20515.75,20620.75,2025-02-28 09:51:15,SL,False,,30.0,3.0,-30.0,-3.0
83,2025-03-05,2025-03-05 09:33:15,2025-03-05 09:33:15,SHORT,NQ,NQ,20393.5,20431.0,20318.5,20431.0,2025-03-05 09:35:15,SL,False,,37.5,3.75,-37.5,-3.75
85,2025-03-06,2025-03-06 09:57:00,2025-03-06 09:57:00,SHORT,NQ,NQ,20269.0,20308.0,20194.0,20269.0,2025-03-06 10:00:30,BE,True,2025-03-06 10:00:00,39.0,3.9,-0.0,-0.0
86,2025-03-07,2025-03-07 10:11:00,2025-03-07 10:11:00,SHORT,NQ,NQ,20164.5,20181.5,20089.5,20089.5,2025-03-07 10:15:30,TP,True,2025-03-07 10:12:30,17.0,1.7,75.0,7.5
91,2025-03-14,2025-03-14 09:52:00,2025-03-14 09:52:00,SHORT,NQ,ES,19594.0,19620.75,19519.0,19519.0,2025-03-14 10:00:00,TP,True,2025-03-14 09:57:00,26.75,2.67,75.0,7.5
92,2025-03-17,2025-03-17 10:17:00,2025-03-17 10:17:15,SHORT,NQ,NQ,19785.5,19806.0,19710.5,19806.0,2025-03-17 10:20:45,SL,False,,20.5,2.05,-20.5,-2.05
93,2025-03-18,2025-03-18 09:32:15,2025-03-18 09:32:45,SHORT,NQ,NQ,19872.5,19900.25,19797.5,19797.5,2025-03-18 09:36:15,TP,True,2025-03-18 09:35:00,27.75,2.77,75.0,7.5
95,2025-03-19,2025-03-19 09:35:00,2025-03-19 09:35:15,SHORT,NQ,ES,19778.75,19814.0,19703.75,19778.75,2025-03-19 09:38:15,BE,True,2025-03-19 09:36:00,35.25,3.52,-0.0,-0.0
96,2025-03-19,2025-03-19 10:22:00,2025-03-19 10:22:30,SHORT,NQ,NQ,19870.5,19891.0,19795.5,19870.5,2025-03-19 10:25:45,BE,True,2025-03-19 10:24:15,20.5,2.05,-0.0,-0.0
97,2025-03-19,2025-03-19 10:27:00,2025-03-19 10:27:15,SHORT,NQ,NQ,19855.0,19874.5,19780.0,19855.0,2025-03-19 10:31:15,BE,True,2025-03-19 10:30:00,19.5,1.95,-0.0,-0.0
100,2025-03-21,2025-03-21 10:00:00,2025-03-21 10:00:00,SHORT,NQ,NQ,19709.0,19735.5,19634.0,19709.0,2025-03-21 10:01:30,BE,True,2025-03-21 10:01:15,26.5,2.65,-0.0,-0.0
101,2025-03-21,2025-03-21 10:21:00,2025-03-21 10:21:15,SHORT,NQ,NQ,19707.75,19728.0,19632.75,19728.0,2025-03-21 10:21:45,SL,False,,20.25,2.02,-20.25,-2.025
102,2025-03-24,2025-03-24 10:05:00,2025-03-24 10:05:00,SHORT,NQ,NQ,20314.5,20326.25,20239.5,20314.5,2025-03-24 10:13:00,BE,True,2025-03-24 10:06:45,11.75,1.18,-0.0,-0.0
103,2025-03-24,2025-03-24 10:28:00,2025-03-24 10:28:00,SHORT,NQ,NQ,20334.0,20342.0,20259.0,20342.0,2025-03-24 10:28:30,SL,False,,8.0,0.8,-8.0,-0.8
106,2025-03-26,2025-03-26 09:34:15,2025-03-26 09:34:30,SHORT,NQ,ES,20426.0,20460.5,20351.0,20460.5,2025-03-26 09:36:00,SL,False,,34.5,3.45,-34.5,-3.45
107,2025-03-27,2025-03-27 10:02:00,2025-03-27 10:02:00,SHORT,NQ,ES,20077.75,20102.75,20002.75,20077.75,2025-03-27 10:13:00,BE,True,2025-03-27 10:07:15,25.0,2.5,-0.0,-0.0
109,2025-03-31,2025-03-31 09:44:00,2025-03-31 09:44:00,SHORT,NQ,NQ,19035.0,19063.25,18960.0,19035.0,2025-03-31 09:49:30,BE,True,2025-03-31 09:44:15,28.25,2.83,-0.0,-0.0
110,2025-04-02,2025-04-02 09:58:00,2025-04-02 09:58:00,SHORT,NQ,NQ,19543.5,19559.25,19468.5,19543.5,2025-04-02 10:00:15,BE,True,2025-04-02 10:00:00,15.75,1.57,-0.0,-0.0
111,2025-04-14,2025-04-14 10:12:15,2025-04-14 10:12:30,SHORT,NQ,NQ,19085.75,19113.0,19010.75,19113.0,2025-04-14 10:13:30,SL,False,,27.25,2.73,-27.25,-2.725
113,2025-04-16,2025-04-16 09:44:15,2025-04-16 09:44:45,SHORT,NQ,ES,18636.25,18673.5,18561.25,18561.25,2025-04-16 09:51:30,TP,True,2025-04-16 09:45:00,37.25,3.73,75.0,7.5
114,2025-04-17,2025-04-17 09:37:00,2025-04-17 09:37:00,SHORT,NQ,NQ,18412.25,18433.0,18337.25,18412.25,2025-04-17 09:37:30,BE,True,2025-04-17 09:37:15,20.75,2.08,-0.0,-0.0
115,2025-04-17,2025-04-17 09:57:15,2025-04-17 09:57:15,SHORT,NQ,ES,18444.75,18482.0,18369.75,18444.75,2025-04-17 09:58:15,BE,True,2025-04-17 09:58:00,37.25,3.73,-0.0,-0.0
117,2025-04-21,2025-04-21 09:34:00,2025-04-21 09:34:15,SHORT,NQ,NQ,18140.0,18157.25,18065.0,18157.25,2025-04-21 09:35:15,SL,False,,17.25,1.73,-17.25,-1.725
118,2025-04-21,2025-04-21 09:43:00,2025-04-21 09:43:00,SHORT,NQ,NQ,18091.75,18113.5,18016.75,18091.75,2025-04-21 09:45:15,BE,True,2025-04-21 09:45:00,21.75,2.17,-0.0,-0.0
120,2025-04-22,2025-04-22 09:33:00,2025-04-22 09:33:15,SHORT,NQ,NQ,18138.75,18156.5,18063.75,18138.75,2025-04-22 09:37:45,BE,True,2025-04-22 09:35:00,17.75,1.77,-0.0,-0.0
123,2025-04-25,2025-04-25 09:44:00,2025-04-25 09:44:00,SHORT,NQ,NQ,19296.25,19317.0,19221.25,19317.0,2025-04-25 09:45:15,SL,False,,20.75,2.08,-20.75,-2.075
124,2025-04-28,2025-04-28 09:30:00,2025-04-28 09:30:00,SHORT,NQ,NQ,19537.25,19554.75,19462.25,19554.75,2025-04-28 09:30:45,SL,False,,17.5,1.75,-17.5,-1.75
125,2025-04-28,2025-04-28 09:52:15,2025-04-28 09:52:30,SHORT,NQ,NQ,19568.0,19590.5,19493.0,19493.0,2025-04-28 09:57:15,TP,True,2025-04-28 09:53:15,22.5,2.25,75.0,7.5
126,2025-04-29,2025-04-29 09:38:00,2025-04-29 09:38:15,SHORT,NQ,NQ,19421.5,19444.5,19346.5,19421.5,2025-04-29 09:39:15,BE,True,2025-04-29 09:38:30,23.0,2.3,-0.0,-0.0
127,2025-04-29,2025-04-29 09:52:00,2025-04-29 09:52:15,SHORT,NQ,ES,19498.0,19530.5,19423.0,19498.0,2025-04-29 09:55:30,BE,True,2025-04-29 09:55:15,32.5,3.25,-0.0,-0.0
129,2025-05-01,2025-05-01 09:35:00,2025-05-01 09:35:00,SHORT,NQ,NQ,19933.75,19953.0,19858.75,19953.0,2025-05-01 09:36:45,SL,False,,19.25,1.93,-19.25,-1.925
130,2025-05-01,2025-05-01 10:10:00,2025-05-01 10:10:00,SHORT,NQ,NQ,19898.0,19923.0,19823.0,19898.0,2025-05-01 10:10:30,BE,True,2025-05-01 10:10:15,25.0,2.5,-0.0,-0.0
131,2025-05-01,2025-05-01 10:11:00,2025-05-01 10:11:30,SHORT,NQ,NQ,19892.5,19912.0,19817.5,19912.0,2025-05-01 10:13:30,SL,False,,19.5,1.95,-19.5,-1.95
137,2025-05-06,2025-05-06 09:45:00,2025-05-06 09:45:00,SHORT,NQ,ES,19845.5,19864.0,19770.5,19770.5,2025-05-06 09:51:00,TP,True,2025-05-06 09:46:00,18.5,1.85,75.0,7.5
138,2025-05-07,2025-05-07 09:35:00,2025-05-07 09:35:15,SHORT,NQ,NQ,19881.5,19909.5,19806.5,19909.5,2025-05-07 09:40:30,SL,False,,28.0,2.8,-28.0,-2.8
142,2025-05-12,2025-05-12 09:30:00,2025-05-12 09:30:00,SHORT,NQ,ES,20903.0,20929.25,20828.0,20828.0,2025-05-12 09:31:45,TP,False,,26.25,2.62,75.0,7.5
145,2025-05-14,2025-05-14 09:53:30,2025-05-14 09:53:30,SHORT,NQ,NQ,21300.0,21330.5,21225.0,21300.0,2025-05-14 09:57:00,BE,True,2025-05-14 09:56:00,30.5,3.05,-0.0,-0.0
147,2025-05-15,2025-05-15 09:39:00,2025-05-15 09:39:15,SHORT,NQ,ES,21301.0,21323.5,21226.0,21301.0,2025-05-15 09:41:00,BE,True,2025-05-15 09:40:00,22.5,2.25,-0.0,-0.0
149,2025-05-15,2025-05-15 10:27:00,2025-05-15 10:27:00,SHORT,NQ,NQ,21313.0,21327.75,21238.0,21313.0,2025-05-15 10:27:30,BE,True,2025-05-15 10:27:15,14.75,1.48,-0.0,-0.0
150,2025-05-15,2025-05-15 10:28:15,2025-05-15 10:28:30,SHORT,NQ,NQ,21299.0,21319.25,21224.0,21299.0,2025-05-15 10:42:45,BE,True,2025-05-15 10:30:00,20.25,2.02,-0.0,-0.0
151,2025-05-16,2025-05-16 09:43:30,2025-05-16 09:43:45,SHORT,NQ,NQ,21409.5,21440.0,21334.5,21440.0,2025-05-16 09:49:45,SL,False,,30.5,3.05,-30.5,-3.05
152,2025-05-19,2025-05-19 09:54:00,2025-05-19 09:54:15,SHORT,NQ,NQ,21350.25,21365.25,21275.25,21365.25,2025-05-19 09:55:45,SL,False,,15.0,1.5,-15.0,-1.5
153,2025-05-20,2025-05-20 09:35:30,2025-05-20 09:35:45,SHORT,NQ,ES,21414.5,21434.0,21339.5,21414.5,2025-05-20 09:37:00,BE,True,2025-05-20 09:36:00,19.5,1.95,-0.0,-0.0
154,2025-05-20,2025-05-20 09:48:30,2025-05-20 09:48:45,SHORT,NQ,NQ,21383.0,21415.0,21308.0,21383.0,2025-05-20 09:52:00,BE,True,2025-05-20 09:51:15,32.0,3.2,-0.0,-0.0
156,2025-05-20,2025-05-20 10:11:00,2025-05-20 10:11:15,SHORT,NQ,NQ,21382.75,21413.0,21307.75,21413.0,2025-05-20 10:18:30,SL,False,,30.25,3.02,-30.25,-3.025
159,2025-05-22,2025-05-22 10:05:30,2025-05-22 10:06:00,SHORT,NQ,NQ,21298.75,21320.0,21223.75,21320.0,2025-05-22 10:06:45,SL,False,,21.25,2.12,-21.25,-2.125
161,2025-05-26,2025-05-26 09:48:00,2025-05-26 09:48:00,SHORT,NQ,NQ,21299.5,21302.25,21224.5,21224.5,2025-05-26 11:03:00,TP,True,2025-05-26 09:50:30,2.75,0.28,75.0,7.5
162,2025-05-27,2025-05-27 09:50:00,2025-05-27 09:50:00,SHORT,NQ,ES,21260.0,21277.5,21185.0,21277.5,2025-05-27 09:50:45,SL,False,,17.5,1.75,-17.5,-1.75
163,2025-05-27,2025-05-27 10:15:00,2025-05-27 10:15:15,SHORT,NQ,ES,21351.25,21366.5,21276.25,21366.5,2025-05-27 10:17:45,SL,False,,15.25,1.52,-15.25,-1.525
168,2025-05-29,2025-05-29 09:30:00,2025-05-29 09:30:00,SHORT,NQ,NQ,21657.0,21681.75,21582.0,21582.0,2025-05-29 09:32:15,TP,False,,24.75,2.48,75.0,7.5
170,2025-06-02,2025-06-02 09:45:00,2025-06-02 09:45:00,SHORT,NQ,NQ,21420.75,21456.25,21345.75,21345.75,2025-06-02 09:51:45,TP,True,2025-06-02 09:46:00,35.5,3.55,75.0,7.5
173,2025-06-04,2025-06-04 10:17:00,2025-06-04 10:17:15,SHORT,NQ,ES,21715.0,21733.0,21640.0,21733.0,2025-06-04 10:20:15,SL,False,,18.0,1.8,-18.0,-1.8
176,2025-06-06,2025-06-06 09:55:00,2025-06-06 09:55:00,SHORT,NQ,ES,21831.25,21854.5,21756.25,21831.25,2025-06-06 10:14:30,BE,True,2025-06-06 10:11:15,23.25,2.33,-0.0,-0.0
180,2025-06-10,2025-06-10 09:46:30,2025-06-10 09:46:30,SHORT,NQ,ES,21849.25,21866.0,21774.25,21866.0,2025-06-10 09:49:15,SL,False,,16.75,1.68,-16.75,-1.675
181,2025-06-10,2025-06-10 10:00:15,2025-06-10 10:00:15,SHORT,NQ,ES,21854.0,21893.25,21779.0,21854.0,2025-06-10 10:07:15,BE,True,2025-06-10 10:07:00,39.25,3.92,-0.0,-0.0
184,2025-06-11,2025-06-11 09:45:00,2025-06-11 09:45:15,SHORT,NQ,NQ,21966.5,21983.0,21891.5,21983.0,2025-06-11 09:52:15,SL,False,,16.5,1.65,-16.5,-1.65
185,2025-06-11,2025-06-11 10:21:00,2025-06-11 10:21:00,SHORT,NQ,NQ,22010.5,22020.25,21935.5,22020.25,2025-06-11 10:22:00,SL,False,,9.75,0.97,-9.75,-0.975
186,2025-06-12,2025-06-12 09:35:00,2025-06-12 09:35:15,SHORT,NQ,NQ,21845.25,21868.0,21770.25,21868.0,2025-06-12 09:38:30,SL,False,,22.75,2.27,-22.75,-2.275
187,2025-06-12,2025-06-12 10:03:00,2025-06-12 10:03:15,SHORT,NQ,NQ,21856.25,21871.5,21781.25,21856.25,2025-06-12 10:04:15,BE,True,2025-06-12 10:03:45,15.25,1.52,-0.0,-0.0
188,2025-06-12,2025-06-12 10:25:00,2025-06-12 10:25:00,SHORT,NQ,NQ,21915.25,21923.75,21840.25,21915.25,2025-06-12 10:26:15,BE,True,2025-06-12 10:25:30,8.5,0.85,-0.0,-0.0
190,2025-06-16,2025-06-16 09:43:00,2025-06-16 09:43:00,SHORT,NQ,NQ,22077.5,22087.25,22002.5,22087.25,2025-06-16 09:43:45,SL,False,,9.75,0.97,-9.75,-0.975
191,2025-06-16,2025-06-16 09:47:00,2025-06-16 09:47:00,SHORT,NQ,ES,22084.75,22102.75,22009.75,22084.75,2025-06-16 09:49:15,BE,True,2025-06-16 09:47:30,18.0,1.8,-0.0,-0.0
192,2025-06-16,2025-06-16 10:04:00,2025-06-16 10:04:15,SHORT,NQ,ES,22162.5,22173.25,22087.5,22173.25,2025-06-16 10:05:00,SL,False,,10.75,1.07,-10.75,-1.075
193,2025-06-16,2025-06-16 10:08:30,2025-06-16 10:08:30,SHORT,NQ,NQ,22158.25,22169.75,22083.25,22158.25,2025-06-16 10:09:00,BE,True,2025-06-16 10:08:45,11.5,1.15,-0.0,-0.0
194,2025-06-17,2025-06-17 09:36:15,2025-06-17 09:36:45,SHORT,NQ,ES,22078.0,22090.0,22003.0,22090.0,2025-06-17 09:40:15,SL,False,,12.0,1.2,-12.0,-1.2
196,2025-06-17,2025-06-17 10:04:00,2025-06-17 10:04:15,SHORT,NQ,ES,22078.75,22115.0,22003.75,22115.0,2025-06-17 10:11:00,SL,False,,36.25,3.62,-36.25,-3.625
197,2025-06-18,2025-06-18 09:30:00,2025-06-18 09:30:00,SHORT,NQ,ES,21973.0,21999.75,21898.0,21999.75,2025-06-18 09:48:00,SL,False,,26.75,2.67,-26.75,-2.675
199,2025-06-20,2025-06-20 09:34:00,2025-06-20 09:34:15,SHORT,NQ,NQ,22073.0,22086.25,21998.0,22086.25,2025-06-20 09:34:30,SL,False,,13.25,1.32,-13.25,-1.325
202,2025-06-23,2025-06-23 10:10:00,2025-06-23 10:10:00,SHORT,NQ,NQ,21982.5,21994.5,21907.5,21994.5,2025-06-23 10:18:15,SL,False,,12.0,1.2,-12.0,-1.2
203,2025-06-23,2025-06-23 10:23:00,2025-06-23 10:23:15,SHORT,NQ,ES,21988.0,22009.75,21913.0,21988.0,2025-06-23 10:28:30,BE,True,2025-06-23 10:27:30,21.75,2.17,-0.0,-0.0
204,2025-06-24,2025-06-24 09:33:45,2025-06-24 09:34:00,SHORT,NQ,ES,22281.25,22314.75,22206.25,22314.75,2025-06-24 09:38:00,SL,False,,33.5,3.35,-33.5,-3.35
206,2025-06-25,2025-06-25 09:55:00,2025-06-25 09:55:15,SHORT,NQ,NQ,22508.25,22543.5,22433.25,22508.25,2025-06-25 10:44:00,BE,True,2025-06-25 10:11:00,35.25,3.52,-0.0,-0.0
207,2025-06-26,2025-06-26 09:51:00,2025-06-26 09:51:30,SHORT,NQ,NQ,22481.25,22500.5,22406.25,22500.5,2025-06-26 09:53:30,SL,False,,19.25,1.93,-19.25,-1.925
209,2025-06-27,2025-06-27 09:33:00,2025-06-27 09:33:00,SHORT,NQ,NQ,22700.5,22727.75,22625.5,22727.75,2025-06-27 09:34:00,SL,False,,27.25,2.73,-27.25,-2.725
210,2025-06-30,2025-06-30 09:40:30,2025-06-30 09:40:30,SHORT,NQ,NQ,22831.0,22847.0,22756.0,22831.0,2025-06-30 09:59:15,BE,True,2025-06-30 09:44:00,16.0,1.6,-0.0,-0.0
212,2025-06-30,2025-06-30 10:18:30,2025-06-30 10:18:45,SHORT,NQ,NQ,22829.25,22845.25,22754.25,22829.25,2025-06-30 10:28:45,BE,True,2025-06-30 10:21:00,16.0,1.6,-0.0,-0.0
214,2025-07-01,2025-07-01 10:07:30,2025-07-01 10:07:45,SHORT,NQ,ES,22805.5,22819.5,22730.5,22805.5,2025-07-01 10:12:30,BE,True,2025-07-01 10:10:00,14.0,1.4,-0.0,-0.0
215,2025-07-02,2025-07-02 09:34:00,2025-07-02 09:34:00,SHORT,NQ,NQ,22674.0,22688.25,22599.0,22688.25,2025-07-02 09:36:15,SL,False,,14.25,1.43,-14.25,-1.425
217,2025-07-03,2025-07-03 09:40:00,2025-07-03 09:40:00,SHORT,NQ,ES,22945.5,22974.75,22870.5,22974.75,2025-07-03 09:48:00,SL,False,,29.25,2.92,-29.25,-2.925
219,2025-07-04,2025-07-04 09:47:45,2025-07-04 09:48:00,SHORT,NQ,ES,22925.75,22935.0,22850.75,22925.75,2025-07-04 10:03:30,BE,True,2025-07-04 09:58:45,9.25,0.93,-0.0,-0.0
220,2025-07-04,2025-07-04 10:16:00,2025-07-04 10:16:00,SHORT,NQ,NQ,22914.25,22917.5,22839.25,22917.5,2025-07-04 10:16:30,SL,False,,3.25,0.33,-3.25,-0.325
221,2025-07-04,2025-07-04 10:25:30,2025-07-04 10:25:30,SHORT,NQ,NQ,22919.0,22921.0,22844.0,22921.0,2025-07-04 10:26:30,SL,False,,2.0,0.2,-2.0,-0.2
223,2025-07-07,2025-07-07 09:32:15,2025-07-07 09:32:45,SHORT,NQ,NQ,22952.25,22973.5,22877.25,22952.25,2025-07-07 09:42:15,BE,True,2025-07-07 09:33:30,21.25,2.12,-0.0,-0.0
224,2025-07-07,2025-07-07 09:43:00,2025-07-07 09:43:00,SHORT,NQ,NQ,22943.5,22954.75,22868.5,22954.75,2025-07-07 09:44:00,SL,False,,11.25,1.12,-11.25,-1.125
226,2025-07-08,2025-07-08 09:35:15,2025-07-08 09:35:45,SHORT,NQ,ES,22910.0,22943.5,22835.0,22910.0,2025-07-08 09:37:15,BE,True,2025-07-08 09:36:30,33.5,3.35,-0.0,-0.0
228,2025-07-08,2025-07-08 10:01:00,2025-07-08 10:01:15,SHORT,NQ,NQ,22890.75,22921.25,22815.75,22890.75,2025-07-08 10:03:30,BE,True,2025-07-08 10:03:00,30.5,3.05,-0.0,-0.0
229,2025-07-09,2025-07-09 09:56:00,2025-07-09 09:56:15,SHORT,NQ,NQ,23081.25,23093.75,23006.25,23081.25,2025-07-09 09:59:15,BE,True,2025-07-09 09:58:00,12.5,1.25,-0.0,-0.0
230,2025-07-09,2025-07-09 10:04:00,2025-07-09 10:04:00,SHORT,NQ,NQ,23097.75,23106.75,23022.75,23097.75,2025-07-09 10:06:00,BE,True,2025-07-09 10:05:00,9.0,0.9,-0.0,-0.0
231,2025-07-09,2025-07-09 10:25:00,2025-07-09 10:25:00,SHORT,NQ,ES,23071.25,23076.5,22996.25,23076.5,2025-07-09 10:25:30,SL,False,,5.25,0.53,-5.25,-0.525
232,2025-07-10,2025-07-10 09:32:15,2025-07-10 09:33:00,SHORT,NQ,ES,23041.75,23080.25,22966.75,22966.75,2025-07-10 09:57:00,TP,True,2025-07-10 09:41:00,38.5,3.85,75.0,7.5
234,2025-07-14,2025-07-14 09:35:00,2025-07-14 09:35:00,SHORT,NQ,NQ,22929.0,22950.25,22854.0,22929.0,2025-07-14 09:35:30,BE,True,2025-07-14 09:35:15,21.25,2.12,-0.0,-0.0
235,2025-07-14,2025-07-14 09:39:00,2025-07-14 09:39:00,SHORT,NQ,ES,22926.5,22961.0,22851.5,22851.5,2025-07-14 09:45:00,TP,True,2025-07-14 09:40:45,34.5,3.45,75.0,7.5
236,2025-07-15,2025-07-15 09:33:00,2025-07-15 09:33:00,SHORT,NQ,NQ,23186.0,23206.75,23111.0,23186.0,2025-07-15 10:11:45,BE,True,2025-07-15 09:35:00,20.75,2.08,-0.0,-0.0
238,2025-07-16,2025-07-16 09:38:00,2025-07-16 09:38:15,SHORT,NQ,NQ,23023.0,23048.75,22948.0,23023.0,2025-07-16 09:42:30,BE,True,2025-07-16 09:41:45,25.75,2.58,-0.0,-0.0
240,2025-07-16,2025-07-16 10:26:30,2025-07-16 10:26:45,SHORT,NQ,ES,22987.75,23009.0,22912.75,23009.0,2025-07-16 10:29:30,SL,False,,21.25,2.12,-21.25,-2.125
241,2025-07-17,2025-07-17 09:34:00,2025-07-17 09:34:00,SHORT,NQ,ES,23070.25,23109.0,22995.25,23109.0,2025-07-17 09:41:15,SL,False,,38.75,3.88,-38.75,-3.875
242,2025-07-18,2025-07-18 09:35:00,2025-07-18 09:35:45,SHORT,NQ,ES,23285.25,23310.0,23210.25,23285.25,2025-07-18 09:46:30,BE,True,2025-07-18 09:38:15,24.75,2.48,-0.0,-0.0
244,2025-07-18,2025-07-18 09:55:00,2025-07-18 09:55:15,SHORT,NQ,ES,23260.25,23295.0,23185.25,23260.25,2025-07-18 09:58:15,BE,True,2025-07-18 09:57:00,34.75,3.48,-0.0,-0.0
245,2025-07-18,2025-07-18 10:02:00,2025-07-18 10:02:00,SHORT,NQ,NQ,23264.5,23272.0,23189.5,23189.5,2025-07-18 10:26:15,TP,True,2025-07-18 10:03:30,7.5,0.75,75.0,7.5
248,2025-07-23,2025-07-23 09:40:00,2025-07-23 09:40:30,SHORT,NQ,NQ,23222.25,23235.0,23147.25,23222.25,2025-07-23 09:41:15,BE,True,2025-07-23 09:40:45,12.75,1.27,-0.0,-0.0
250,2025-07-24,2025-07-24 09:39:15,2025-07-24 09:39:30,SHORT,NQ,NQ,23351.5,23374.75,23276.5,23351.5,2025-07-24 09:41:45,BE,True,2025-07-24 09:40:45,23.25,2.33,-0.0,-0.0
252,2025-07-25,2025-07-25 09:30:00,2025-07-25 09:30:00,SHORT,NQ,NQ,23345.5,23364.25,23270.5,23364.25,2025-07-25 09:31:00,SL,False,,18.75,1.88,-18.75,-1.875
257,2025-07-28,2025-07-28 09:56:15,2025-07-28 09:56:30,SHORT,NQ,NQ,23508.0,23520.5,23433.0,23520.5,2025-07-28 09:59:45,SL,False,,12.5,1.25,-12.5,-1.25
260,2025-07-29,2025-07-29 09:47:00,2025-07-29 09:47:00,SHORT,NQ,NQ,23614.25,23620.5,23539.25,23620.5,2025-07-29 09:47:30,SL,False,,6.25,0.62,-6.25,-0.625
262,2025-07-30,2025-07-30 09:31:00,2025-07-30 09:31:15,SHORT,NQ,NQ,23473.0,23491.0,23398.0,23491.0,2025-07-30 09:35:00,SL,False,,18.0,1.8,-18.0,-1.8
263,2025-07-30,2025-07-30 09:47:00,2025-07-30 09:47:15,SHORT,NQ,ES,23508.5,23526.25,23433.5,23508.5,2025-07-30 10:22:30,BE,True,2025-07-30 09:50:15,17.75,1.77,-0.0,-0.0
265,2025-07-31,2025-07-31 10:09:00,2025-07-31 10:09:00,SHORT,NQ,NQ,23689.0,23700.0,23614.0,23614.0,2025-07-31 10:35:15,TP,True,2025-07-31 10:11:45,11.0,1.1,75.0,7.5
269,2025-08-05,2025-08-05 09:51:15,2025-08-05 09:51:15,SHORT,NQ,NQ,23372.5,23393.75,23297.5,23297.5,2025-08-05 10:17:45,TP,True,2025-08-05 10:00:00,21.25,2.12,75.0,7.5
271,2025-08-06,2025-08-06 09:36:00,2025-08-06 09:36:30,SHORT,NQ,ES,23192.0,23228.25,23117.0,23192.0,2025-08-06 09:44:30,BE,True,2025-08-06 09:39:15,36.25,3.62,-0.0,-0.0
272,2025-08-06,2025-08-06 10:11:15,2025-08-06 10:11:45,SHORT,NQ,ES,23261.25,23278.25,23186.25,23186.25,2025-08-06 10:23:15,TP,True,2025-08-06 10:16:00,17.0,1.7,75.0,7.5
276,2025-08-08,2025-08-08 09:50:00,2025-08-08 09:50:00,SHORT,NQ,ES,23621.5,23644.5,23546.5,23644.5,2025-08-08 09:56:00,SL,False,,23.0,2.3,-23.0,-2.3
277,2025-08-11,2025-08-11 09:32:15,2025-08-11 09:32:15,SHORT,NQ,ES,23695.75,23722.5,23620.75,23722.5,2025-08-11 09:42:30,SL,False,,26.75,2.67,-26.75,-2.675
278,2025-08-12,2025-08-12 10:11:45,2025-08-12 10:11:45,SHORT,NQ,NQ,23684.5,23717.25,23609.5,23717.25,2025-08-12 10:14:30,SL,False,,32.75,3.27,-32.75,-3.275
279,2025-08-13,2025-08-13 09:40:00,2025-08-13 09:40:00,SHORT,NQ,ES,24049.25,24063.0,23974.25,24049.25,2025-08-13 09:50:45,BE,True,2025-08-13 09:42:30,13.75,1.38,-0.0,-0.0
280,2025-08-13,2025-08-13 09:59:00,2025-08-13 09:59:15,SHORT,NQ,NQ,24015.5,24031.5,23940.5,23940.5,2025-08-13 10:47:00,TP,True,2025-08-13 10:00:15,16.0,1.6,75.0,7.5
282,2025-08-14,2025-08-14 10:05:15,2025-08-14 10:05:15,SHORT,NQ,NQ,23923.0,23932.5,23848.0,23932.5,2025-08-14 10:07:15,SL,False,,9.5,0.95,-9.5,-0.95
283,2025-08-15,2025-08-15 09:30:00,2025-08-15 09:30:00,SHORT,NQ,ES,23888.0,23921.75,23813.0,23813.0,2025-08-15 09:45:45,TP,True,2025-08-15 09:40:00,33.75,3.38,75.0,7.5
285,2025-08-18,2025-08-18 09:38:00,2025-08-18 09:38:15,SHORT,NQ,NQ,23797.25,23807.25,23722.25,23807.25,2025-08-18 09:39:15,SL,False,,10.0,1.0,-10.0,-1.0
288,2025-08-19,2025-08-19 10:13:00,2025-08-19 10:13:15,SHORT,NQ,NQ,23710.25,23725.75,23635.25,23710.25,2025-08-19 10:14:45,BE,True,2025-08-19 10:14:15,15.5,1.55,-0.0,-0.0
290,2025-08-20,2025-08-20 09:40:00,2025-08-20 09:40:15,SHORT,NQ,NQ,23364.5,23384.75,23289.5,23364.5,2025-08-20 09:42:45,BE,True,2025-08-20 09:40:30,20.25,2.02,-0.0,-0.0
294,2025-08-21,2025-08-21 09:45:00,2025-08-21 09:45:00,SHORT,NQ,NQ,23244.75,23266.5,23169.75,23244.75,2025-08-21 09:48:00,BE,True,2025-08-21 09:45:15,21.75,2.17,-0.0,-0.0
295,2025-08-21,2025-08-21 10:11:00,2025-08-21 10:11:15,SHORT,NQ,NQ,23276.25,23289.0,23201.25,23289.0,2025-08-21 10:12:45,SL,False,,12.75,1.27,-12.75,-1.275
296,2025-08-21,2025-08-21 10:15:00,2025-08-21 10:15:15,SHORT,NQ,NQ,23278.75,23295.0,23203.75,23295.0,2025-08-21 10:16:45,SL,False,,16.25,1.62,-16.25,-1.625
297,2025-08-22,2025-08-22 09:52:00,2025-08-22 09:52:00,SHORT,NQ,NQ,23322.25,23342.25,23247.25,23247.25,2025-08-22 09:58:45,TP,True,2025-08-22 09:55:30,20.0,2.0,75.0,7.5
299,2025-08-25,2025-08-25 09:51:00,2025-08-25 09:51:00,SHORT,NQ,ES,23480.25,23492.5,23405.25,23492.5,2025-08-25 09:52:15,SL,False,,12.25,1.23,-12.25,-1.225
300,2025-08-25,2025-08-25 10:01:30,2025-08-25 10:01:45,SHORT,NQ,NQ,23519.0,23539.0,23444.0,23539.0,2025-08-25 10:04:30,SL,False,,20.0,2.0,-20.0,-2.0
301,2025-08-26,2025-08-26 09:35:15,2025-08-26 09:35:30,SHORT,NQ,NQ,23493.5,23513.0,23418.5,23493.5,2025-08-26 09:40:00,BE,True,2025-08-26 09:38:15,19.5,1.95,-0.0,-0.0
303,2025-08-26,2025-08-26 10:12:15,2025-08-26 10:12:15,SHORT,NQ,NQ,23496.25,23519.25,23421.25,23496.25,2025-08-26 10:13:15,BE,True,2025-08-26 10:12:30,23.0,2.3,-0.0,-0.0
304,2025-08-26,2025-08-26 10:28:00,2025-08-26 10:28:15,SHORT,NQ,NQ,23541.0,23547.25,23466.0,23547.25,2025-08-26 10:31:30,SL,False,,6.25,0.62,-6.25,-0.625
307,2025-08-28,2025-08-28 09:44:00,2025-08-28 09:44:15,SHORT,NQ,ES,23705.5,23727.75,23630.5,23630.5,2025-08-28 09:50:30,TP,True,2025-08-28 09:45:30,22.25,2.23,75.0,7.5
308,2025-08-29,2025-08-29 09:34:30,2025-08-29 09:35:00,SHORT,NQ,NQ,23631.0,23658.75,23556.0,23556.0,2025-08-29 09:46:00,TP,True,2025-08-29 09:40:00,27.75,2.77,75.0,7.5
309,2025-09-01,2025-09-01 09:55:00,2025-09-01 09:55:00,SHORT,NQ,NQ,23489.0,23493.25,23414.0,23489.0,2025-09-01 10:03:15,BE,True,2025-09-01 10:03:00,4.25,0.42,-0.0,-0.0
310,2025-09-01,2025-09-01 10:20:00,2025-09-01 10:20:00,SHORT,NQ,ES,23482.25,23487.75,23407.25,23487.75,2025-09-01 10:30:15,SL,False,,5.5,0.55,-5.5,-0.55
311,2025-09-02,2025-09-02 10:03:45,2025-09-02 10:04:00,SHORT,NQ,NQ,23233.25,23267.5,23158.25,23233.25,2025-09-02 10:04:30,BE,True,2025-09-02 10:04:15,34.25,3.42,-0.0,-0.0
315,2025-09-04,2025-09-04 09:53:15,2025-09-04 09:53:30,SHORT,NQ,ES,23471.75,23503.0,23396.75,23471.75,2025-09-04 09:56:15,BE,True,2025-09-04 09:55:45,31.25,3.12,-0.0,-0.0
316,2025-09-04,2025-09-04 09:56:15,2025-09-04 09:56:15,SHORT,NQ,NQ,23468.0,23484.5,23393.0,23484.5,2025-09-04 09:56:45,SL,False,,16.5,1.65,-16.5,-1.65
319,2025-09-05,2025-09-05 09:38:30,2025-09-05 09:38:45,SHORT,NQ,ES,23826.25,23853.75,23751.25,23853.75,2025-09-05 09:40:30,SL,False,,27.5,2.75,-27.5,-2.75
323,2025-09-08,2025-09-08 10:15:15,2025-09-08 10:16:00,SHORT,NQ,NQ,23833.25,23850.0,23758.25,23833.25,2025-09-08 10:25:30,BE,True,2025-09-08 10:21:30,16.75,1.68,-0.0,-0.0
325,2025-09-09,2025-09-09 09:40:30,2025-09-09 09:41:00,SHORT,NQ,NQ,23827.25,23843.25,23752.25,23827.25,2025-09-09 09:41:30,BE,True,2025-09-09 09:41:15,16.0,1.6,-0.0,-0.0
327,2025-09-10,2025-09-10 09:37:00,2025-09-10 09:37:15,SHORT,NQ,NQ,23948.5,23976.0,23873.5,23948.5,2025-09-10 09:43:45,BE,True,2025-09-10 09:39:15,27.5,2.75,-0.0,-0.0
329,2025-09-11,2025-09-11 09:36:00,2025-09-11 09:36:15,SHORT,NQ,NQ,23963.75,23987.25,23888.75,23963.75,2025-09-11 09:48:15,BE,True,2025-09-11 09:41:15,23.5,2.35,-0.0,-0.0
330,2025-09-11,2025-09-11 09:50:00,2025-09-11 09:50:30,SHORT,NQ,ES,23946.25,23965.5,23871.25,23965.5,2025-09-11 09:51:45,SL,False,,19.25,1.93,-19.25,-1.925
331,2025-09-11,2025-09-11 10:19:00,2025-09-11 10:19:00,SHORT,NQ,ES,23962.5,23977.75,23887.5,23962.5,2025-09-11 10:21:00,BE,True,2025-09-11 10:19:45,15.25,1.52,-0.0,-0.0
333,2025-09-12,2025-09-12 09:52:00,2025-09-12 09:52:15,SHORT,NQ,NQ,24020.0,24034.25,23945.0,24034.25,2025-09-12 09:55:15,SL,False,,14.25,1.43,-14.25,-1.425
337,2025-09-16,2025-09-16 09:35:15,2025-09-16 09:35:30,SHORT,NQ,NQ,24573.0,24593.0,24498.0,24573.0,2025-09-16 09:44:15,BE,True,2025-09-16 09:37:45,20.0,2.0,-0.0,-0.0
339,2025-09-17,2025-09-17 09:55:00,2025-09-17 09:55:45,SHORT,NQ,ES,24498.25,24520.5,24423.25,24423.25,2025-09-17 10:45:30,TP,True,2025-09-17 09:56:45,22.25,2.23,75.0,7.5
341,2025-09-18,2025-09-18 09:39:15,2025-09-18 09:39:15,SHORT,NQ,NQ,24675.0,24705.75,24600.0,24675.0,2025-09-18 09:40:15,BE,True,2025-09-18 09:40:00,30.75,3.08,-0.0,-0.0
342,2025-09-18,2025-09-18 09:55:00,2025-09-18 09:55:15,SHORT,NQ,NQ,24662.25,24683.75,24587.25,24662.25,2025-09-18 09:57:30,BE,True,2025-09-18 09:55:30,21.5,2.15,-0.0,-0.0
343,2025-09-18,2025-09-18 10:23:00,2025-09-18 10:23:15,SHORT,NQ,ES,24756.5,24781.25,24681.5,24781.25,2025-09-18 10:25:30,SL,False,,24.75,2.48,-24.75,-2.475
344,2025-09-19,2025-09-19 09:30:00,2025-09-19 09:30:00,SHORT,NQ,NQ,24765.25,24784.75,24690.25,24765.25,2025-09-19 09:40:30,BE,True,2025-09-19 09:35:00,19.5,1.95,-0.0,-0.0
346,2025-09-19,2025-09-19 10:18:45,2025-09-19 10:19:00,SHORT,NQ,ES,24765.5,24785.25,24690.5,24765.5,2025-09-19 10:20:30,BE,True,2025-09-19 10:20:15,19.75,1.98,-0.0,-0.0
349,2025-09-22,2025-09-22 09:56:30,2025-09-22 09:56:45,SHORT,NQ,ES,24867.25,24880.5,24792.25,24880.5,2025-09-22 10:02:30,SL,False,,13.25,1.32,-13.25,-1.325
351,2025-09-23,2025-09-23 09:36:00,2025-09-23 09:36:30,SHORT,NQ,ES,24978.5,25009.75,24903.5,24903.5,2025-09-23 13:18:45,TP,True,2025-09-23 09:40:30,31.25,3.12,75.0,7.5
354,2025-09-25,2025-09-25 09:30:00,2025-09-25 09:30:00,SHORT,NQ,NQ,24559.25,24582.0,24484.25,24484.25,2025-09-25 09:36:30,TP,True,2025-09-25 09:35:00,22.75,2.27,75.0,7.5
355,2025-09-26,2025-09-26 09:30:00,2025-09-26 09:30:00,SHORT,NQ,ES,24628.0,24662.5,24553.0,24662.5,2025-09-26 09:32:15,SL,False,,34.5,3.45,-34.5,-3.45
356,2025-09-29,2025-09-29 09:39:00,2025-09-29 09:39:00,SHORT,NQ,NQ,24873.75,24888.0,24798.75,24888.0,2025-09-29 09:41:00,SL,False,,14.25,1.43,-14.25,-1.425
360,2025-10-01,2025-10-01 09:46:30,2025-10-01 09:46:30,SHORT,NQ,NQ,24814.25,24835.5,24739.25,24739.25,2025-10-01 09:49:45,TP,True,2025-10-01 09:47:30,21.25,2.12,75.0,7.5
361,2025-10-02,2025-10-02 09:35:00,2025-10-02 09:35:15,SHORT,NQ,NQ,25121.25,25139.5,25046.25,25046.25,2025-10-02 09:41:30,TP,True,2025-10-02 09:36:30,18.25,1.82,75.0,7.5
362,2025-10-03,2025-10-03 09:41:00,2025-10-03 09:41:00,SHORT,NQ,NQ,25150.0,25165.5,25075.0,25150.0,2025-10-03 09:47:15,BE,True,2025-10-03 09:41:15,15.5,1.55,-0.0,-0.0
364,2025-10-06,2025-10-06 09:35:30,2025-10-06 09:35:45,SHORT,NQ,NQ,25168.5,25185.25,25093.5,25185.25,2025-10-06 09:37:15,SL,False,,16.75,1.68,-16.75,-1.675
365,2025-10-06,2025-10-06 09:55:00,2025-10-06 09:55:00,SHORT,NQ,NQ,25138.75,25156.25,25063.75,25156.25,2025-10-06 09:59:00,SL,False,,17.5,1.75,-17.5,-1.75
366,2025-10-07,2025-10-07 09:30:00,2025-10-07 09:30:00,SHORT,NQ,ES,25231.25,25241.5,25156.25,25241.5,2025-10-07 09:32:15,SL,False,,10.25,1.02,-10.25,-1.025
367,2025-10-07,2025-10-07 09:48:00,2025-10-07 09:48:15,SHORT,NQ,NQ,25236.0,25253.0,25161.0,25253.0,2025-10-07 09:55:00,SL,False,,17.0,1.7,-17.0,-1.7
368,2025-10-08,2025-10-08 09:43:00,2025-10-08 09:43:15,SHORT,NQ,ES,25122.5,25153.0,25047.5,25153.0,2025-10-08 09:47:30,SL,False,,30.5,3.05,-30.5,-3.05
369,2025-10-09,2025-10-09 09:34:30,2025-10-09 09:34:45,SHORT,NQ,NQ,25306.75,25325.75,25231.75,25306.75,2025-10-09 09:35:45,BE,True,2025-10-09 09:35:15,19.0,1.9,-0.0,-0.0
377,2025-10-13,2025-10-13 09:30:00,2025-10-13 09:30:00,SHORT,NQ,NQ,24811.5,24835.75,24736.5,24835.75,2025-10-13 09:30:30,SL,False,,24.25,2.42,-24.25,-2.425
378,2025-10-13,2025-10-13 10:14:30,2025-10-13 10:14:45,SHORT,NQ,NQ,24883.25,24913.5,24808.25,24883.25,2025-10-13 10:15:30,BE,True,2025-10-13 10:15:15,30.25,3.02,-0.0,-0.0
379,2025-10-13,2025-10-13 10:18:00,2025-10-13 10:18:30,SHORT,NQ,ES,24883.0,24904.75,24808.0,24808.0,2025-10-13 10:22:15,TP,True,2025-10-13 10:19:15,21.75,2.17,75.0,7.5
380,2025-10-14,2025-10-14 09:31:00,2025-10-14 09:31:00,SHORT,NQ,NQ,24603.75,24641.5,24528.75,24528.75,2025-10-14 09:36:00,TP,True,2025-10-14 09:35:00,37.75,3.77,75.0,7.5
383,2025-10-16,2025-10-16 09:36:00,2025-10-16 09:36:00,SHORT,NQ,NQ,25074.5,25090.25,24999.5,25074.5,2025-10-16 09:42:15,BE,True,2025-10-16 09:40:15,15.75,1.57,-0.0,-0.0
385,2025-10-16,2025-10-16 09:57:45,2025-10-16 09:58:00,SHORT,NQ,ES,25059.5,25096.25,24984.5,25059.5,2025-10-16 10:04:30,BE,True,2025-10-16 10:03:45,36.75,3.67,-0.0,-0.0
387,2025-10-16,2025-10-16 10:28:45,2025-10-16 10:28:45,SHORT,NQ,NQ,25068.0,25100.5,24993.0,25100.5,2025-10-16 10:31:45,SL,False,,32.5,3.25,-32.5,-3.25
388,2025-10-17,2025-10-17 10:26:00,2025-10-17 10:26:15,SHORT,NQ,NQ,24905.0,24928.5,24830.0,24928.5,2025-10-17 10:27:30,SL,False,,23.5,2.35,-23.5,-2.35
389,2025-10-20,2025-10-20 09:40:00,2025-10-20 09:40:00,SHORT,NQ,NQ,25204.75,25220.75,25129.75,25204.75,2025-10-20 09:46:00,BE,True,2025-10-20 09:45:00,16.0,1.6,-0.0,-0.0
390,2025-10-20,2025-10-20 09:49:00,2025-10-20 09:49:00,SHORT,NQ,NQ,25208.0,25215.75,25133.0,25215.75,2025-10-20 09:49:15,SL,False,,7.75,0.78,-7.75,-0.775
391,2025-10-20,2025-10-20 09:56:15,2025-10-20 09:56:45,SHORT,NQ,ES,25218.25,25240.0,25143.25,25218.25,2025-10-20 09:58:15,BE,True,2025-10-20 09:57:00,21.75,2.17,-0.0,-0.0
392,2025-10-20,2025-10-20 10:06:00,2025-10-20 10:06:00,SHORT,NQ,NQ,25234.5,25243.5,25159.5,25243.5,2025-10-20 10:06:30,SL,False,,9.0,0.9,-9.0,-0.9
393,2025-10-21,2025-10-21 09:31:00,2025-10-21 09:31:30,SHORT,NQ,ES,25271.75,25304.5,25196.75,25271.75,2025-10-21 09:40:15,BE,True,2025-10-21 09:40:00,32.75,3.27,-0.0,-0.0
394,2025-10-21,2025-10-21 09:55:00,2025-10-21 09:55:00,SHORT,NQ,ES,25242.25,25270.75,25167.25,25242.25,2025-10-21 10:00:00,BE,True,2025-10-21 09:55:15,28.5,2.85,-0.0,-0.0
395,2025-10-21,2025-10-21 10:01:45,2025-10-21 10:02:00,SHORT,NQ,ES,25218.0,25242.5,25143.0,25242.5,2025-10-21 10:06:00,SL,False,,24.5,2.45,-24.5,-2.45
396,2025-10-21,2025-10-21 10:09:00,2025-10-21 10:09:00,SHORT,NQ,NQ,25235.75,25248.0,25160.75,25235.75,2025-10-21 10:10:30,BE,True,2025-10-21 10:10:15,12.25,1.23,-0.0,-0.0
398,2025-10-22,2025-10-22 09:46:00,2025-10-22 09:46:15,SHORT,NQ,NQ,25242.75,25261.5,25167.75,25261.5,2025-10-22 09:50:45,SL,False,,18.75,1.88,-18.75,-1.875
399,2025-10-22,2025-10-22 09:53:00,2025-10-22 09:53:15,SHORT,NQ,NQ,25270.0,25278.5,25195.0,25278.5,2025-10-22 09:54:00,SL,False,,8.5,0.85,-8.5,-0.85
400,2025-10-23,2025-10-23 09:35:00,2025-10-23 09:35:00,SHORT,NQ,NQ,25029.0,25041.25,24954.0,25041.25,2025-10-23 09:35:45,SL,False,,12.25,1.23,-12.25,-1.225
401,2025-10-23,2025-10-23 09:58:45,2025-10-23 09:59:00,SHORT,NQ,NQ,25151.5,25173.5,25076.5,25173.5,2025-10-23 10:00:00,SL,False,,22.0,2.2,-22.0,-2.2
402,2025-10-24,2025-10-24 09:31:15,2025-10-24 09:31:15,SHORT,NQ,NQ,25445.75,25471.5,25370.75,25471.5,2025-10-24 09:33:00,SL,False,,25.75,2.58,-25.75,-2.575
405,2025-10-28,2025-10-28 09:35:15,2025-10-28 09:35:30,SHORT,NQ,ES,26058.0,26094.75,25983.0,26058.0,2025-10-28 09:36:30,BE,True,2025-10-28 09:35:45,36.75,3.67,-0.0,-0.0
408,2025-10-30,2025-10-30 10:16:00,2025-10-30 10:16:15,SHORT,NQ,NQ,26078.5,26111.5,26003.5,26078.5,2025-10-30 10:18:45,BE,True,2025-10-30 10:17:00,33.0,3.3,-0.0,-0.0
410,2025-10-31,2025-10-31 09:31:00,2025-10-31 09:31:00,SHORT,NQ,NQ,26176.75,26199.5,26101.75,26101.75,2025-10-31 09:44:00,TP,True,2025-10-31 09:39:30,22.75,2.27,75.0,7.5
413,2025-11-04,2025-11-04 10:24:00,2025-11-04 10:24:00,SHORT,NQ,NQ,25861.75,25875.75,25786.75,25875.75,2025-11-04 10:25:00,SL,False,,14.0,1.4,-14.0,-1.4
414,2025-11-04,2025-11-04 10:28:00,2025-11-04 10:28:00,SHORT,NQ,ES,25869.75,25889.25,25794.75,25869.75,2025-11-04 10:30:15,BE,True,2025-11-04 10:30:00,19.5,1.95,-0.0,-0.0
415,2025-11-05,2025-11-05 10:02:00,2025-11-05 10:02:15,SHORT,NQ,ES,25653.5,25690.0,25578.5,25653.5,2025-11-05 10:03:30,BE,True,2025-11-05 10:03:00,36.5,3.65,-0.0,-0.0
416,2025-11-05,2025-11-05 10:20:45,2025-11-05 10:20:45,SHORT,NQ,NQ,25644.5,25673.5,25569.5,25644.5,2025-11-05 10:22:30,BE,True,2025-11-05 10:21:15,29.0,2.9,-0.0,-0.0
417,2025-11-06,2025-11-06 09:40:30,2025-11-06 09:40:30,SHORT,NQ,NQ,25633.25,25664.5,25558.25,25633.25,2025-11-06 09:45:30,BE,True,2025-11-06 09:41:00,31.25,3.12,-0.0,-0.0
419,2025-11-06,2025-11-06 09:50:00,2025-11-06 09:50:15,SHORT,NQ,NQ,25636.5,25670.0,25561.5,25561.5,2025-11-06 09:52:30,TP,True,2025-11-06 09:50:30,33.5,3.35,75.0,7.5
421,2025-11-10,2025-11-10 09:30:00,2025-11-10 09:30:00,SHORT,NQ,NQ,25528.0,25547.25,25453.0,25547.25,2025-11-10 09:30:15,SL,False,,19.25,1.93,-19.25,-1.925
422,2025-11-10,2025-11-10 09:48:00,2025-11-10 09:48:15,SHORT,NQ,ES,25620.5,25647.0,25545.5,25620.5,2025-11-10 09:55:30,BE,True,2025-11-10 09:50:00,26.5,2.65,-0.0,-0.0
423,2025-11-10,2025-11-10 10:00:15,2025-11-10 10:00:15,SHORT,NQ,NQ,25638.75,25657.25,25563.75,25657.25,2025-11-10 10:10:45,SL,False,,18.5,1.85,-18.5,-1.85
424,2025-11-11,2025-11-11 09:38:30,2025-11-11 09:38:45,SHORT,NQ,ES,25619.0,25646.0,25544.0,25619.0,2025-11-11 09:41:00,BE,True,2025-11-11 09:40:15,27.0,2.7,-0.0,-0.0
426,2025-11-11,2025-11-11 09:51:00,2025-11-11 09:51:00,SHORT,NQ,NQ,25576.5,25610.5,25501.5,25610.5,2025-11-11 09:56:15,SL,False,,34.0,3.4,-34.0,-3.4
429,2025-11-13,2025-11-13 10:18:15,2025-11-13 10:18:30,SHORT,NQ,NQ,25453.75,25484.75,25378.75,25378.75,2025-11-13 10:26:30,TP,True,2025-11-13 10:20:00,31.0,3.1,75.0,7.5
430,2025-11-17,2025-11-17 09:57:00,2025-11-17 09:57:00,SHORT,NQ,NQ,25224.0,25242.5,25149.0,25149.0,2025-11-17 10:03:30,TP,True,2025-11-17 09:57:30,18.5,1.85,75.0,7.5
431,2025-11-19,2025-11-19 09:30:00,2025-11-19 09:30:00,SHORT,NQ,NQ,24588.0,24624.25,24513.0,24624.25,2025-11-19 09:30:30,SL,False,,36.25,3.62,-36.25,-3.625
435,2025-11-25,2025-11-25 10:15:00,2025-11-25 10:15:00,SHORT,NQ,NQ,24736.0,24765.0,24661.0,24765.0,2025-11-25 10:16:15,SL,False,,29.0,2.9,-29.0,-2.9
444,2025-11-27,2025-11-27 10:23:00,2025-11-27 10:23:00,SHORT,NQ,NQ,25302.75,25307.25,25227.75,25307.25,2025-11-27 10:24:45,SL,False,,4.5,0.45,-4.5,-0.45
447,2025-11-28,2025-11-28 09:52:00,2025-11-28 09:52:00,SHORT,NQ,NQ,25369.75,25395.0,25294.75,25369.75,2025-11-28 10:06:30,BE,True,2025-11-28 10:05:00,25.25,2.52,-0.0,-0.0
448,2025-11-28,2025-11-28 10:11:15,2025-11-28 10:11:30,SHORT,NQ,NQ,25368.25,25379.0,25293.25,25379.0,2025-11-28 10:13:45,SL,False,,10.75,1.07,-10.75,-1.075
450,2025-11-28,2025-11-28 10:25:15,2025-11-28 10:25:30,SHORT,NQ,ES,25384.75,25402.5,25309.75,25384.75,2025-11-28 10:34:00,BE,True,2025-11-28 10:26:15,17.75,1.77,-0.0,-0.0
451,2025-12-01,2025-12-01 10:10:00,2025-12-01 10:10:00,SHORT,NQ,NQ,25356.25,25377.75,25281.25,25377.75,2025-12-01 10:13:30,SL,False,,21.5,2.15,-21.5,-2.15
452,2025-12-01,2025-12-01 10:15:30,2025-12-01 10:15:45,SHORT,NQ,ES,25342.0,25380.0,25267.0,25342.0,2025-12-01 10:21:45,BE,True,2025-12-01 10:21:30,38.0,3.8,-0.0,-0.0
453,2025-12-01,2025-12-01 10:22:00,2025-12-01 10:22:00,SHORT,NQ,NQ,25340.0,25367.25,25265.0,25340.0,2025-12-01 10:22:30,BE,True,2025-12-01 10:22:15,27.25,2.73,-0.0,-0.0
454,2025-12-02,2025-12-02 09:55:45,2025-12-02 09:55:45,SHORT,NQ,NQ,25576.5,25609.75,25501.5,25609.75,2025-12-02 10:00:30,SL,False,,33.25,3.33,-33.25,-3.325
461,2025-12-10,2025-12-10 09:31:00,2025-12-10 09:31:00,SHORT,NQ,NQ,25635.5,25663.75,25560.5,25635.5,2025-12-10 09:38:00,BE,True,2025-12-10 09:35:00,28.25,2.83,-0.0,-0.0
463,2025-12-10,2025-12-10 10:01:30,2025-12-10 10:01:45,SHORT,NQ,ES,25611.0,25631.5,25536.0,25631.5,2025-12-10 10:03:30,SL,False,,20.5,2.05,-20.5,-2.05
465,2025-12-11,2025-12-11 09:30:00,2025-12-11 09:30:15,SHORT,NQ,NQ,25618.75,25654.0,25543.75,25543.75,2025-12-11 09:46:45,TP,True,2025-12-11 09:42:00,35.25,3.52,75.0,7.5
469,2025-12-15,2025-12-15 09:31:00,2025-12-15 09:31:30,SHORT,NQ,NQ,25640.75,25668.0,25565.75,25565.75,2025-12-15 09:39:00,TP,True,2025-12-15 09:33:00,27.25,2.73,75.0,7.5
470,2025-12-17,2025-12-17 10:17:15,2025-12-17 10:17:45,SHORT,NQ,NQ,25297.25,25324.75,25222.25,25324.75,2025-12-17 10:22:45,SL,False,,27.5,2.75,-27.5,-2.75
473,2025-12-19,2025-12-19 10:07:15,2025-12-19 10:07:15,SHORT,NQ,NQ,25548.5,25561.75,25473.5,25561.75,2025-12-19 10:09:30,SL,False,,13.25,1.32,-13.25,-1.325
474,2025-12-19,2025-12-19 10:17:30,2025-12-19 10:17:30,SHORT,NQ,ES,25536.5,25556.75,25461.5,25536.5,2025-12-19 10:18:45,BE,True,2025-12-19 10:18:30,20.25,2.02,-0.0,-0.0
475,2025-12-22,2025-12-22 09:30:00,2025-12-22 09:30:00,SHORT,NQ,NQ,25760.0,25785.25,25685.0,25785.25,2025-12-22 09:31:45,SL,False,,25.25,2.52,-25.25,-2.525
478,2025-12-24,2025-12-24 09:39:15,2025-12-24 09:39:45,SHORT,NQ,ES,25791.0,25822.25,25716.0,25791.0,2025-12-24 09:49:45,BE,True,2025-12-24 09:49:30,31.25,3.12,-0.0,-0.0
481,2025-12-24,2025-12-24 10:23:30,2025-12-24 10:23:45,SHORT,NQ,ES,25814.75,25834.5,25739.75,25814.75,2025-12-24 10:28:00,BE,True,2025-12-24 10:26:00,19.75,1.98,-0.0,-0.0
482,2025-12-26,2025-12-26 09:31:45,2025-12-26 09:31:45,SHORT,NQ,NQ,25882.25,25910.25,25807.25,25910.25,2025-12-26 09:34:00,SL,False,,28.0,2.8,-28.0,-2.8
485,2025-12-30,2025-12-30 09:40:00,2025-12-30 09:40:00,SHORT,NQ,ES,25691.75,25706.0,25616.75,25706.0,2025-12-30 09:41:15,SL,False,,14.25,1.43,-14.25,-1.425
486,2025-12-31,2025-12-31 09:32:00,2025-12-31 09:32:15,SHORT,NQ,NQ,25676.0,25692.0,25601.0,25601.0,2025-12-31 09:45:15,TP,True,2025-12-31 09:36:15,16.0,1.6,75.0,7.5
